1.713874e-01,2.051744e-01,2.148643e-02,5.024950e-01,2.477957e-03,1.288913e-01,3.322520e-02,4.431979e-01,3.376439e-01,3.923907e-05
7.683534e-01,2.702454e-01,5.196675e-02,1.299692e-01,4.838734e-01,1.113271e-01,6.756156e-02,1.325138e-01,5.761066e-01,5.209393e-01
3.717301e-01,9.207537e-03,1.444525e-02,1.599922e-01,8.646414e-02,9.021913e-05,2.254186e-01,5.711168e-01,2.282476e-04,1.764771e-01
8.590840e-01,3.616358e-01,2.589097e-02,8.991978e-02,1.864978e-05,1.836778e-04,2.709426e-01,4.818611e-01,1.510991e-01,5.522717e-02
3.475927e+00,1.944795e+00,1.748412e+00,1.887939e+00,4.890602e+00,5.747138e-01,1.606471e+00,1.795145e-01,3.179518e+00,3.468135e+00
1.142437e+00,6.031542e-01,1.185502e+00,3.795676e+00,1.033725e-01,1.233515e-02,3.034287e-01,1.016856e-01,2.282635e+00,7.997121e-01
8.276857e-02,1.128094e-06,1.071791e-01,4.954732e-01,1.995575e-07,1.199116e-05,1.570744e-01,6.516638e-01,4.815418e-05,2.171396e-01
3.082061e-01,5.534907e-01,3.990677e-01,1.671381e-02,1.855440e-01,3.288050e-02,4.091554e-01,2.207898e-02,2.409125e-01,2.365346e-01
9.548894e-02,3.595015e-01,2.185598e-01,5.632459e-05,2.852896e-01,6.185558e-02,9.331918e-02,1.266900e-01,1.574314e-03,1.158202e-01
3.786432e-01,3.824818e-01,7.967520e-01,1.592603e-03,3.849293e-01,1.815262e-02,1.716547e-03,2.667478e-01,8.927328e-01,4.352488e-02
3.041923e+00,1.732144e+00,1.481722e+00,8.711269e-02,2.119885e+00,2.725650e+00,1.244259e-01,2.173997e+00,1.579571e+00,1.590074e+00
2.644750e-01,3.836593e-01,3.877427e-03,2.665329e-02,4.094136e-01,8.969197e-04,9.764644e-02,6.150625e-01,2.864385e-01,1.353120e-01
1.220711e-01,1.489110e-01,1.181263e-02,2.155450e-01,8.190290e-04,1.371673e-01,1.457427e-03,8.504101e-01,5.099844e-04,3.591283e-01
2.546438e+00,7.119885e-02,1.042478e-03,8.607480e-06,1.601647e-02,6.269187e-07,5.889053e-05,4.325301e-01,5.251503e-01,1.918867e+00
1.001607e-01,8.591287e-01,1.863302e-01,1.162530e-06,2.885146e-01,3.469343e-01,4.117564e-02,1.659474e-01,1.014872e-01,5.824267e-04
2.152671e-01,2.709762e-01,2.929015e-01,1.056360e+00,5.982851e-06,6.735252e-02,7.006736e-01,2.852011e-02,1.027438e+00,6.810340e-02
1.677708e+00,2.205039e+00,4.398812e-01,1.421986e-01,9.720609e-02,8.993417e-03,3.079669e-01,5.962012e-01,5.776557e-02,2.668000e-01
1.725920e-01,1.017032e+00,1.253763e+00,1.035655e+00,8.567177e-02,1.929165e-01,2.772616e-01,6.587266e-09,6.212815e-04,7.116263e-02
1.155689e-01,3.086590e+01,2.856087e-02,4.272788e-01,4.514296e-03,6.077201e-03,2.695992e-01,1.274930e-01,1.157571e+00,1.584295e-01
6.159647e-05,3.197711e+01,1.435835e-06,3.533617e-06,1.063265e-02,3.267228e-02,5.316565e-04,2.019185e-01,1.077812e-05,2.911630e-05
2.168945e-01,6.340429e+00,2.059629e+00,1.296025e+00,2.341318e+00,9.992743e-01,2.699000e+00,3.869661e-01,5.705706e-01,5.197395e-02
6.290401e-10,1.042490e+01,3.788672e+00,3.336192e+00,5.815454e-01,3.978367e+00,2.987148e+00,1.459644e-02,2.638479e+00,1.829897e-01
1.109568e-01,4.390180e-03,1.202742e-02,3.990180e-01,2.732374e-05,3.094252e-03,5.134644e-01,3.751533e-01,8.723361e-02,1.343622e-01
1.621697e+00,1.038898e+00,1.442306e+00,7.132989e-02,2.294306e+00,1.774352e+00,1.868434e+00,5.116918e-01,8.933978e-01,2.128167e+00
1.161984e+00,3.780661e-04,1.469912e-01,2.387571e-03,2.803422e-03,1.414086e-02,8.875073e-04,2.970894e-01,9.530176e-04,6.499170e-01
3.383906e-01,1.607313e-03,6.779093e-06,5.570130e-01,1.348000e-01,2.289615e-02,9.508819e-02,2.349303e-01,3.345093e-03,1.724088e-01
2.957719e-01,1.103703e+00,9.082632e-01,3.201060e+00,1.323052e-02,7.218437e-02,1.024286e+00,4.979808e-06,9.012175e-02,1.109002e-05
1.717572e-01,1.691328e-07,3.752175e-04,2.504067e-01,1.838040e-01,4.155029e-02,5.144380e-02,8.704390e-01,2.014837e-01,5.974027e-05
2.781950e+00,1.148390e+00,1.182213e+00,1.564674e-02,3.719728e+00,9.092323e-02,1.671469e+00,6.779746e-01,1.433844e+00,2.035230e+00
1.073233e+00,2.235336e-01,1.389422e-01,1.850164e-02,1.033612e-02,8.148330e-04,3.754272e-02,2.202102e-01,1.058855e-01,2.762415e-02
1.911812e-01,3.891176e-01,1.710007e-02,7.172938e-04,2.069103e-01,6.971091e-02,6.991330e-03,4.260144e-01,1.054642e-04,4.917750e-02
1.767265e+00,5.839270e-01,1.367928e-01,1.511340e+00,1.958250e-01,2.939889e+00,3.877871e-01,8.736896e-02,2.076679e-02,3.081987e+00
1.981970e-02,3.419805e-01,7.267369e-03,4.418782e-01,2.737795e-03,3.830077e-01,5.973108e-02,2.472041e-02,1.353373e-02,2.309491e-02
3.275232e+00,5.247957e+00,3.132868e+00,3.036162e+00,5.146600e+00,6.189066e+00,4.163453e+00,6.587018e+00,1.783014e+00,2.738790e-01
1.896577e-01,6.179891e-01,1.309782e-01,2.143113e-01,6.068076e-02,1.307564e-09,1.496619e-01,1.257644e-01,2.578874e-01,2.571281e-02
4.893184e-01,4.924942e-01,1.029934e+00,1.663407e-01,1.959853e-01,1.317377e-01,4.976670e-01,1.114462e-01,1.237918e+00,6.441368e-05
1.632226e-01,3.733245e-01,1.090006e-01,5.536245e-01,5.384253e-02,1.718300e-01,2.825248e-01,5.862239e-01,1.875898e-01,1.378139e-02
1.849354e+00,1.275251e+00,7.353945e-01,9.859791e-02,2.078832e+00,1.853469e+00,1.409298e-01,6.738402e-02,1.073051e+00,1.358268e+00
2.283422e-01,1.100827e-02,4.442492e-06,1.259057e-04,3.131238e-01,6.104786e-02,1.663284e-01,7.082484e-01,4.299513e-02,3.718197e-03
4.072987e-01,6.980007e-02,1.736664e-02,1.531190e-01,3.978902e-01,6.757403e-01,1.322418e-02,5.680524e-03,1.773999e-01,5.772577e-01
1.298998e+00,1.585006e-01,6.077460e-05,2.412133e-05,5.612374e-01,2.578673e-03,1.041202e-03,7.692650e-02,1.069586e-05,7.175781e-01
6.516804e-01,1.153604e+00,6.703615e-02,2.507550e-02,2.009355e+00,1.733611e+00,8.551292e-02,6.210742e-01,4.052297e-01,2.895397e-01
1.235720e+00,1.818832e-01,3.263409e-01,1.464803e-04,3.712798e-04,2.744905e-03,5.232707e-04,7.732153e-01,3.736254e-02,2.623515e-01
2.411683e+00,1.104917e-01,9.817495e-01,6.043662e-01,2.227671e-01,6.718877e-01,6.636502e-02,2.296652e+00,8.908954e-01,1.028107e+00
4.683280e-01,4.358068e-02,6.807773e-02,1.776254e-01,1.467365e-04,2.315512e-01,2.763370e-05,8.430510e-06,2.084685e-05,3.374955e-01
2.743812e+00,1.326747e+00,1.470672e+00,8.862272e-02,4.347241e+00,1.500159e+00,1.572321e+00,5.519186e-02,1.367897e+00,3.166690e+00
4.281329e+00,4.819487e-02,2.713261e-01,8.632765e-01,7.942746e-01,6.108566e-02,1.617903e-03,1.432308e+00,1.356630e+00,2.827678e+00
2.161034e+00,6.082684e-04,2.955297e-06,3.991842e-04,7.019896e-01,5.018520e-04,1.474543e-05,1.487764e+00,4.835326e-05,1.520925e+00
2.559475e+00,3.370274e-02,1.058309e+00,3.445546e-02,1.267786e+00,5.957768e-02,3.489288e-01,4.119901e-01,5.101679e-01,1.970466e+00
3.016935e-01,1.680905e-01,3.498278e-01,2.464546e-01,5.870025e-02,3.725796e-01,2.787382e-02,1.127928e-01,1.078870e-01,1.856784e-01
1.167632e+00,2.442390e+00,2.428097e+00,9.858327e-01,1.534359e+00,2.820098e-01,5.088676e-01,2.186748e-01,1.154738e+00,2.287459e-03
2.615958e+00,5.177300e-03,8.933817e-01,9.201825e-01,3.589300e-01,6.999302e-02,3.648633e-03,2.044499e+00,4.826716e-01,1.558528e+00
1.189085e-01,4.668795e-01,2.986824e-02,3.558082e-04,1.523380e-01,6.047969e-06,1.542298e-01,4.028710e-02,5.413965e-01,1.553547e-01
8.566733e-01,9.709329e-01,9.487591e-01,1.220854e-01,1.516538e+00,6.366981e-01,2.343199e-01,3.337642e-02,3.947879e-02,9.351238e-01
1.536490e-01,1.839483e-01,2.395374e-01,3.639402e-01,4.704862e-01,1.716555e-03,8.099582e-01,7.587995e-01,1.089488e-01,5.853837e-02
1.437520e+00,1.807847e+00,7.217375e-01,4.701135e-01,2.520957e+00,2.138151e+00,2.193069e-01,1.037792e-01,7.596728e-01,1.148604e+00
9.063787e-02,1.109150e-01,5.770684e-04,1.242412e-02,1.678343e-01,3.809559e-01,1.697839e-01,2.190347e-01,9.081681e-02,1.857965e-06
6.039108e-03,2.493786e-01,1.424263e-03,3.657914e-04,2.363140e-03,1.872663e-01,3.924460e-01,1.440182e-07,5.519115e-01,2.390129e-13
2.009494e+00,9.381301e-01,7.278157e-02,1.239819e+00,1.297712e+00,4.112901e-01,1.197298e+00,2.000803e-02,3.099143e-02,2.524682e+00
1.041355e+00,2.171632e+00,2.195261e-01,1.372589e+00,2.520690e+00,2.727251e+00,6.066511e+00,7.470260e-04,8.422441e-02,2.307265e+00
4.033578e+00,1.603912e-01,3.220683e-02,3.627681e-01,6.442237e-01,8.660728e-02,4.371897e+00,2.549970e-02,5.834608e-01,4.721180e+00
5.686405e-01,6.551547e-01,8.550078e-03,3.534146e-01,1.422738e+00,8.415505e-01,2.873651e-01,2.596645e-01,6.790863e-01,2.805975e-01
1.139745e+00,8.825938e-02,3.453842e-02,2.266964e-01,3.912235e-03,2.615015e-04,3.100231e-01,2.262781e-01,4.330535e-01,5.963567e-01
2.717863e+00,1.267025e+00,2.484635e-01,2.933590e-01,3.591268e+00,1.388829e+00,1.701769e+00,8.787835e-02,4.820018e-01,1.665823e+00
3.585785e-01,2.140661e-01,3.129076e-01,4.076104e-06,3.302305e-01,2.758493e-01,1.286050e-01,6.506122e-01,3.140168e-04,1.629951e-04
7.831100e-02,2.596311e-01,1.512564e-01,2.903474e-01,3.000529e-01,3.537368e-02,3.675960e-01,6.195188e-02,4.828112e-02,1.353025e-01
5.430609e-16,1.631539e+00,1.981294e+00,3.337723e-01,4.310074e-03,6.802910e-03,4.878100e-03,3.396428e-04,2.143478e-03,1.592202e-04
1.884283e+01,8.944962e-02,2.801696e+00,7.803696e-01,5.895309e-01,1.171127e+00,5.839057e-02,3.356840e+00,8.772982e-02,3.411058e-02
3.361208e+00,5.434360e+00,5.017261e-01,1.850128e+00,7.544573e+00,5.878581e+00,1.574677e+00,1.098244e+00,2.689762e+00,2.431743e+00
1.009552e+00,4.556252e-02,9.955600e-01,1.384217e+00,1.510884e-04,1.190072e-04,3.805309e-01,1.181050e-03,9.560005e-01,1.135432e+00
3.171557e-01,2.423989e-01,1.216574e-01,5.694785e-01,1.520615e-05,9.373539e-03,7.688975e-01,5.905808e-02,9.612897e-04,1.229136e-01
3.100954e-01,2.555861e-01,5.913138e-01,6.422318e-02,8.901822e-01,4.707418e-02,3.917943e-01,2.215936e-01,1.312146e-03,1.275355e-01
3.364023e-01,1.791031e-01,1.507837e-01,9.218737e-01,2.817518e-01,6.067645e-05,4.193731e-01,2.540035e-01,4.841978e-01,2.018790e-04
3.240901e+00,3.405861e-01,1.060812e-01,1.023799e+00,6.001299e-01,6.302028e-02,1.602722e-02,8.415638e-01,9.724484e-01,2.910237e+00
4.537753e-01,2.640959e-01,4.614355e-01,2.515971e-01,2.742272e-03,9.942985e-03,1.075937e-01,1.278315e-08,6.054274e-03,4.712321e-05
2.116892e+00,5.205441e-01,1.908462e+00,1.705466e+00,6.953955e-01,1.282890e+00,1.183478e+00,4.731801e+00,7.447568e-01,1.308865e+00
3.331850e-01,4.856659e-02,1.763181e-03,9.003703e-01,1.154395e-03,8.124797e-01,3.207912e-02,4.241451e-01,1.172495e-02,5.413624e-01
2.140231e+00,1.085878e+00,1.616842e+00,2.731755e+00,4.788736e-02,1.335186e+00,1.034442e-01,3.140303e+00,3.553830e-01,1.709817e+00
3.192343e+00,2.398856e+00,2.782469e+00,2.979194e+00,3.338459e-01,2.820854e+00,3.661127e-01,5.318948e+00,7.426475e-01,2.273198e+00
2.754738e-01,5.730909e-01,8.861614e-01,2.098948e+00,3.338542e-01,1.249066e+00,6.465778e-01,9.963633e-08,1.854330e+00,6.127870e-06
4.247532e-01,1.008025e+00,1.941994e+00,4.482964e+00,7.617664e-01,6.827005e-01,1.872769e+00,8.950526e-07,2.081204e-03,2.758388e-10
5.972592e-01,3.527482e-01,5.411336e-01,4.443539e-01,2.084011e-04,2.035757e-04,2.956948e-01,7.767182e-01,1.908818e-03,4.178166e-01
3.395948e-01,6.104000e-02,1.514621e-03,3.166083e-01,4.079698e-04,5.872992e-05,3.611559e-01,6.539874e-03,1.755092e-01,4.860513e-01
1.520630e+01,1.940673e-04,7.263353e-01,4.910819e-01,4.465480e-05,1.128255e-03,3.251206e-02,2.600834e-08,2.389019e-05,2.617325e-09
5.754484e+00,7.913071e-06,1.926518e+00,1.856732e+00,8.966535e-01,8.992243e-01,6.634225e-03,2.783643e-01,2.781030e-04,3.025477e-06
1.030194e+01,6.540467e-05,2.997009e+00,5.455062e+00,1.605446e+00,1.932714e+00,4.155677e-02,5.058999e-01,3.802887e-02,2.169453e-05
4.794007e+00,0.000000e+00,5.212768e-16,1.344039e-14,0.000000e+00,0.000000e+00,0.000000e+00,0.000000e+00,0.000000e+00,0.000000e+00
3.101675e+00,1.286705e-03,6.359245e-01,1.787232e-01,1.681657e-01,4.328123e-03,2.625226e-01,2.815538e-05,7.917559e-02,9.143668e-06
2.498571e+00,0.000000e+00,1.109233e-09,1.736006e-08,3.708141e-08,1.100834e-05,2.819928e-11,4.848875e-16,1.583806e-10,0.000000e+00
5.896724e-01,2.548546e-01,8.807664e-03,3.652272e-01,1.213063e-06,2.231647e-01,9.041893e-06,1.194297e-01,1.643306e-04,1.415301e-01
1.575007e+00,8.092123e-07,6.420566e-01,1.124996e-01,2.706725e-01,4.483328e-01,9.200663e-02,7.660289e-03,5.746776e-05,1.081219e-12
8.668588e+00,0.000000e+00,0.000000e+00,0.000000e+00,0.000000e+00,0.000000e+00,0.000000e+00,0.000000e+00,0.000000e+00,0.000000e+00
1.112923e+01,2.150419e-06,1.307040e-03,8.478633e-02,2.248548e-01,7.656878e-01,7.420169e-04,1.666289e-12,4.071225e-07,4.018706e-11
4.211152e+00,2.025020e+00,1.075053e+00,5.324039e-01,5.752789e+00,3.491443e+00,7.037875e-01,2.219874e+00,1.841408e+00,3.107905e+00
1.144932e-01,1.986558e-03,5.359143e-02,5.492934e-03,3.077797e-01,5.354381e-02,1.041354e-01,7.048846e-01,2.957756e-02,4.281469e-06
7.384020e-01,5.351564e-01,2.996644e-01,1.628167e-01,1.208101e+00,3.597539e-01,9.367951e-02,3.449254e-02,3.305208e-01,6.605944e-01
2.671618e+00,7.127034e-01,1.033183e+00,9.657986e-01,1.910828e+00,4.153356e-01,5.983163e-01,5.430544e-01,7.983987e-02,2.540506e+00
2.812279e-01,2.239457e-01,2.532113e-01,1.825660e-01,1.528264e-01,5.188736e-03,4.150564e-01,2.305849e-01,2.536739e-01,6.320943e-06
3.795843e+00,4.640732e-02,8.024405e-01,7.542679e-02,3.176651e-01,1.000352e-01,4.775023e-03,1.186009e+00,1.205319e+00,3.652694e+00
1.080821e-01,7.219923e-02,1.395485e-02,2.197523e-01,1.267723e-01,1.550437e-01,3.009043e-01,3.258749e-01,1.865697e-02,1.750812e-07
2.018042e+00,1.985442e+00,7.059299e-02,7.505847e-01,3.898494e+00,2.880648e+00,2.481681e-01,1.402201e-01,1.357964e+00,1.764191e+00
1.551647e-01,2.060926e-01,2.883856e-01,5.993453e-01,2.419250e-01,5.069845e-01,7.020760e-04,5.980359e-01,1.860856e-04,1.517323e-02
6.471314e-01,2.913280e-04,7.002259e-02,1.126582e+00,3.073934e-03,4.307575e-01,1.317404e-02,4.115544e-02,2.604871e-01,2.586789e-01
1.137194e+01,2.039250e+00,1.875108e+00,4.866306e-01,7.283504e-03,5.066557e-03,3.217813e-01,1.811464e+00,4.080829e-01,2.918058e+00
5.614982e-01,3.141796e-01,8.553246e-01,1.259103e-01,6.035216e-01,1.308114e-01,5.247798e-01,4.058116e-02,4.789423e-01,4.918470e-02
4.034822e-01,1.646812e-03,1.581017e-01,1.296817e-04,1.606592e-01,1.341394e-06,3.429742e-01,3.208285e-01,9.151467e-02,4.743258e-02
1.300750e-01,4.581271e-01,2.553152e-03,2.429096e-01,6.156479e-01,3.933223e-01,2.776384e-01,2.882913e-02,9.255354e-04,1.702510e-01
6.690126e-01,1.521968e-01,1.953019e-01,3.355034e-01,2.724032e-01,1.199487e-01,2.406218e-01,1.000294e+00,9.582122e-04,9.115312e-03
3.759420e-01,2.428615e-04,1.471910e-01,4.569735e-01,3.961676e-01,1.272927e-03,1.214354e-01,1.744133e+00,1.170061e-01,1.118696e-02
1.572152e+00,9.185725e-01,9.169130e-01,7.281597e-01,3.718133e-02,2.392211e-02,3.537722e-02,5.746588e-01,1.006315e+00,2.915906e-01
2.322336e-01,1.493644e-01,4.134835e-02,2.683700e-01,1.689240e-01,1.196422e-01,1.135511e-01,2.905789e-01,1.561482e-01,2.236293e-06
3.471936e-01,7.099909e-01,1.120588e+00,9.923517e-03,7.768589e-01,1.446408e+00,2.980281e-01,4.019741e-02,7.894853e-03,2.488791e-06
3.653417e-01,1.405729e-01,1.497677e-04,4.553665e-01,6.895160e-03,1.852810e-01,4.375013e-03,1.317076e-04,1.922577e-01,8.049981e-02
2.011441e-01,8.924744e-02,2.237730e-05,8.342185e-01,4.530467e-02,4.329256e-03,1.494194e-02,3.051830e-01,3.562083e-01,4.148769e-02
1.252279e-01,1.006474e-01,4.849120e-01,9.740750e-02,1.815898e-01,1.596830e-01,2.711194e-01,3.360085e-01,1.109842e-04,3.888130e-02
0.000000e+00,6.944313e-01,3.386886e-01,1.604379e+00,1.716104e-02,1.316732e-01,8.569853e-02,1.245547e-06,5.050774e-01,9.819737e-03
2.718779e+00,3.621746e-01,4.976246e-01,2.264883e-01,9.721414e-01,4.127549e-03,2.724114e-01,6.827818e-01,5.703881e-02,7.380321e-01
3.950257e-02,2.173852e-01,1.645237e-01,1.444128e-03,1.380339e-03,7.195005e-07,1.105018e-01,5.986715e-01,3.038914e-01,1.771772e-01
9.954551e+00,8.252117e+00,1.543314e+01,2.552387e+00,1.373712e-01,1.426241e+01,5.183729e+00,8.186410e-01,6.006602e+00,3.769344e+00
4.985435e-01,4.057003e-01,7.079724e-01,1.720159e+00,1.660697e-03,1.350545e+00,2.298909e+00,2.347756e-02,4.535074e-02,3.726534e-03
1.827652e-01,1.948522e-01,1.673464e-01,2.089496e-06,4.700179e-01,1.340298e-02,5.385325e-01,6.509900e-01,2.782473e-01,3.161763e-02
5.035180e-02,1.320127e-01,2.018471e-01,1.626870e+00,2.696831e-04,7.363250e-03,6.372410e-02,1.575854e-02,6.671102e-01,4.278461e-02
2.142393e-01,3.354807e-01,3.996991e-01,1.173401e+00,1.911031e-04,3.073747e-03,2.268690e-01,2.337457e-04,5.375360e-01,1.862658e-04
5.371860e+00,6.177743e-01,1.290856e+00,1.087446e+00,3.535335e+00,7.003480e-01,2.794441e-02,2.205314e+00,1.964658e+00,5.561284e+00
7.680658e-01,6.134546e-01,1.101585e-01,4.637263e-02,1.281095e+00,9.141164e-01,1.755382e-01,9.722845e-02,1.295744e+00,4.440868e-01
4.013495e-02,2.117904e-02,1.668987e-01,2.406166e-01,8.248891e-02,2.335015e-01,7.169797e-03,5.420608e-02,2.388150e-01,2.939725e-01
6.418270e-01,1.122843e-06,1.593879e-01,1.777790e-01,3.310005e-08,6.938465e-08,1.341783e-02,3.113082e-01,1.470187e-01,1.373920e-01
1.077635e-01,2.846935e-01,3.670315e-01,2.404095e-03,3.889539e-01,1.369810e-04,1.065166e-01,3.197947e-01,8.628729e-02,1.659143e-03
1.153701e-01,1.004391e-02,1.684517e-02,1.562571e-01,2.975177e-02,1.210130e-02,4.862103e-01,1.260437e+00,1.014037e-01,3.700718e-01
7.739372e+00,1.114714e+00,3.599895e+00,1.654991e+00,3.819450e+00,1.631178e+00,1.835103e-01,2.310527e+00,6.344889e+00,8.459629e+00
1.022053e-01,5.848173e-01,4.882948e-01,1.018484e+00,9.396071e-02,1.771970e-03,3.985570e-01,5.486624e-02,1.337084e+00,1.292417e-02
9.393858e-01,8.140434e-01,4.681966e-01,1.284254e-01,3.128568e-01,2.363292e+00,7.243895e-02,1.951380e-01,1.171314e-01,1.015735e+00
2.571201e+00,4.883618e-01,1.332182e-01,1.647835e+00,1.424849e+00,6.309964e-01,4.647671e+00,1.059191e-04,3.125574e-02,4.150654e+00
1.541021e-01,3.468578e-01,1.737308e-02,7.841527e-02,5.490776e-01,1.474923e-04,2.374180e-01,2.150166e-01,1.126934e-04,8.575723e-02
1.170280e+00,5.177525e-01,6.135306e-01,2.934316e-01,1.565113e+00,4.208736e-01,1.947877e+00,3.352703e-03,5.776915e-01,8.654156e-01
1.518371e+00,3.663502e-01,5.536227e-08,7.573878e-08,3.978004e-03,2.027757e-01,5.668378e-02,1.423438e-02,4.493034e-02,1.027284e+00
1.202719e-01,2.873607e-01,5.095380e-02,2.210134e-01,1.567671e-01,6.544444e-02,1.070101e-01,3.304048e-01,1.579457e-01,7.277708e-04
1.205710e+00,4.831519e-01,1.393766e+00,3.517312e-01,1.499742e+00,8.807972e-01,1.202396e-01,8.225909e-01,6.347369e-01,1.446789e+00
2.715566e-01,1.702111e-02,3.148855e-01,1.143044e-05,1.026677e-06,4.411133e-06,6.581720e-02,6.593775e-02,5.198500e-01,5.165718e-02
4.502247e+00,9.690336e-01,1.484732e+00,1.567259e-01,3.890878e+00,6.906206e-02,4.640357e-01,1.275598e+00,1.915602e+00,3.314946e+00
6.489137e+00,1.232161e+00,6.585391e-01,1.446473e+00,3.674045e+00,1.587980e+00,2.551863e-02,1.698243e+00,2.716744e+00,5.853724e+00
1.597203e+00,3.394910e-01,7.898230e-01,4.693635e-02,2.105244e+00,8.592500e-01,7.719869e-01,5.817090e-01,3.744791e-01,1.098821e+00
2.993345e+00,1.426326e+00,1.565279e+00,4.199280e-01,3.752785e+00,2.929060e+00,3.381303e-02,7.432674e-01,1.737438e+00,2.859059e+00
2.139007e+00,1.365122e-01,2.409903e-01,1.102561e+00,3.318445e+00,7.894908e-02,1.844983e+00,7.689768e-01,1.073713e-01,2.261908e+00
1.307435e-11,2.095586e+00,6.288461e-02,4.090169e+00,7.463523e-03,1.189409e-01,3.688976e-01,4.407839e-04,1.201156e+00,8.931528e-06
5.369179e-01,3.387090e-01,3.367954e-01,2.693756e-01,1.687577e-01,2.178992e-01,7.649613e-03,5.414274e-01,5.931558e-02,2.135060e-01
3.408659e-01,1.318160e+00,1.111602e+00,6.660729e-02,1.502416e-01,8.678427e-01,4.245443e-01,1.364802e-02,6.781317e-02,3.616467e-01
2.838870e+00,8.522891e-01,1.745200e-03,1.586233e-06,5.901073e-03,6.246229e-04,4.120585e-01,8.334618e-01,3.159385e-03,1.455978e+00
5.854220e-01,7.650534e-01,1.758224e-01,7.097072e-01,1.785491e-05,1.216516e-04,1.264344e-01,1.200224e+00,9.621590e-02,1.115170e-03
2.159911e-01,9.165541e-02,1.706620e-01,7.656894e-01,3.869547e-02,1.583164e-01,4.431435e-01,1.445523e-01,5.032812e-02,5.872710e-03
4.182801e-01,1.286013e+00,4.478991e-01,2.165700e+00,7.842720e-01,6.554250e-01,1.013219e+00,1.875499e-01,1.671491e-02,1.095413e-01
1.324923e+00,1.400637e+00,3.491973e-01,2.753990e-01,3.504455e-01,2.763711e+00,2.280658e+00,6.599985e-03,8.625539e-02,2.029506e+00
2.092203e-01,8.184186e-02,4.033481e-02,2.071758e-02,3.282774e-01,5.030093e-02,3.716057e-01,2.727489e-01,5.701032e-02,9.360586e-02
1.572180e-01,2.373770e-01,2.282037e-02,2.224075e-01,2.020874e-01,1.446463e-03,7.837320e-03,1.178142e-01,4.347968e-01,2.258694e-02
9.296693e-02,1.776692e-01,3.599883e-01,7.184514e-01,4.839254e-02,1.291315e-01,3.712910e-02,1.565515e-07,8.921877e-02,2.186465e-01
7.228241e-01,8.699399e-02,3.030356e-01,5.405243e-03,1.007193e-03,4.627724e-03,3.453466e-01,1.724841e-01,1.421732e-01,2.478128e-02
2.679057e-01,7.071999e-01,2.197026e-02,5.933311e-04,3.534514e-01,7.477667e-03,4.191041e-01,3.550165e-01,3.513619e-01,7.607980e-07
1.666807e+00,2.590530e+00,3.891882e-01,1.028759e+00,4.121084e+00,4.446703e+00,2.435046e-01,3.298009e-01,1.449025e+00,1.482476e+00
3.930953e-02,5.626480e-01,2.903285e-01,1.403993e-01,3.368015e-01,4.189076e-02,1.957549e-01,2.605691e-01,1.339230e-01,4.493514e-05
5.384604e-11,9.066012e-01,1.072431e-01,3.157693e-01,1.168685e-01,3.919123e-02,2.472393e-01,3.503040e-07,1.512411e-02,8.920830e-02
1.518959e+00,2.867963e-01,3.346513e-02,7.403999e-01,1.767710e-02,1.034554e-01,5.642164e-03,1.255118e+00,3.202497e-01,1.371665e-01
5.793392e-01,1.019355e-01,2.488847e-03,2.283400e-01,6.273727e-04,5.209758e-05,1.441949e-02,4.591801e-01,1.312637e-02,2.830465e-01
2.403765e+00,1.658731e+00,3.940889e-01,1.604567e-01,2.468676e+00,1.737044e+00,2.565034e-01,9.123244e-01,2.093360e-01,1.370800e+00
1.760124e+00,9.954652e-01,1.448328e+00,6.598703e-02,1.029451e+00,1.152766e+00,5.175822e-01,7.027305e-01,1.074710e+00,1.452315e+00
7.239248e-01,5.065484e-01,5.907828e-01,6.641944e-02,8.881159e-02,5.713286e-02,1.421839e-01,4.319379e-08,1.961770e-01,5.788964e-03
1.656749e-01,5.003373e-02,3.312413e-02,3.217608e-01,2.415597e-01,4.896634e-01,3.987730e-03,2.629510e-01,2.550305e-01,6.401628e-03
6.032318e-10,7.861587e-04,1.228105e-03,1.090446e+00,3.626355e-06,4.486686e-05,1.828393e-02,6.591700e-13,1.128949e+00,1.298275e-11
5.882303e+00,1.947667e+00,1.793458e+01,7.541708e+00,1.869970e+00,1.334666e+00,8.333703e+00,1.998643e-02,1.174094e+00,2.241020e+00
2.771354e-01,4.299568e-02,1.900737e-06,5.577644e-01,1.840905e-01,2.958909e-01,9.883199e-04,3.718862e-03,1.367408e-03,3.796484e-01
2.972792e-01,2.222949e-01,3.608959e-01,2.249288e-02,3.457454e-01,2.512365e-01,9.879875e-02,1.449985e-01,1.120378e-02,1.033808e-02
9.878050e-02,2.993614e-01,7.609017e-04,5.879792e-01,3.843858e-03,8.437857e-03,2.969791e-01,5.905514e-01,9.548032e-05,5.692150e-02
1.343028e+00,2.458478e+00,4.830486e-01,2.277862e+00,1.518142e+00,3.886161e+00,1.365456e-01,8.776576e-01,3.978946e-01,1.162919e+00
6.624206e-03,5.096687e-01,1.064788e+00,2.206234e-03,5.293673e-03,1.613536e+00,1.821226e-01,1.862815e-01,2.968495e-01,6.187608e-06
4.942078e+00,1.176252e+00,6.322617e+00,2.312808e+00,9.090594e-03,5.635691e-02,3.763003e+00,3.089431e+00,8.640948e+00,8.595484e+00
2.962413e+00,8.582121e-01,1.860968e+00,3.833100e-01,2.263253e-02,1.104150e-01,1.913082e-01,1.425291e+00,1.052173e+00,7.021344e-01
1.070596e-01,2.422337e-01,3.270768e-02,2.681266e-03,4.164564e-02,2.540286e-01,2.363913e-01,1.852026e-01,3.866670e-01,3.153958e-03
1.750437e-01,2.238117e-03,5.690789e-04,4.399774e-01,4.030200e-01,5.819809e-04,2.724128e-01,1.411364e-01,6.931819e-04,7.745253e-02
2.650072e-01,3.323032e-01,2.301912e-01,6.087053e-05,4.356725e-01,1.086969e-01,1.463634e-01,7.105283e-04,4.123952e-05,1.930653e-02
2.188809e+00,1.253440e+00,2.021806e+00,4.388883e-03,8.903990e-01,1.368620e-01,1.090162e+00,1.383785e-01,2.001212e+00,1.253177e-05
4.381964e-01,1.114995e-01,6.265092e-01,3.617461e-06,2.440998e-01,1.644966e-06,2.176935e-03,1.740766e-01,1.079551e-03,1.158705e-07
4.213252e+00,1.191351e+00,5.169360e-01,8.843114e-03,2.457747e+00,1.530500e+00,4.493189e-01,2.074869e+00,3.397822e+00,4.478293e+00
0.000000e+00,1.968235e-01,3.171615e-01,2.158985e-04,2.135719e-03,4.808919e-04,4.229885e-01,4.488353e-02,4.343356e-01,1.137722e-05
1.039105e-01,5.160867e-06,6.086945e-04,6.332625e-01,7.007660e-03,2.141318e-02,5.075560e-01,9.121760e-08,6.789670e-01,8.194273e-10
3.125076e-01,5.448922e-01,9.370201e-02,5.878245e-02,9.829520e-01,3.208421e-02,9.042536e-01,6.345997e-01,5.981057e-01,8.336001e-02
1.368557e+00,2.576752e-01,2.177236e-01,5.061338e-01,1.123145e+00,7.005075e-01,7.961188e-01,1.693563e-01,5.219222e-01,1.246059e+00
2.561230e+00,1.522116e+00,5.164029e-02,3.529807e-01,1.191265e-01,1.629495e-03,1.433465e-01,3.329856e+00,9.261280e-01,3.128734e-01
8.452889e-01,2.113034e-01,4.851654e-03,8.211494e-01,3.671943e-03,2.915161e-04,3.365933e-01,4.596231e-01,1.755357e-03,2.879746e-01
1.449225e+00,6.834245e-05,5.652876e-03,1.772095e-02,6.141977e-09,1.335080e-06,1.484771e-03,1.033925e+00,2.396393e-04,9.672445e-01
6.067134e-01,1.016660e+00,1.212140e+00,5.937885e-01,8.492968e-01,1.223588e+00,7.994303e-01,5.678713e-04,6.336438e-01,5.773560e-01
7.587036e-01,8.395645e-01,4.824495e-01,3.222844e-01,1.870688e+00,1.657960e-01,1.745209e+00,1.890911e-01,5.054469e-01,3.199244e-01
1.106269e+00,2.945769e-02,1.471097e-01,2.901955e-03,1.055401e-04,7.882508e-05,2.888271e-04,3.583237e-01,2.430386e-06,9.776862e-01
2.492829e-01,2.868403e-01,1.967759e-02,1.035925e+00,7.101120e-03,5.434259e-02,3.602995e-05,1.318488e-01,5.453345e-01,2.185554e-01
4.495178e-01,8.769748e-01,5.835150e-01,4.225140e-03,8.979907e-01,1.543234e+00,6.194629e-01,9.416778e-02,9.774037e-01,6.870773e-01
7.853566e-01,9.920513e-01,2.129287e-01,1.321038e-01,1.452945e+00,1.195611e+00,3.757313e-01,2.708379e-01,8.277292e-01,8.574609e-01
1.925890e+00,3.075222e+00,1.212686e+00,3.412513e-01,4.110015e-01,2.276660e+00,8.865838e-02,6.949970e-01,1.880790e-02,3.497889e-01
1.857550e+00,5.237754e-01,6.360733e-02,9.286446e-01,3.868866e-03,1.473485e-03,7.260076e-01,3.083761e-02,1.877917e-03,2.029921e+00
9.241790e+00,1.997074e+00,8.763693e-01,1.221866e+00,1.642221e-07,5.694607e-08,1.021305e+00,1.800689e-06,4.077606e+00,1.661882e-06
4.563876e-10,9.596940e-01,1.289239e+00,2.696879e-04,1.469587e-01,5.010516e-01,5.275552e-01,5.242394e-07,2.191693e-03,6.685979e-02
1.120892e+00,4.802905e-01,3.583460e-02,1.248331e+00,6.136232e-03,4.440349e-02,1.771101e-01,4.242064e-01,8.463258e-01,4.024251e-01
1.753480e-01,1.949493e-01,3.156595e-01,1.801304e-01,2.236976e-01,2.199597e-01,3.165326e-01,9.470020e-01,1.826813e-02,6.326576e-03
3.405529e+00,7.356671e-01,9.245246e-01,1.016438e+00,6.544078e-01,3.404980e-02,5.169433e-03,2.852613e-01,2.321018e+00,3.440537e+00
2.491320e+00,8.218987e-02,2.172782e-01,9.511980e-02,1.641154e+00,1.041911e-02,7.475862e-04,2.326114e+00,6.250716e-01,1.848451e+00
3.771467e-01,2.767577e-01,2.694615e-01,9.460535e-02,3.483665e-01,6.081699e-02,5.475734e-02,3.106598e-01,7.653662e-03,3.443839e-08
3.418373e-01,1.633719e-02,5.159457e-02,5.557768e-01,3.945523e-01,7.537947e-03,4.532668e-02,6.394528e-01,1.947987e-02,1.497525e-01
1.482882e+00,7.732441e-01,2.534590e-02,6.385042e-01,3.694680e-01,6.459130e-01,5.379270e-01,8.507692e-01,8.792537e-01,7.947737e-01
2.766877e+00,1.144674e+00,4.861405e-01,3.935277e-01,4.554170e-01,3.581514e+00,2.318415e+00,4.321865e-02,1.572826e-01,3.450479e+00
1.364216e-01,4.355867e-01,7.368889e-02,2.764177e-02,3.822474e-01,6.500994e-01,1.842792e-01,1.935200e-03,1.120663e-04,5.055894e-02
1.083412e+00,3.791933e-03,1.852768e-01,5.498814e-01,4.970396e-05,5.383191e-01,9.517579e-02,3.561443e-02,1.371144e+00,1.949169e+00
7.311144e-02,3.168424e-05,5.365467e-09,9.638453e-01,8.206214e-07,4.587526e-07,3.716844e-02,1.561814e-01,1.294986e-01,2.076497e-01
1.856221e-01,1.589695e-03,2.233226e-01,1.506823e-02,3.545214e-01,1.210286e-03,1.111280e-01,6.166196e-03,2.555647e-01,2.279184e-01
7.656444e-01,6.543257e-05,4.824265e-01,2.074495e-01,4.580876e-02,1.058922e-04,1.929887e-01,4.829333e-01,1.378254e-01,3.839096e-01
4.412277e-01,5.305551e-11,1.388089e-01,1.381640e+00,6.725876e-02,7.844771e-02,1.579339e-01,8.193303e-01,1.658833e-05,7.351775e-02
2.143181e-01,8.101477e-02,8.287353e-02,1.322213e-04,1.714377e-03,3.625244e-01,3.403788e-01,5.391067e-01,2.636027e-01,7.237505e-03
3.696001e-01,6.046027e-01,1.022314e+00,9.546071e-01,1.309283e-02,9.290177e-04,1.945956e-03,2.656402e-04,2.986540e-01,9.894406e-01
6.146386e-01,4.829513e-01,5.652485e-02,8.504915e-02,1.318914e+00,6.583975e-01,7.078105e-01,1.139058e-01,1.193603e-01,6.415548e-01
2.996549e-01,1.356487e-01,1.251826e-01,3.593240e-01,5.975840e-01,1.408153e-02,6.664006e-01,5.892075e-01,1.321271e-01,4.570564e-01
1.629616e-01,2.778662e-03,3.714776e-01,4.478684e-01,1.148921e-07,5.926414e-07,4.921401e-02,1.749750e-01,6.544256e-01,1.087466e-01
3.120238e-01,1.106820e-01,3.998531e-02,2.394271e-02,1.095609e-01,8.646728e-02,2.660376e-01,5.791315e-03,2.852613e-01,1.316779e-01
2.885344e-01,1.839126e-03,7.456561e-01,1.302958e+00,9.833486e-03,4.975949e-01,2.357792e-01,2.565283e-01,4.452034e-02,1.052735e-02
1.755422e+00,7.712401e-01,3.963189e-01,8.106819e-01,1.734707e-02,8.914159e-03,1.125019e+00,2.814470e-01,1.192528e+00,6.001234e-01
5.442845e-02,3.535802e-01,3.295186e-01,9.892806e-01,1.361452e-02,9.840670e-02,1.823972e-01,3.456852e-11,8.513753e-03,3.331034e-03
1.920362e-01,1.270091e-05,5.535826e-03,7.880787e-01,1.330405e-01,1.005248e-01,7.669025e-02,1.339750e-01,2.508140e-08,2.178105e-01
1.566678e-01,1.748912e-02,8.867244e-02,4.819495e-02,3.515300e-01,8.987901e-01,4.521223e-01,6.336890e-01,4.525358e-01,9.361037e-03
7.289166e-01,4.218060e-01,1.073982e-01,5.734462e-04,4.636750e-02,1.489821e-05,2.163623e-01,3.138099e-01,1.311783e-03,3.551042e-01
7.791235e-01,1.543236e+00,1.735812e+00,5.727671e-01,1.774778e+00,1.444506e+00,9.540553e-01,1.161793e+00,2.779175e-01,2.284570e-01
5.689383e+00,8.396542e-03,3.311897e+00,4.373063e+00,1.774666e-04,2.930473e-02,1.692866e+00,2.850638e+00,1.145750e-01,9.134786e+00
6.377471e-01,3.876963e-01,5.635609e-06,1.063672e+00,7.748572e-02,4.020638e-05,2.367579e-03,9.281208e-01,8.039885e-04,5.482646e-06
3.606000e-01,2.357712e-12,2.500726e-06,4.487013e-06,1.240881e-11,1.925812e-07,8.733869e-13,2.155823e+00,1.573040e-08,6.751730e-04
2.416021e+00,1.977592e-01,3.690786e-02,7.218218e-05,5.366299e-02,3.218565e-02,7.437940e-02,1.532339e+00,7.470485e-02,1.407509e+00
2.998923e+00,6.712208e+00,4.524945e-01,7.750386e-01,5.877705e+00,9.627966e+00,3.787989e-01,2.809607e+00,1.135713e+00,1.764189e+00
7.718707e-01,4.553096e-01,3.186034e-03,7.338212e-04,2.452929e-02,5.364739e-09,9.967613e-05,2.865195e-01,9.465139e-06,1.069148e-01
5.079010e-01,3.885139e-02,3.047967e-04,2.799410e-01,5.260576e-02,1.834801e-02,4.297988e-01,4.876076e-01,2.280270e-04,3.628892e-02
1.739127e-01,7.137073e-07,2.613152e-02,1.706568e-01,5.175580e-10,2.917924e-03,2.339583e-01,2.515825e-01,5.746914e-01,9.341991e-03
1.325450e-01,5.144186e-04,3.519913e-01,6.131379e-01,1.772620e-02,7.956864e-03,1.529753e-01,1.030146e-01,4.051266e-02,1.577687e-01
8.848007e+00,1.997356e+00,2.833157e+00,1.690225e+00,1.099928e+01,1.816187e+00,1.369322e+00,5.079249e+00,1.441345e+01,6.245835e+00
8.351474e-02,6.974608e-01,6.995183e-02,3.190010e-01,6.114708e-01,2.799618e-02,4.668979e-01,2.054926e-01,3.121425e-01,1.335439e-04
1.840134e+00,6.811072e-01,5.910304e-01,7.279346e-01,1.418222e+00,1.623843e+00,4.708178e-01,8.830461e-01,5.778165e-01,2.440041e+00
0.000000e+00,3.332234e-03,1.771540e-02,6.745835e-01,9.661397e-04,8.986203e-03,7.697143e-01,1.394251e-13,7.133482e-01,2.644214e-12
1.707057e-01,2.867419e-01,4.341077e-01,2.009061e-04,1.474593e-01,2.641925e-01,6.837226e-02,3.001110e-02,2.679437e-02,1.067418e-01
4.516218e-01,4.542876e-01,3.406545e-01,4.043776e-01,3.323960e-08,3.272085e-03,2.265844e-01,5.139273e-01,1.498562e-03,1.690781e-01
1.006472e+00,3.203610e-02,6.488262e-05,6.656989e-01,8.084624e-04,4.289360e-05,4.691831e-01,7.060967e-01,9.769107e-01,1.960496e-01
5.885828e-01,1.101103e+00,1.032254e+00,1.503639e-01,1.201352e+00,4.027951e-01,2.334443e-02,5.140731e-02,6.575558e-03,6.466561e-02
2.027893e-01,6.849465e-04,1.986129e-01,2.057515e-01,1.019938e-01,1.757641e-01,4.956851e-02,5.125006e-01,3.355139e-02,2.895277e-03
1.350411e+00,2.924178e-02,4.214776e-01,1.504905e+00,5.398512e-01,8.283276e-03,6.110889e-01,1.918231e-01,3.299986e-01,1.705194e-03
1.104521e+00,2.151780e+00,6.197203e-01,6.878307e-01,2.752363e+00,2.091751e+00,9.720395e-01,7.516464e-01,2.487956e+00,1.942205e-01
1.207329e+00,2.623032e+00,2.227235e+00,4.761467e+00,2.600813e+00,1.032021e+00,1.053191e+00,2.861518e+00,2.795428e-01,9.163483e-02
3.499104e-01,1.447198e-01,5.984574e-01,8.015508e-02,1.471285e-01,1.862846e-01,1.293411e-02,1.446828e-01,3.177865e-01,1.122309e-01
5.432728e+00,3.950968e+00,3.144135e+00,1.334431e+00,1.105031e+01,6.507465e+00,1.471736e+00,1.431685e+00,6.795382e+00,5.958957e+00
2.405903e-01,1.576856e-01,1.250530e-02,1.445048e-01,9.308041e-02,2.785342e-04,1.256468e-03,4.386388e-01,2.830595e-01,5.536001e-04
3.524553e+00,1.170696e+00,3.393386e-01,3.332332e+00,6.369919e-02,7.019775e-02,5.623821e-01,1.858077e+00,1.253096e+00,9.006598e-01
6.503695e-01,3.798465e-01,1.518663e-01,8.908705e-01,5.795227e-01,8.112489e-02,4.905188e-01,7.151930e-07,6.618067e-01,7.930160e-08
1.121040e+00,5.112980e-01,2.686364e-03,8.813325e-01,7.473460e-02,1.087898e-02,3.043530e-01,5.405459e-01,1.596288e-01,3.355135e-01
4.991656e-02,1.824244e-01,3.004884e-01,9.253984e-05,3.286585e-01,6.568661e-02,1.579807e-02,1.497193e-01,2.406084e-01,1.766708e-09
3.546566e-01,2.451392e-01,1.548022e-04,2.155211e-01,6.274083e-02,5.879094e-02,1.444786e-01,4.628106e-01,8.659496e-02,7.718232e-03
2.201311e+00,1.591076e+00,3.118703e-01,1.865569e+00,1.815733e+00,2.659567e+00,3.474076e+00,4.746800e-03,6.477197e-01,2.189663e+00
5.970183e-01,7.281320e-03,3.290936e-01,6.815153e-01,7.400585e-02,5.674083e-01,1.051094e-02,8.798096e-01,2.436874e-04,4.803928e-01
2.415915e+00,4.051325e-01,4.774403e-01,6.916157e-02,1.196227e+00,1.908203e+00,3.570895e-01,4.760337e-01,1.411805e+00,2.036027e+00
2.506330e-01,3.332141e-01,1.055694e-02,4.765907e-01,9.668022e-06,5.222339e-01,2.322420e-02,6.931730e-01,8.161883e-03,2.693134e-04
4.821363e-01,7.334472e-01,3.227032e-01,1.373989e-02,4.887783e-01,8.355853e-01,9.225879e-01,2.765128e-01,4.881128e-01,1.017368e-01
3.804268e+00,2.246033e+00,1.525758e+00,9.860179e-01,4.826384e+00,1.506973e+00,1.458201e+00,1.516259e+00,2.651772e+00,2.815809e+00
1.725363e+00,1.711843e-01,2.610951e+00,1.418856e+00,4.636784e-01,5.640945e-01,2.641223e+00,2.637785e-02,3.755552e-01,2.252649e+00
8.956372e-01,1.047432e+00,2.335302e-01,5.342456e-01,5.423188e-01,1.413160e+00,1.158757e-01,1.930972e-01,3.419173e-02,7.513158e-01
7.299703e-01,5.372059e-01,8.465792e-01,6.972899e-04,1.314733e-02,3.909472e-03,2.768454e-01,1.893600e-01,3.873495e-01,3.207778e-07
6.983952e-01,2.628158e-04,4.048250e-02,7.946329e-02,4.334224e-05,3.102160e-02,1.400571e-03,4.603743e-01,5.439918e-01,3.473729e-01
2.322934e-01,8.048854e-01,4.685361e-01,1.595085e-01,7.234633e-01,9.280511e-01,2.213974e-01,1.560961e-01,1.070727e-01,1.613902e-01
1.109141e-01,2.932687e-01,2.045046e-01,1.175024e-01,6.433709e-02,6.722479e-02,1.967600e-01,5.606711e-02,1.850970e-01,5.871331e-02
2.006095e+00,1.102667e+00,1.691450e+00,9.048004e-04,6.079773e-01,6.305571e-02,3.663341e-01,7.304102e-01,6.087827e-02,8.152829e-01
2.974950e+00,2.383477e-01,4.024732e-06,1.778510e-08,2.557521e-04,3.006225e-03,1.823291e-02,1.089758e+00,5.345770e-05,1.013453e+00
4.304616e-02,1.511878e-01,2.753549e-01,5.509322e-03,3.410582e-02,3.696304e-01,1.402062e-03,4.695531e-01,1.860025e-01,9.664536e-06
4.331896e-01,1.213694e-01,2.847272e-02,5.802852e-01,4.047383e-03,8.106542e-04,2.137612e-05,2.611417e-09,1.710856e-02,3.759442e-01
1.354032e+00,3.987074e-01,5.465310e-01,3.350747e-01,8.480369e-01,9.233399e-01,4.872111e-01,1.433854e-01,5.637321e-01,1.570159e+00
1.167618e+01,1.839364e+00,2.651655e+00,1.247007e+00,1.518374e+00,1.764071e+00,1.685519e-02,3.745602e-06,1.096288e+00,4.817641e-06
1.941255e-01,3.548597e-01,3.368202e-04,5.346015e-01,4.105150e-01,4.457200e-01,3.008040e-01,2.015448e-01,2.247812e-03,6.037926e-07
1.324312e-01,3.043339e-03,6.101501e-02,1.307260e-05,9.954014e-02,5.524424e-01,3.758129e-01,4.793010e-04,2.237949e-01,1.970728e-01
1.290607e-02,4.773745e-02,1.297215e-01,2.657806e-01,4.407542e-06,2.184600e-04,1.959337e-01,9.738981e-02,6.823194e-01,1.569832e-03
4.760048e-01,1.330201e+00,6.766418e-01,9.389209e-02,1.621871e+00,1.415045e+00,1.250484e+00,3.405926e-01,9.160812e-04,5.429913e-02
3.687698e-01,8.933108e-01,7.762332e-01,7.882586e-01,3.405147e-01,2.885038e-01,4.599737e-01,6.070642e-01,1.640864e-02,1.261867e-01
6.106512e-01,7.226005e-01,1.915063e-02,2.755138e-02,9.041927e-01,1.174404e+00,1.543775e-01,2.996119e-01,1.455399e-01,4.010796e-01
4.626024e-01,1.245729e-01,2.034400e-01,5.583055e-02,1.654579e-03,1.138373e-01,3.001843e-01,1.774581e-01,2.672989e-02,3.799095e-01
0.000000e+00,7.134357e-01,1.653093e+00,9.471315e-02,1.560109e-01,1.018493e+00,1.327851e-01,5.789858e-05,3.710953e-01,6.946992e-09
2.641409e-01,5.928044e-03,5.896093e-01,2.754813e-01,2.914725e-01,5.477309e-05,9.769856e-02,1.095099e-01,6.592963e-01,1.806059e-01
4.244111e-01,6.509329e-01,4.644662e-01,1.531468e-01,6.699293e-01,2.277197e-01,8.836129e-02,4.987930e-01,5.180431e-02,1.949086e-01
3.053502e-01,6.041401e-02,1.783121e-01,1.216295e-01,2.047150e-01,5.993204e-02,3.519296e-02,1.050114e-01,1.359098e-05,5.001649e-01
2.591162e-01,1.650609e-01,3.237117e-02,4.474775e-01,2.173091e-01,1.529862e-03,1.989449e-01,2.679709e-01,4.654687e-05,1.181769e-08
2.587861e+00,2.607782e+00,1.113496e+00,3.943010e-01,5.966671e+00,1.356690e+00,5.676497e-01,1.206277e+00,7.840632e-01,1.789159e+00
1.930628e-01,6.796990e-01,3.094996e-01,3.517753e-02,6.411587e-01,5.446780e-01,5.155821e-01,2.709066e-01,4.792983e-02,4.887721e-02
9.575428e-01,1.877691e+00,6.368254e-01,4.126361e+00,1.843638e-01,3.849418e-01,9.066719e-01,2.215004e+00,1.715997e+00,3.520849e-02
1.330530e-01,8.188899e-02,2.553066e-01,8.060404e-03,3.487287e-03,4.363428e-01,2.252659e-02,3.553909e-01,2.679486e-03,2.098845e-04
7.127142e-01,2.529330e-02,1.253144e-01,3.243385e-03,5.786569e-03,3.149603e-02,7.125004e-02,8.530740e-01,1.305128e-02,5.808460e-01
1.191650e+00,6.560325e-01,5.177755e-01,2.036040e-02,2.185884e+00,1.109577e+00,7.263102e-02,9.968782e-01,1.103102e-01,7.018694e-01
1.881622e-01,5.053664e-01,6.215966e-03,3.460660e-01,8.116689e-04,5.704115e-01,3.323367e-05,5.192179e-01,1.211948e-01,2.089546e-02
9.962296e-02,2.857175e-03,1.086442e-02,1.550246e-01,2.632175e-01,1.738592e-01,6.707222e-04,5.053617e-01,1.451841e-01,1.255510e-08
5.942529e-02,6.319660e-01,1.881013e-01,1.197866e-03,2.159800e-01,1.055031e-01,6.832684e-02,1.247800e-01,4.126340e-01,4.203805e-02
1.170018e+00,2.842691e+00,8.677842e-02,9.783350e-01,3.673076e+00,2.945822e+00,1.983020e-01,2.067696e-01,6.635439e-02,6.191793e-01
8.126369e-02,1.676271e-01,1.411693e-01,2.327920e-03,2.299895e-04,5.287719e-01,1.210740e-01,1.445306e-01,1.853221e-01,4.643496e-02
1.855131e-01,2.841464e-01,1.387965e-01,1.114602e-01,8.559144e-03,2.779792e-01,1.467959e-01,3.449261e-01,7.193756e-05,2.373460e-02
2.765349e-01,4.408215e-04,9.981089e-02,4.014798e-02,1.009030e-02,1.495540e-01,1.269653e-08,2.174618e-01,3.203379e-01,2.464709e-01
2.715307e-01,5.853573e-01,2.568351e-01,1.312276e-01,1.720971e-01,2.524594e-02,3.076391e-02,3.369640e-01,3.401188e-01,3.268712e-03
3.441491e-01,5.950141e-01,2.263454e-02,5.693514e-01,1.946365e-02,4.964178e-01,2.260400e-03,2.545805e-01,1.469605e-02,3.691434e-01
1.311637e+00,1.524534e-01,1.311180e+00,8.417648e-01,3.319351e-04,7.675689e-02,5.138232e-03,4.115984e-07,2.049247e-01,8.509009e-01
3.828209e-01,1.220927e+00,3.383754e-01,1.476359e+00,6.935721e-02,8.391821e-01,1.922269e-02,3.235305e-03,1.314534e-01,1.131010e+00
2.769480e-01,3.102608e-01,2.618999e-01,5.952061e-01,1.192548e-01,2.800504e-01,2.312304e-02,1.807421e-01,6.597434e-03,3.241070e-02
6.388151e-01,4.571022e-01,2.056145e-01,6.434813e-02,7.292780e-02,6.060373e-01,3.915907e-03,3.014003e-03,5.957964e-03,1.586015e-01
4.186906e+00,1.134491e+00,1.178054e+00,2.223129e-01,2.504536e+00,2.553429e+00,5.359444e-02,1.432434e+00,2.444164e+00,3.034712e+00
5.305349e-03,9.866632e-02,6.300044e-01,5.754615e-01,2.470508e-07,1.216221e-03,1.510738e-01,1.718566e-13,2.471467e-01,5.548452e-14
0.000000e+00,7.086222e-01,1.410885e-01,1.398486e-03,1.987464e-01,1.286158e+00,3.115989e-04,1.033570e-05,3.443465e-06,2.296417e-07
1.083875e+00,1.197503e+00,1.627111e+00,6.520347e-01,1.708954e+00,1.438797e+00,1.158759e+00,9.014023e-01,7.140512e-01,5.952724e-01
1.425835e-01,2.767703e-02,4.095525e-01,1.326222e-01,2.890088e-01,2.670129e-02,1.052841e-01,2.239664e-01,2.989068e-05,3.413093e-04
2.772491e-01,1.667396e-02,1.442893e-02,5.817113e-01,2.895072e-03,8.792327e-03,2.504616e-02,1.384561e+00,1.824246e-01,7.814130e-02
1.323204e-01,3.602775e-01,1.092338e-01,3.204780e-01,2.784417e-01,3.576473e-02,4.082603e-01,5.426556e-01,2.350054e-01,7.075621e-05
6.792297e-01,4.937695e-04,3.488030e-08,2.520203e-06,9.678553e-02,1.179747e-01,3.572361e-05,4.542125e-01,2.023881e-04,2.427983e-01
3.740380e-01,5.907442e-04,7.566089e-02,5.985119e-01,1.227324e-01,4.658554e-04,1.674469e-01,6.301645e-01,4.980488e-01,6.441078e-01
2.551979e-01,4.593359e-01,1.601707e-01,1.989528e-01,5.935128e-01,1.935707e-03,3.955459e-01,2.912832e-01,2.901809e-01,5.387483e-05
4.556118e-04,4.824734e-01,2.091941e-01,3.539516e-01,3.131704e-01,3.355384e-01,3.715201e-03,1.117133e-04,4.095325e-01,2.973082e-02
1.901149e-09,4.456892e+00,4.085934e+00,3.179315e+00,1.187297e+00,2.967066e+00,1.284113e+00,7.391528e-07,9.112953e-01,5.809834e-07
6.147779e-01,8.192687e-01,1.336212e-01,1.452196e+00,1.438941e+00,2.509023e-01,1.092634e-01,6.797640e-01,2.401867e-02,1.281973e-01
3.139348e-01,1.038425e+00,2.305916e-01,2.444852e-01,8.844640e-01,1.307447e-01,7.350447e-01,5.228030e-01,4.749977e-01,6.928031e-02
6.722597e-01,1.436489e-03,2.840535e-01,8.629684e-01,1.159023e-08,1.191622e-03,1.227606e-01,7.582490e-07,6.956246e-01,2.614534e-01
1.903819e+00,1.088846e+00,1.416250e+00,8.174912e-02,2.929624e+00,2.295370e+00,5.837892e-01,8.557747e-01,7.608653e-01,1.082312e+00
1.347236e-01,1.100597e+00,8.061591e-01,4.233597e-03,2.040948e-01,1.319291e-01,1.927325e-01,5.445032e-03,2.317020e-02,3.532761e-06
2.883959e+00,1.102782e+00,4.361864e-01,1.805438e+00,6.718839e+00,2.684437e+00,8.327791e-01,1.615624e+00,1.680174e+00,1.961110e+00
1.022917e-02,4.687992e-03,1.132327e-01,1.115280e-01,9.971539e-02,1.314546e-01,3.557086e-06,9.985818e-01,1.962629e-06,3.442680e-02
2.731875e-02,5.427319e-01,8.284834e-01,3.233643e-05,3.980795e-01,3.142847e-01,1.591762e-01,1.982406e-06,2.504883e-06,9.381743e-02
1.544456e-01,5.385223e-02,7.597382e-05,2.731490e-01,1.033666e-01,2.191981e-02,3.142211e-01,2.849252e-01,1.494014e-01,9.163920e-02
4.619925e-01,5.225592e-01,5.653666e-01,5.265896e-01,2.026912e-01,4.301035e-01,1.503571e-01,2.606989e-01,3.229865e-02,7.731125e-03
3.729090e-01,8.292519e-05,6.964183e-02,4.126129e-01,1.057971e-03,1.879671e-01,8.744902e-04,1.500016e-03,4.264275e-01,7.529637e-01
2.731149e-01,1.392545e+00,5.073630e-01,2.453569e+00,9.612886e-02,9.388516e-02,2.204034e-01,1.378982e-01,1.346762e-01,3.518280e-01
2.497283e+00,9.277663e-01,1.532440e+00,9.295002e-02,3.425972e+00,1.459765e+00,1.666900e+00,7.582651e-01,1.490472e+00,2.459840e+00
1.996140e-01,3.145144e-02,1.669219e-04,6.033803e-01,1.598569e-04,2.404057e-01,6.618553e-04,2.314324e-07,1.382672e-01,4.320425e-01
1.757914e+00,1.155097e+01,2.529844e+01,1.579502e+01,8.775909e+00,6.393892e+00,1.462610e+00,4.090415e-01,2.532884e+00,1.632904e+00
6.165269e-01,3.658053e-03,3.168459e-05,1.206603e-01,1.928416e-01,7.785558e-04,3.063463e-01,3.012440e-04,7.604118e-01,2.621599e-01
5.177188e+00,4.234555e+00,2.265737e+00,7.914441e-01,8.051010e+00,6.122378e+00,6.417035e-01,1.529084e+00,4.075516e+00,5.139264e+00
1.329042e+00,4.201413e-01,7.066872e-02,6.932818e-02,2.632589e+00,8.050590e-01,1.163137e+00,6.264677e-01,1.289408e-01,4.605554e-01
8.503259e-01,4.350662e-01,8.419679e-01,3.797775e-03,7.747149e-02,1.135822e-01,1.772972e-01,4.485151e-05,8.486911e-01,3.987443e-07
2.251921e+00,3.003311e+00,1.141821e+00,2.942765e+00,5.442043e+00,4.231258e+00,1.572249e+00,9.097492e-01,3.451495e+00,1.491562e+00
2.191486e+00,2.265289e+00,3.427419e-01,6.680800e-01,2.894944e+00,3.673746e+00,1.061509e-01,2.516884e+00,7.833513e-01,6.801028e-01
2.767928e+00,8.654998e-03,8.844260e-02,1.940480e-01,1.139298e+00,4.725898e-02,6.361182e-03,2.902546e+00,1.557292e-01,1.502993e+00
8.186203e-02,1.003820e-01,1.086774e-03,3.054346e-02,8.397156e-02,1.069885e-03,4.222498e-01,1.712646e-01,5.667094e-01,4.808108e-04
2.433744e-01,3.659074e-07,7.657765e-03,2.467674e-01,9.792817e-02,1.292126e-01,7.634694e-05,9.383719e-01,2.299874e-05,1.499046e-04
2.155394e-01,2.563571e-01,3.912760e-01,4.936881e-06,2.637406e-03,4.632238e-01,3.054435e-04,1.553299e-01,3.694624e-02,9.459090e-04
5.254453e-01,7.094047e-06,1.015164e+00,2.563379e-01,1.230600e-01,1.009354e+00,2.894629e-01,2.253796e-08,1.596299e-03,2.865176e-06
5.890288e-01,2.916113e+00,2.327441e-01,2.663402e-01,7.039106e-01,1.605872e+00,8.704476e-02,2.425006e+00,3.389478e-01,5.942598e-07
4.963053e+00,1.495288e-01,5.578153e-01,4.905827e-01,2.264202e+00,2.576018e-02,5.054813e-03,2.593302e+00,1.860205e+00,4.867241e+00
2.687439e-01,1.708755e-01,2.814681e-02,5.799368e-01,1.946273e-01,1.804383e-03,3.308238e-03,2.259864e-01,1.543323e-02,2.112523e-01
2.754864e-01,3.307223e+00,1.445014e+00,5.845412e-01,1.838875e-01,6.567615e-01,2.806126e-02,7.718856e-01,1.579938e+00,1.415619e-02
2.887946e-01,1.036973e+00,1.476758e+00,1.208746e+00,1.415518e+00,7.849953e-02,1.078879e+00,4.320260e-04,4.360625e-05,4.598410e-07
3.109609e-01,2.501287e-01,3.987107e-03,1.072768e-02,4.411824e-03,3.524972e-04,4.545703e-01,2.036428e-01,2.714588e-01,1.637681e-01
1.839055e-01,2.380800e-01,1.260970e-01,2.917035e-03,1.873435e-01,1.364520e-02,3.951941e-01,3.663235e-02,2.312368e-01,1.942989e-01
4.173246e-01,1.355824e-01,4.001690e-01,1.218686e-01,6.896335e-02,4.980809e-03,3.131509e-01,2.497507e-03,1.482270e-02,1.036593e-01
5.901779e-01,5.719976e-01,1.710269e-01,8.557469e-02,1.243616e-04,2.189236e-01,5.390349e-01,3.490417e-03,1.859668e-01,1.702604e-01
6.409212e-01,1.349337e+00,6.307486e-01,1.085655e-01,5.809918e-01,1.758338e+00,4.293959e+00,1.149755e+00,1.450526e+00,2.288438e-01
1.812144e-01,5.679215e-03,8.544585e-03,8.570652e-04,1.353999e-02,5.353731e-01,3.896957e+00,3.556620e-01,5.489719e-04,6.503961e-01
3.555314e+00,8.627598e-02,3.325095e-03,9.330270e-05,2.066941e-01,1.578690e-02,1.542717e+01,7.337110e+00,1.630726e-02,6.735273e-01
8.111426e-01,1.303734e-01,3.744526e-02,6.424533e-01,1.941615e-01,4.495906e-01,9.682473e+00,2.132624e+00,1.567154e-01,8.747092e-01
1.540905e-01,4.791545e-02,1.690646e-08,2.457274e-08,1.127457e-04,6.797241e-01,5.275522e+00,7.340431e-04,3.422122e-06,3.766050e-01
1.743895e+00,4.280254e-02,5.356777e-01,8.489925e-03,4.227474e-03,3.518790e-03,4.297417e+00,3.497806e+00,2.530042e-01,1.974362e-01
4.614671e-04,2.677936e-01,1.324899e-06,5.124354e-06,5.916277e-03,3.390633e-01,4.622547e-01,1.827051e-01,5.838653e-08,1.430808e-02
8.335144e-01,1.710477e-05,5.861274e-05,1.138628e-06,2.256519e-05,1.883311e-02,4.696139e+00,1.250689e+00,1.641564e-05,6.841719e-01
1.077207e+00,3.034490e-06,9.278596e-08,6.022793e-11,1.412632e-09,6.187032e-04,4.061242e+00,1.474422e+00,1.112798e-09,5.737290e-01
