1.122806e-01,4.100095e-01
6.039218e-02,5.422308e-01
1.636268e-01,4.963387e-01
5.950405e-02,5.500831e-01
4.287711e-01,9.131981e-01
1.019377e+00,8.636798e-01
2.546055e+00,2.985887e-01
9.278680e-02,4.443852e-01
1.515644e-01,6.387535e-01
1.534183e-01,6.487683e-01
9.482788e-02,4.682953e-01
5.221454e-02,4.864613e-01
1.941527e-01,3.204976e-01
4.149438e-01,6.445839e-01
1.834018e-01,5.930033e-01
1.966691e-03,5.585550e-01
5.554155e-01,6.839545e-01
1.218759e-01,4.222693e-01
1.429960e-01,8.013949e-01
1.275710e-01,4.990835e-01
8.739987e-02,3.883887e-01
4.102084e+00,2.339941e-01
1.650234e-01,5.911817e-01
9.603504e-02,6.946123e-01
1.977072e-01,5.751317e-01
1.772684e-01,6.549263e-01
9.614067e-02,8.117467e-01
1.597064e-01,6.664203e-01
9.094345e-03,5.402638e-01
1.926214e-01,4.860330e-01
6.744945e-02,5.005581e-01
8.821295e-01,2.164228e-01
3.060828e-01,6.206323e-01
1.386584e-01,5.990643e-01
8.873056e-02,5.700439e-01
7.000072e-02,4.231789e-01
6.894875e-02,5.202782e-01
1.394956e-01,7.647618e-01
3.306343e-02,4.736286e-01
5.285032e-01,5.422849e-01
1.223845e+00,7.080903e-01
2.152926e-02,5.592854e-01
7.314943e-02,4.531023e-01
4.195799e-01,8.560180e-01
1.935824e-01,4.476333e-01
2.713116e-01,5.588882e-01
9.248082e-02,5.853451e-01
7.177015e-02,5.317461e-01
2.330222e-01,4.652166e-01
1.960167e+00,7.024882e-01
2.451515e-01,3.368079e-01
2.453962e-01,4.960175e-01
1.170383e-01,6.377440e-01
2.467287e-02,5.165299e-01
1.050018e-01,7.004174e-01
1.454792e-01,4.028637e-01
2.388312e-01,5.419258e-01
1.262407e-01,5.636144e-01
6.549345e-02,6.172476e-01
4.183451e-01,5.453196e-01
1.688784e-01,8.478836e-01
1.917592e-01,6.064037e-01
3.120568e-01,5.518223e-01
6.611256e-01,5.443406e-01
2.141540e-01,4.755695e-01
2.413086e-01,5.466768e-01
1.611230e-01,6.182222e-01
1.113293e-01,4.296431e-01
1.455132e-01,4.872392e-01
6.050955e-01,6.123841e-01
2.574529e-01,4.638057e-01
1.856750e-01,4.103718e-01
6.519019e-01,5.598741e-01
4.762583e-01,6.490438e-01
1.370304e-01,5.044345e-01
6.851240e-02,5.886747e-01
2.913043e-01,5.756347e-01
4.472147e-01,3.991403e-01
9.153532e-02,4.455384e-01
4.648606e-01,6.501680e-01
2.931092e-01,7.263727e-01
7.939366e-02,6.231958e-01
3.970804e-02,4.675056e-01
1.864472e-01,4.870331e-01
6.076023e-02,5.794058e-01
2.358525e-02,5.550462e-01
9.291748e-02,4.747450e-01
2.145476e-01,3.439074e-01
2.423793e-01,4.097015e-01
1.868859e-01,4.538040e-01
1.115862e-01,5.724290e-01
2.587061e+00,7.414524e-01
1.402199e-02,5.286891e-01
1.096522e-01,6.726858e-01
4.614105e+00,5.056309e-02
3.174297e+00,8.061546e-03
3.432723e-01,5.441593e-01
6.408215e-02,4.356667e-01
2.718983e-01,6.943363e-01
2.720753e-02,4.813693e-01
3.842246e-01,4.618743e-01
1.292243e-01,4.694244e-01
1.247564e-01,4.360273e-01
1.258433e-01,6.061840e-01
1.652228e-01,4.479754e-01
5.300746e+00,3.681495e-02
1.141553e-01,4.903441e-01
4.699862e+00,6.297902e-02
3.940586e+00,1.704917e-02
4.813055e-01,6.256358e-01
5.193321e-02,4.445171e-01
2.057112e-01,3.614285e-01
4.363086e-07,5.228528e-01
5.251835e-01,3.929428e-01
4.385135e-02,5.949871e-01
3.104594e+00,2.071037e-02
1.959783e-01,4.477701e-01
5.396271e+00,4.726457e-02
9.977460e-01,3.654487e-01
1.114832e-01,7.483714e-01
4.523354e-01,2.795347e-01
1.942897e-01,4.376030e-01
1.119669e-01,3.915415e-01
4.581382e-01,6.493287e-01
1.641748e-01,5.567941e-01
3.131970e-01,6.820710e-01
4.085075e-02,4.828651e-01
3.095257e-01,5.236744e-01
2.305024e-01,3.901656e-01
2.892816e-02,5.430889e-01
3.589307e-01,6.328941e-01
7.380900e-02,4.032572e-01
1.524901e-01,6.050756e-01
1.349941e-01,4.265934e-01
5.859412e-02,4.735487e-01
1.178415e-01,4.541225e-01
3.997219e-01,7.523959e-01
8.013865e-02,4.607296e-01
5.968418e-02,4.631657e-01
1.250926e-01,4.286836e-01
5.075902e-02,4.385652e-01
2.261765e-01,4.363553e-01
6.531459e-01,6.501684e-01
5.025630e-02,5.656387e-01
6.436754e-01,1.993473e-01
1.913005e-01,5.904141e-01
1.808608e-01,3.960510e-01
1.782652e-01,4.429909e-01
2.784626e+00,7.329013e-01
7.075862e-02,5.350229e-01
1.885114e-01,4.077581e-01
1.023726e-01,4.941678e-01
9.932662e-02,6.165509e-01
9.224558e-02,5.246014e-01
1.616110e-01,3.856539e-01
2.196835e-01,7.283838e-01
4.575959e-01,5.748002e-01
3.890170e-02,6.136159e-01
8.710247e-02,4.590018e-01
1.163151e-01,4.953878e-01
3.098404e-01,5.210398e-01
1.410302e-01,4.397883e-01
3.314580e-02,5.485809e-01
1.180093e+00,1.046175e+00
9.631329e-02,5.349209e-01
3.855408e-02,8.249532e-01
4.980639e-01,5.750236e-01
2.402405e-01,3.061639e-01
3.208971e-01,9.797777e-01
5.023914e-01,8.500473e-01
8.608409e-02,4.529063e-01
1.890161e-01,5.479710e-01
7.517954e-02,4.418530e-01
7.188931e-02,5.011561e-01
8.621376e-04,5.290926e-01
3.690098e-02,5.802901e-01
9.702688e-02,7.124554e-01
3.359529e-01,9.659040e-01
2.446572e-02,4.909298e-01
1.894265e-01,3.951917e-01
2.774464e-02,4.527388e-01
2.899074e-02,6.930877e-01
5.713308e-02,4.186238e-01
4.233531e-01,5.524280e-01
1.533070e-01,7.848596e-01
2.099375e-01,7.443984e-01
5.064426e-02,5.277670e-01
4.334479e-01,8.502727e-01
4.820198e-02,4.362322e-01
7.597780e-02,6.451005e-01
8.080511e-02,4.507369e-01
7.561833e-02,3.969006e-01
1.337870e-01,5.941747e-01
8.016653e-02,4.208451e-01
2.831644e-01,6.042372e-01
1.012387e+00,7.810250e-01
4.175967e-01,8.367437e-01
1.032284e-01,4.746222e-01
4.032117e-01,1.583326e-01
1.228034e-01,3.932790e-01
1.277419e-01,5.598864e-01
7.521866e-02,4.418170e-01
8.272044e-02,5.169663e-01
4.417587e-01,6.339420e-01
1.963392e-01,6.584546e-01
6.723231e-02,5.077921e-01
7.689341e-02,5.903302e-01
5.098942e-02,5.086919e-01
5.116166e+00,5.215725e-02
7.837961e-02,7.343279e-01
2.085258e-01,3.377332e-01
5.219182e-02,6.130924e-01
1.547523e-02,5.250054e-01
9.739177e-02,5.362717e-01
5.146823e-02,4.613580e-01
1.968396e-01,4.399425e-01
5.680337e-01,7.590784e-01
8.894853e-02,6.073572e-01
1.121728e-01,5.648546e-01
1.093821e-02,4.963613e-01
1.653031e-01,3.869409e-01
1.097629e-01,5.952108e-01
1.842259e-01,5.875546e-01
1.351894e-02,4.306781e-01
7.484735e-02,3.976111e-01
1.279800e-01,4.166444e-01
8.899278e-02,6.424859e-01
2.696132e-01,4.901143e-01
7.569854e-01,1.314143e+00
4.699868e-02,4.185840e-01
1.110387e-01,5.846567e-01
9.692101e-02,4.429202e-01
7.473118e-02,3.906842e-01
2.164766e-01,6.094180e-01
9.772178e-02,4.210806e-01
1.123801e-01,4.122624e-01
3.093814e-01,5.707001e-01
1.987261e-01,4.710290e-01
6.602488e-01,4.771543e-01
2.520334e-01,6.516811e-01
8.087345e-02,5.303915e-01
1.170865e+00,6.514018e-01
4.660332e-01,4.497937e-01
1.832846e-01,4.008514e-01
3.773697e-01,4.400554e-01
8.860489e-02,6.053292e-01
7.361937e-02,4.526692e-01
1.418204e-01,4.765743e-01
4.494979e-01,5.892964e-01
3.306060e+00,6.718090e-02
1.423727e-01,3.893139e-01
1.344463e-01,3.825502e-01
1.186841e-01,3.478375e-01
2.801581e-01,6.632787e-01
9.453955e-02,4.779396e-01
1.494516e-01,6.688360e-01
1.315298e-01,4.719891e-01
2.054519e-01,6.453681e-01
3.343624e-02,4.826636e-01
1.528037e-02,4.360889e-01
1.772133e-01,6.033952e-01
1.737206e-01,4.964159e-01
3.404329e-01,5.960131e-01
2.541410e-02,5.064683e-01
5.039618e-01,6.961990e-01
3.007644e-01,5.762959e-01
2.865951e-01,6.643809e-01
9.391104e-01,8.040005e-01
2.129143e-01,3.758926e-01
1.923383e-01,5.261526e-01
3.174878e-02,4.607722e-01
3.885124e-01,6.126688e-01
9.339576e-02,7.556602e-01
7.159568e-01,8.033060e-01
1.016274e-01,6.331879e-01
4.755468e-02,5.986084e-01
6.696862e-02,5.221029e-01
3.800706e-01,4.539789e-01
6.387615e-02,4.827492e-01
1.595629e+00,9.117957e-01
5.867450e-02,5.672599e-01
4.169528e-02,4.539513e-01
8.574462e-02,5.915525e-01
2.262055e-01,5.629387e-01
4.864421e-02,4.217569e-01
3.345096e-01,6.507086e-01
2.163112e-01,8.065196e-01
6.476636e-02,4.842735e-01
1.702322e-01,8.231898e-01
6.010284e-02,6.175257e-01
2.320694e-02,4.874005e-01
9.718323e-02,4.614356e-01
1.913569e-01,8.013791e-01
1.376166e-01,5.226514e-01
3.425621e-01,7.394182e-01
1.295963e-01,5.300420e-01
1.203541e+00,7.264782e-02
4.256486e-01,6.417534e-01
2.234193e-02,5.139885e-01
4.463742e+00,3.671930e-02
1.722383e-01,5.329513e-01
7.053679e-02,5.047471e-01
5.103415e-01,5.730885e-01
4.087701e-01,8.050186e-01
8.862254e-02,4.857366e-01
8.085392e-02,4.131778e-01
2.216068e-01,4.429109e-01
1.255515e-01,6.087975e-01
3.983475e-01,6.669110e-01
9.541518e-02,6.037429e-01
3.915889e-01,5.488734e-01
9.055874e-02,4.698847e-01
1.486182e-01,5.640955e-01
1.415881e-01,4.720991e-01
1.877978e-01,4.928225e-01
4.951687e-01,6.081718e-01
3.988097e-01,8.399880e-01
4.795405e+00,4.058780e-02
4.519854e-01,7.487838e-01
2.286227e+00,7.419999e-01
2.101337e-01,4.816188e-01
1.099723e-01,6.043965e-01
7.225718e-02,5.078510e-01
2.529363e-02,5.018900e-01
2.771600e-02,5.981324e-01
2.432958e-01,4.346479e-01
2.201337e-02,7.159297e-01
1.888467e-01,6.043983e-01
6.736340e-01,1.116628e+00
6.769213e-02,6.644588e-01
4.797863e+00,1.039724e-01
5.157935e-01,4.555222e-01
2.859683e-01,7.024727e-01
9.549438e-02,4.231331e-01
1.045825e-01,4.616512e-01
4.936571e-02,4.961203e-01
1.190067e-01,4.764950e-01
1.983233e+00,6.108942e-01
1.383825e-01,4.211264e-01
2.590570e-02,4.731904e-01
3.532556e-01,6.686039e-01
1.050965e-01,5.127595e-01
8.206203e-01,6.435548e-01
1.780665e-01,5.580609e-01
1.079013e-01,4.914178e-01
1.635326e-01,4.354650e-01
3.513029e-02,5.162720e-01
2.827818e-02,6.491963e-01
1.327767e-01,4.825633e-01
1.682081e-01,3.209589e-01
3.669411e-02,5.523451e-01
9.558621e-02,5.309016e-01
2.040685e-01,3.582530e-01
1.198147e-01,5.742251e-01
1.993048e-01,5.994506e-01
2.358672e-01,4.743181e-01
1.049066e+00,7.190903e-01
2.202967e-01,6.879599e-01
7.374152e-02,4.431781e-01
6.521563e-02,5.096504e-01
2.540866e+00,3.373771e-02
2.834632e-02,4.357719e-01
5.597814e+00,1.100764e-01
3.501374e+00,5.601495e-02
3.303089e-02,4.877263e-01
6.787095e-02,5.283053e-01
6.721759e-02,4.562237e-01
6.235352e-01,5.367763e-01
3.984108e-01,3.995645e-01
9.793144e-02,4.279213e-01
2.242668e-01,3.771546e-01
2.207969e+00,8.070800e-01
1.387509e-01,4.207870e-01
6.119067e-01,5.052884e-01
1.694190e-01,4.769334e-01
1.245417e-01,4.854625e-01
4.596223e-02,4.336069e-01
6.723569e-01,3.581437e-01
8.995141e-02,7.142861e-01
2.190502e-01,3.467922e-01
3.890040e-01,6.215943e-01
7.309305e-02,4.789452e-01
1.358638e-01,4.445491e-01
1.145547e-01,5.157671e-01
4.700023e-01,9.455431e-01
4.224738e-01,9.096224e-01
6.120645e-02,4.289381e-01
4.774862e-02,4.788534e-01
8.688557e-02,3.794841e-01
1.637027e-01,4.423422e-01
7.952949e-02,4.683248e-01
2.379831e-02,5.595391e-01
1.801624e-01,5.092369e-01
1.316766e-01,4.671646e-01
1.313877e-01,4.861878e-01
5.887565e-02,4.639107e-01
3.166680e+00,3.128492e-01
2.106680e-01,4.131321e-01
2.350937e+00,1.642069e-01
9.294510e-02,6.904258e-01
3.116507e-01,5.240609e-01
9.421951e-02,4.243079e-01
7.628963e-02,4.314515e-01
9.076986e-02,6.080235e-01
1.548991e-01,4.199744e-01
6.275550e-02,4.767479e-01
3.366580e-01,5.854237e-01
4.613577e-01,4.986501e-01
6.996323e-01,6.682923e-01
1.790133e-01,5.759456e-01
1.562444e-01,4.961076e-01
5.965034e-01,4.233525e-01
2.892726e+00,4.035141e-01
2.242000e-01,6.491936e-01
2.914448e-01,5.286125e-01
2.196932e-01,4.352957e-01
7.141534e-02,4.593895e-01
9.756936e-02,4.094979e-01
4.675058e+00,9.052508e-02
1.347179e-01,6.191078e-01
8.593450e-02,5.468295e-01
2.221358e-01,5.995139e-01
4.354230e-01,8.531419e-01
6.931501e-02,4.003644e-01
1.537324e-01,8.008800e-01
1.352699e-01,5.341924e-01
1.383975e-01,4.820730e-01
2.280622e+00,8.761200e-01
2.678663e-01,6.206788e-01
8.575486e-02,5.423057e-01
8.795432e-02,5.402790e-01
2.315127e-01,4.970878e-01
4.638614e+00,9.128342e-02
5.706134e-02,4.608933e-01
1.108017e-01,5.497056e-01
2.102908e-01,7.417282e-01
1.531983e-01,4.168523e-01
1.385545e-02,7.820630e-01
2.096720e-01,4.867335e-01
4.359269e-02,4.967508e-01
1.005216e-01,4.442916e-01
3.679924e-01,8.519732e-01
8.391966e-02,5.088273e-01
1.124808e-01,5.903617e-01
2.419368e-01,4.546572e-01
3.191676e-01,4.116257e-01
1.476301e-01,6.470682e-01
1.454904e-01,3.700286e-01
1.183157e-01,5.287138e-01
7.701178e-01,8.752151e-02
5.336283e-01,7.720255e-01
5.582979e+00,9.561069e-02
7.118157e-02,6.307631e-01
7.152284e-02,5.554204e-01
6.012248e-02,4.908974e-01
3.781429e-01,7.863485e-01
1.121574e-01,5.461117e-01
8.249514e-01,4.941964e-01
6.741684e-02,5.123113e-01
5.813573e-01,2.333263e-01
9.213573e-02,4.754654e-01
8.470736e-02,5.292032e-01
1.472345e-01,5.536474e-01
1.838258e-01,4.871041e-01
1.301130e-01,6.139726e-01
9.360199e-02,5.796227e-01
1.306851e-01,5.923437e-01
6.020786e-02,4.744063e-01
5.341554e-02,4.759761e-01
4.244574e-02,5.142202e-01
3.397314e-01,6.318290e-01
9.692853e-01,7.386806e-01
8.758823e-02,5.054468e-01
1.971742e+00,7.129236e-01
1.087611e-01,4.226312e-01
4.766136e-01,3.392248e-01
5.657736e-02,4.871303e-01
1.232459e-01,3.811480e-01
8.569462e-02,5.564290e-01
1.808696e-03,6.126271e-01
1.596137e-01,3.710819e-01
2.356439e-01,4.768685e-01
1.274943e-01,5.859055e-01
2.041259e-01,5.739063e-01
1.108234e-01,5.754766e-01
5.592042e-02,5.135266e-01
1.527609e-01,4.078769e-01
2.156565e-01,7.086483e-01
5.326855e-02,5.698968e-01
5.606214e-02,6.282830e-01
3.483786e-01,5.089736e-01
4.353892e+00,6.526134e-02
1.511074e-01,5.008413e-01
6.197632e-01,8.849132e-01
1.711542e-01,4.143740e-01
1.916346e-01,5.479028e-01
2.129020e-01,5.353390e-01
1.009243e-01,4.509544e-01
4.056925e-02,5.323618e-01
2.680243e-01,4.564089e-01
3.916430e-01,2.651230e-01
1.793269e-01,5.967583e-01
6.878313e-01,8.831918e-02
2.516570e-02,4.691831e-01
1.107488e-01,4.372119e-01
3.663938e-01,8.511017e-01
3.089002e-01,6.016237e-01
3.654322e-01,6.714511e-01
6.683303e-02,6.675951e-01
1.726801e-01,5.513013e-01
1.940406e-01,5.363072e-01
3.663819e+00,3.518038e-01
4.044603e-01,7.245833e-01
6.631504e-02,5.156712e-01
6.848803e-02,5.558723e-01
4.866506e-01,6.019532e-01
3.987475e+00,1.604493e-02
7.282694e-02,8.121283e-01
1.311761e-01,5.285863e-01
1.164616e-01,5.421455e-01
1.389937e-01,6.011000e-01
2.100759e-01,5.355986e-01
6.226175e-01,1.051097e+00
6.488496e-02,8.546162e-01
2.373267e-01,4.635946e-01
9.199988e-02,4.286979e-01
1.663716e-01,6.110411e-01
9.877288e-02,5.842364e-01
1.426314e-01,4.336235e-01
5.587293e+00,4.128502e-01
1.182752e+00,8.209848e-01
1.282686e-01,3.436949e-01
1.579047e-01,4.195494e-01
5.684388e-02,5.032971e-01
4.251078e-01,4.828167e-01
2.345879e-02,4.566882e-01
1.928392e-01,6.100978e-01
2.798411e-02,4.736198e-01
7.092589e-02,4.012247e-01
1.427259e-01,4.944969e-01
2.969473e-01,5.446438e-01
1.874886e-01,5.962712e-01
9.975490e-01,7.759410e-01
3.239748e-01,9.230151e-01
1.873597e-01,6.596951e-01
1.201670e-01,4.144655e-01
5.892375e-02,8.155614e-01
1.575273e-01,3.425242e-01
2.554623e-02,5.602731e-01
1.530942e-01,3.325415e-01
5.152095e-02,4.261400e-01
7.514657e-02,4.911207e-01
1.807707e-01,5.415012e-01
4.130050e-01,7.542235e-01
1.274539e+00,1.017761e+00
2.158012e-01,4.130912e-01
1.159107e-01,5.121729e-01
1.181496e-01,5.476239e-01
4.624821e-02,4.544451e-01
1.246063e-01,4.736798e-01
3.365606e-01,5.409655e-01
5.417324e-02,4.799671e-01
8.283166e-02,5.520333e-01
7.319240e-01,5.283381e-01
1.230950e-01,5.102419e-01
4.601238e-02,4.710748e-01
1.486511e-01,4.984154e-01
1.067082e-01,5.042404e-01
1.949256e-01,5.073560e-01
1.025750e-01,4.892921e-01
2.360956e-01,5.960285e-01
1.435348e-02,4.814910e-01
2.262595e+00,4.495960e-01
1.687214e-01,6.182543e-01
3.317508e-01,7.048327e-01
3.317897e-01,4.609550e-01
1.247765e-01,4.195964e-01
1.241136e-01,4.928908e-01
7.577060e-01,9.500606e-01
7.034922e-02,5.049199e-01
3.838122e-02,5.249995e-01
3.791794e+00,3.886229e-01
4.809063e-01,2.016250e-01
7.616259e-02,7.246477e-01
1.016609e-01,6.097107e-01
7.500955e-02,3.974616e-01
7.187622e-02,6.441908e-01
1.830659e-01,7.011660e-01
2.829031e-01,6.584046e-01
1.783724e-01,7.219033e-01
5.964597e-02,4.233421e-01
3.077009e-02,5.437362e-01
2.783285e-01,6.415182e-01
7.538913e-02,5.331006e-01
6.009435e-02,5.120250e-01
4.429437e-01,6.234715e-01
3.696107e-02,5.732008e-01
5.788886e-02,5.328144e-01
4.622688e-02,5.341822e-01
5.188781e-01,1.027115e+00
1.527373e-01,5.579551e-01
1.040217e+00,8.350973e-01
7.229587e-02,4.023069e-01
1.375680e-01,4.992498e-01
9.016075e-02,5.007316e-01
1.435090e-01,4.164024e-01
9.293906e-02,6.435387e-01
2.127617e-01,5.260898e-01
5.733827e-01,5.970590e-01
1.356407e-01,5.361954e-01
7.698418e-02,4.167437e-01
4.520764e-02,4.811949e-01
8.202298e-02,4.308576e-01
1.658239e-01,5.834102e-01
1.297462e-01,4.197062e-01
1.730007e-01,5.205256e-01
1.988402e-01,7.522798e-01
1.237302e-01,6.433007e-01
7.110623e-02,4.667082e-01
2.053134e-01,5.352979e-01
6.690907e-02,5.034007e-01
1.743475e-01,5.310077e-01
1.157170e-01,4.302893e-01
9.874261e-02,6.405354e-01
2.050617e-01,4.393999e-01
3.138006e-01,7.799894e-01
3.269275e-01,5.709439e-01
7.096852e-02,5.254509e-01
1.093892e-01,4.853575e-01
1.276435e-01,3.888188e-01
1.504977e-02,5.535330e-01
3.002021e+00,3.429882e-04
1.447791e-01,4.597801e-01
1.689347e-01,5.219277e-01
4.996976e-01,7.587442e-01
6.042125e-02,4.765543e-01
1.877607e-01,4.014160e-01
3.215497e-01,7.329899e-01
4.238952e-02,6.549500e-01
3.915035e-01,6.990087e-01
1.812679e-01,4.097437e-01
2.078809e-01,5.446552e-01
4.540351e-02,6.076246e-01
1.362976e-01,4.535279e-01
1.453644e-02,5.399382e-01
3.311653e-01,5.576604e-01
1.050547e-01,4.588714e-01
1.446797e-01,4.200129e-01
9.339865e-02,4.836802e-01
6.904615e-02,1.075866e+00
1.218342e-01,5.348501e-01
8.505113e-01,2.103891e-01
1.017837e+00,7.220766e-01
1.486701e-01,3.483415e-01
9.620729e-02,5.490864e-01
2.858338e-01,5.009581e-01
1.111622e-01,4.696559e-01
8.430772e-02,4.451647e-01
5.535682e-01,8.005438e-01
4.060964e-02,5.065336e-01
2.867500e-01,7.134755e-01
7.997309e-01,6.698380e-01
1.228866e-01,4.518181e-01
6.177978e-02,4.776470e-01
1.279047e-01,5.245669e-01
1.836942e-01,6.208695e-01
1.733873e-01,4.826553e-01
6.316297e-02,5.701578e-01
7.738004e-02,3.835541e-01
8.839841e-02,4.976663e-01
3.164751e-03,6.277900e-01
6.887918e-02,4.804836e-01
3.430589e-02,4.654497e-01
1.484969e-01,7.025406e-01
7.639764e-02,4.829339e-01
1.455994e-01,4.144762e-01
8.147716e-02,4.430837e-01
1.652443e-01,5.722211e-01
2.312240e-01,7.646420e-01
1.128753e-01,6.368908e-01
1.057600e+00,1.086552e-01
8.556073e-02,6.315807e-01
7.712232e-02,4.588198e-01
4.929270e+00,7.666787e-02
1.728657e-01,5.394071e-01
5.694511e-01,6.311621e-01
3.492677e-01,7.848211e-01
2.709273e-01,5.498638e-01
9.657541e-02,5.698489e-01
5.355250e-01,8.640631e-01
1.836841e-01,3.113872e-01
1.797442e-01,4.955545e-01
1.562581e-01,5.523661e-01
3.289649e-02,4.831609e-01
4.041221e-02,4.363765e-01
3.083817e-02,5.741537e-01
4.456620e-02,4.513057e-01
8.804001e-02,5.870927e-01
5.297162e-02,5.232778e-01
9.036339e-02,4.747539e-01
5.730190e-02,5.052197e-01
2.579303e-01,5.548065e-01
1.756201e-02,7.340994e-01
8.096259e-02,4.459025e-01
1.302815e-01,4.684502e-01
5.308035e-02,6.075844e-01
5.675452e-01,7.478054e-01
8.896347e-02,4.408745e-01
1.061268e-01,4.766406e-01
1.459779e-01,5.430821e-01
1.504962e-01,6.678734e-01
8.700945e-02,4.379858e-01
2.202468e-02,4.556650e-01
8.171467e-02,5.694750e-01
1.286353e-01,5.379615e-01
1.353365e-01,3.770406e-01
2.572032e-01,4.452788e-01
1.279050e-01,7.871655e-01
1.611974e-01,4.258937e-01
2.056986e-01,4.200559e-01
4.606884e+00,1.017647e-01
9.815824e-02,6.223169e-01
1.307267e-01,4.610060e-01
2.675051e-01,4.897122e-01
1.228625e+00,2.535155e-01
4.293055e+00,3.457011e-02
8.813875e-02,3.877079e-01
1.885751e-01,6.398181e-01
3.529254e+00,2.694760e-01
5.559494e-01,8.147620e-01
9.394490e-02,5.089677e-01
1.155594e-01,4.398130e-01
4.231465e-01,6.487483e-01
5.029568e-02,5.679470e-01
5.890342e-02,4.451281e-01
2.093182e-01,6.511838e-01
7.234677e-02,5.288701e-01
1.551369e-01,4.291338e-01
2.540516e-01,6.943694e-01
1.291761e-01,5.773218e-01
8.557819e-01,7.916906e-01
1.638630e-03,5.705805e-01
4.014479e-01,5.679241e-01
1.842196e-01,6.016282e-01
2.337338e+00,4.721621e-01
2.256994e+00,7.970734e-01
2.052539e-01,5.259743e-01
1.251102e-01,3.888087e-01
8.583562e-01,8.502788e-01
8.364486e-02,4.739111e-01
9.112864e-02,5.185968e-01
1.275179e-02,5.181364e-01
5.900107e-01,5.606349e-01
2.863630e-02,4.542618e-01
4.966285e-02,4.841234e-01
1.004545e-01,4.115285e-01
3.573993e-01,5.006612e-01
1.571750e-01,3.991201e-01
1.833121e-02,6.419499e-01
1.319036e-01,3.309667e-01
1.450237e-01,5.158259e-01
1.524755e-01,4.198631e-01
6.871391e-01,6.422904e-01
6.216096e-02,4.843297e-01
1.378606e-01,6.349690e-01
1.617076e-01,4.324575e-01
3.148859e-01,4.648085e-01
6.806490e-02,7.391435e-01
2.793662e-02,4.783529e-01
3.011958e+00,8.516660e-01
8.666254e-02,4.711303e-01
4.900099e-01,4.394226e-01
9.355783e-02,3.522340e-01
1.533336e-01,7.238746e-01
1.822621e-01,3.853812e-01
1.835983e-01,5.060708e-01
1.515466e-01,6.106343e-01
6.517022e-01,8.601711e-01
9.608036e-02,5.937514e-01
1.267539e-01,4.599776e-01
3.035029e-01,6.089418e-01
6.799222e-01,7.239690e-01
5.053719e-02,4.692499e-01
5.577817e-02,4.409741e-01
2.918395e-01,6.900285e-01
1.692513e-01,5.990089e-01
2.209191e-01,5.724994e-01
4.093990e+00,2.300082e-03
1.223957e-01,5.202648e-01
1.712127e-01,3.533596e-01
2.128384e-02,5.454438e-01
8.381848e-02,4.057567e-01
4.562539e+00,3.008542e-02
1.231882e-01,6.273877e-01
1.013863e-01,5.677603e-01
5.244387e-02,4.393573e-01
8.460074e-01,7.350479e-01
1.570715e-01,3.546674e-01
2.461688e-01,5.210965e-01
8.476748e-02,5.197693e-01
1.549035e-01,4.035579e-01
1.120177e-01,4.055625e-01
1.928603e-01,6.780728e-01
5.447083e-01,6.774087e-01
7.881536e-02,5.815253e-01
1.645561e-01,4.579682e-01
2.065044e-01,7.241157e-01
3.087042e-01,3.321715e-01
7.534776e-02,5.495511e-01
1.242730e+00,1.795577e-01
4.155175e-02,6.299310e-01
1.180141e+00,7.131937e-01
4.554674e+00,7.250317e-02
4.644131e-02,9.372615e-01
9.007438e-02,5.899073e-01
2.661328e+00,7.761800e-01
2.913563e-01,6.834398e-01
1.203901e-01,6.698249e-01
6.305115e-02,3.991026e-01
5.018660e-02,5.399119e-01
1.842709e-01,5.382759e-01
1.079969e-01,6.343524e-01
5.091555e-01,6.023170e-01
9.246509e-02,7.049359e-01
2.829838e-01,6.700533e-01
1.655475e-02,5.474569e-01
2.806588e-02,4.993354e-01
1.454144e-03,5.262024e-01
1.284209e-02,4.664713e-01
7.257556e-01,6.629770e-01
8.477033e-01,6.701800e-01
2.219921e-01,5.035162e-01
4.993511e-02,5.518668e-01
1.357097e-01,4.071769e-01
4.455920e+00,7.909636e-02
6.513676e-02,4.065593e-01
5.436394e-02,6.978422e-01
3.820240e-02,5.861247e-01
6.008544e-02,6.034739e-01
1.774585e-01,4.155986e-01
1.323106e-01,5.978798e-01
4.448221e-02,6.248860e-01
3.442472e-01,6.769050e-01
1.362066e-02,5.032680e-01
4.505677e-02,6.126334e-01
4.800687e-02,4.293781e-01
2.033955e-01,3.963872e-01
1.024857e-01,3.651088e-01
1.295091e-01,4.128907e-01
1.924333e-01,4.768278e-01
3.698706e-01,4.797905e-01
4.299029e-01,6.542455e-01
1.385234e-01,5.054033e-01
1.054534e-01,7.609617e-01
3.415980e-01,5.152219e-01
4.184748e-01,6.694657e-01
4.000742e-01,2.901786e-01
3.441484e-01,7.848492e-01
1.191575e-01,4.130511e-01
5.835496e-01,5.618994e-01
1.812034e-01,6.137862e-01
4.080486e-02,4.641503e-01
1.207925e-01,8.359229e-01
1.708856e-01,6.725312e-01
1.031257e-01,3.785868e-01
3.463716e-01,6.374332e-01
7.654303e-01,7.577168e-01
8.938086e-02,5.366198e-01
5.939191e-02,4.751582e-01
1.605234e-01,3.843114e-01
1.341248e-01,5.235244e-01
1.319402e-01,4.950572e-01
1.325478e-01,4.124352e-01
1.086753e-01,6.524843e-01
3.993370e-01,6.331743e-01
2.005033e-01,7.132332e-01
1.788110e-01,7.402563e-01
5.413437e-01,5.468650e-01
2.620588e-01,5.603806e-01
2.257290e-02,5.020525e-01
9.281036e-02,3.763691e-01
6.867020e-01,5.817328e-01
2.513166e-01,6.781326e-01
1.595669e-01,3.523680e-01
1.264024e-01,4.626462e-01
1.223129e-01,4.922056e-01
1.311559e-02,5.295244e-01
6.256223e-02,4.652029e-01
1.067696e-01,5.323195e-01
1.321690e-01,4.385753e-01
1.732309e-01,5.484491e-01
2.876126e-01,6.329631e-01
1.295465e+00,4.850031e-01
2.352542e-01,4.795722e-01
6.886520e-02,5.883496e-01
6.767049e-02,5.777273e-01
1.634943e-01,3.581275e-01
5.021796e-02,4.226514e-01
5.337463e-02,4.455335e-01
4.494285e-04,5.576085e-01
1.796549e-01,3.362018e-01
7.629052e-02,4.291061e-01
6.229596e-02,3.740075e-01
3.783673e+00,7.489142e-02
2.371671e-01,4.754649e-01
1.286945e-01,5.050820e-01
1.409251e-01,3.812694e-01
5.807982e-01,7.215252e-01
6.372293e-02,6.118452e-01
2.485738e-01,5.399820e-01
2.431669e+00,5.587401e-01
1.117691e-01,5.159893e-01
5.545289e-02,5.749179e-01
6.472742e-01,3.953249e-01
1.465798e-01,3.338552e-01
2.689012e-01,2.797534e-01
6.230168e-02,6.928724e-01
1.486978e-01,3.623837e-01
1.021107e+00,1.751086e-01
5.522066e-02,5.376177e-01
4.760627e-01,6.421901e-01
3.982556e-01,6.787189e-01
8.006024e-02,5.827227e-01
1.413852e-01,5.473143e-01
8.227398e-02,5.009653e-01
1.212782e-01,3.806167e-01
3.324133e-01,7.651827e-01
1.817870e-01,7.328246e-01
3.483209e-01,3.894506e-01
8.225542e-01,7.121117e-01
1.518408e-01,5.447135e-01
4.976880e-02,5.473308e-01
2.690081e-02,6.059175e-01
3.064289e-01,4.866693e-01
1.683012e-01,4.779635e-01
7.848581e-02,5.490041e-01
3.015958e-01,6.810382e-01
4.727955e-01,3.380538e-01
1.787728e-01,5.667887e-01
1.161179e-01,4.697786e-01
1.505512e-01,4.146023e-01
1.934951e-01,4.992956e-01
3.264380e-01,8.011691e-01
5.850745e-02,7.479506e-01
1.369047e-01,5.631662e-01
5.470074e-01,7.948663e-01
7.575142e-02,4.764955e-01
6.120101e-02,4.172199e-01
4.468164e-01,7.441685e-01
4.921868e-02,5.525270e-01
1.164452e-01,7.015956e-01
1.090437e-01,6.052522e-01
5.460622e-01,5.401723e-01
3.940927e-02,4.396454e-01
1.497838e-01,6.872870e-01
5.745511e-02,7.207847e-01
1.234888e-01,4.395400e-01
1.784515e-02,5.298554e-01
1.162956e-01,4.367899e-01
1.796636e-01,3.783971e-01
3.305981e-02,4.501856e-01
1.162129e-01,3.688718e-01
2.969168e-01,5.634289e-01
1.711130e-01,4.448922e-01
8.714915e-02,6.535633e-01
1.911605e+00,8.996388e-01
2.074291e-02,5.600100e-01
1.898182e-01,3.620059e-01
2.103500e-02,5.620855e-01
7.050558e-02,7.111035e-01
1.951266e-01,3.852499e-01
1.430218e-02,5.096739e-01
1.460451e-01,3.835852e-01
2.053899e-02,5.508194e-01
3.751787e-01,3.834585e-01
1.352314e-01,5.342279e-01
1.529038e-01,4.311915e-01
2.889243e-02,4.610596e-01
1.104670e-01,4.960874e-01
8.740266e-02,3.836969e-01
2.216077e-01,4.780796e-01
1.548598e+00,5.377893e-01
6.348187e-03,8.124271e-01
7.088055e-01,5.613646e-01
1.149583e-01,5.130505e-01
1.103763e-01,4.680354e-01
1.738914e-01,5.290834e-01
1.682875e-01,4.920439e-01
1.297287e-01,4.291008e-01
2.869724e-01,6.781011e-01
4.398113e-01,6.544937e-01
9.652801e-01,7.236142e-01
1.286517e-01,4.605735e-01
1.434447e-01,6.321679e-01
1.816133e-01,4.563180e-01
2.606202e-01,1.004842e+00
1.721032e-01,5.354205e-01
1.104280e-01,4.586092e-01
3.041226e-01,6.365064e-01
4.422929e-01,7.694385e-01
1.241450e-01,4.412800e-01
8.409745e-01,1.394596e-01
1.386825e-02,5.288308e-01
1.365632e-01,6.385091e-01
3.991997e-01,5.324817e-01
2.966680e-02,5.541314e-01
1.227543e-01,5.457253e-01
1.778485e-02,5.439788e-01
1.279755e-01,4.330609e-01
2.818137e-01,7.203689e-01
8.335236e-02,3.968077e-01
1.354454e-01,4.941719e-01
4.196389e-01,6.355681e-01
2.230878e-01,4.321676e-01
1.444531e+00,7.097389e-02
4.171334e-02,5.336521e-01
8.476429e-02,8.198852e-01
8.304272e-02,5.541835e-01
1.097474e-01,3.748297e-01
1.924818e-01,6.831108e-01
5.285178e-01,6.829494e-01
6.402107e-02,4.802710e-01
1.360277e-01,4.350195e-01
7.026131e-01,5.319014e-01
4.481284e-02,6.222367e-01
1.020387e-01,5.859162e-01
1.147009e-01,6.961691e-01
1.602139e-01,4.455571e-01
2.250557e-01,3.647045e-01
4.208400e+00,4.927379e-02
1.864768e-02,5.619407e-01
6.291583e-02,5.961765e-01
7.211730e-02,7.799573e-01
8.790514e-02,7.161717e-01
5.147679e-02,5.574801e-01
1.267420e-01,3.544800e-01
2.894052e-01,7.063395e-01
3.254073e-02,5.092797e-01
6.184294e-02,4.049052e-01
4.978388e-02,4.652548e-01
4.232061e-02,5.237140e-01
1.056471e-01,6.951335e-01
2.201212e-01,4.302120e-01
3.918022e-01,6.588746e-01
7.295945e-02,5.447180e-01
1.625308e+00,1.787116e-01
4.820031e-01,5.827895e-01
6.172256e-01,8.122233e-01
3.578979e-01,5.681961e-01
2.562082e-01,7.932013e-01
2.544831e-01,4.923333e-01
2.972724e-01,5.912369e-01
6.047273e-01,5.025257e-01
7.436830e-02,5.152842e-01
3.522683e-02,5.044599e-01
4.518830e-02,4.436986e-01
2.246974e-01,5.338482e-01
3.825624e-01,7.353833e-01
6.761848e-02,4.605436e-01
1.254436e+00,6.541102e-01
2.895446e-01,8.750246e-01
9.712610e-02,4.192849e-01
1.201172e+00,8.931073e-01
7.261290e-02,7.161956e-01
5.272668e-02,4.320628e-01
5.482526e-02,4.817109e-01
9.081127e-01,8.630446e-01
1.745621e-01,5.214314e-01
1.272344e-02,5.205072e-01
1.618377e-01,3.502755e-01
5.282286e-02,5.468612e-01
2.843723e-01,3.921071e-01
1.117698e-01,4.222033e-01
1.453503e-01,5.694514e-01
1.777126e-01,6.146583e-01
9.914799e-02,7.175348e-01
1.126208e-01,4.096960e-01
4.214181e+00,6.973767e-02
1.640777e-01,5.498498e-01
3.256300e-02,4.600219e-01
4.231456e-01,6.299921e-01
3.685894e-02,6.108090e-01
2.324094e-01,3.415158e-01
1.113386e-01,5.585894e-01
7.071045e-02,4.319034e-01
2.157243e+00,1.222981e-01
3.912949e-02,4.656941e-01
2.249316e-01,6.954121e-01
1.859965e-01,7.617705e-01
4.026957e+00,2.961879e-01
1.328058e-01,5.223952e-01
3.802237e-01,6.718887e-01
1.252649e-01,4.824514e-01
1.352267e-01,5.178197e-01
9.222685e-02,6.371611e-01
1.798992e-01,7.040840e-01
7.025289e-02,5.073533e-01
3.435181e+00,3.444401e-01
1.431563e-01,4.706539e-01
6.514287e-01,6.165813e-01
1.258957e-01,6.061357e-01
2.001290e-02,5.630273e-01
2.875274e-01,5.158099e-01
1.865173e-01,3.462906e-01
4.170478e-02,4.398747e-01
1.249581e-01,5.952765e-01
8.450101e-02,4.262295e-01
4.833130e-01,3.682209e-01
4.951815e-02,4.537765e-01
1.063519e-01,4.178174e-01
2.742284e-02,4.694478e-01
4.226918e-01,5.928961e-01
1.277092e-01,7.779674e-01
6.021452e-01,8.190859e-01
2.492111e-01,8.746773e-01
1.053174e-01,4.093921e-01
5.920824e-01,6.853359e-01
2.247748e+00,3.765257e-01
3.805568e-02,4.408927e-01
2.303062e-01,6.904595e-01
1.305541e-01,5.268148e-01
1.720720e-02,4.577596e-01
1.065915e-01,5.371728e-01
1.195164e-01,5.205734e-01
1.717539e-01,4.560248e-01
7.461080e-02,4.165861e-01
5.077536e-01,6.270552e-01
2.070181e-01,5.196593e-01
1.694292e-01,7.465568e-01
7.290790e-02,5.635226e-01
1.470340e-01,7.038886e-01
7.532109e-01,8.557281e-01
6.816372e-02,5.045892e-01
1.070997e-02,5.411197e-01
4.415122e+00,3.066067e-01
1.004710e-01,5.732930e-01
4.585851e-02,5.532787e-01
1.378052e-01,4.193137e-01
6.324514e-01,4.980800e-01
1.412162e-01,4.513401e-01
1.673665e-01,6.523277e-01
2.569040e+00,1.273516e-01
1.773517e-02,5.346460e-01
2.178271e-01,8.707724e-01
2.396499e-01,4.028381e-01
1.051752e-01,5.619243e-01
1.167122e-01,3.942026e-01
1.297779e-01,4.243662e-01
2.472523e-01,3.934879e-01
4.981107e-02,5.754275e-01
9.357470e-02,7.367383e-01
1.058081e-01,5.238269e-01
7.880716e-02,4.572673e-01
2.597474e-01,6.445728e-01
3.803820e-01,6.553304e-01
5.948286e-02,4.188032e-01
8.840621e-02,7.579134e-01
2.014936e-01,5.950890e-01
7.422879e-02,5.013449e-01
1.139586e-01,4.061186e-01
9.810114e-02,4.394881e-01
1.060364e-01,5.540968e-01
7.654285e-02,4.898340e-01
3.247684e-01,6.174816e-01
3.879252e-02,5.973041e-01
2.686543e-01,4.745855e-01
2.654754e-01,6.627408e-01
2.282721e-01,7.017124e-01
9.168425e-02,6.446950e-01
4.228703e-02,5.026433e-01
5.007668e-02,5.517364e-01
2.528160e-01,2.758186e-01
1.757825e-01,3.772843e-01
1.698068e-01,6.149095e-01
8.196059e-01,5.882183e-01
6.146121e-02,4.474604e-01
1.274755e-01,5.343409e-01
2.579425e-02,4.381236e-01
1.214469e+00,3.626907e-01
3.795266e-02,4.808464e-01
7.066834e-02,4.202191e-01
5.072617e-02,6.871266e-01
1.173945e-01,4.592236e-01
2.136331e-01,4.432246e-01
6.023578e-01,7.790312e-01
7.722923e-02,4.376196e-01
8.683627e-02,4.287668e-01
8.918153e-01,5.146444e-01
1.431801e-01,4.307733e-01
4.932964e-02,4.867751e-01
7.059006e-01,5.945217e-01
2.709303e-01,6.717819e-01
1.880613e-01,3.425232e-01
4.577266e-02,4.900528e-01
3.547856e-01,1.058748e+00
3.960248e-01,5.002377e-01
1.116026e-01,4.036004e-01
6.432229e-02,4.776488e-01
1.198649e-01,5.436986e-01
1.931950e-01,5.323971e-01
1.672726e-02,5.848121e-01
1.445518e-01,6.897635e-01
1.179666e-01,3.860129e-01
1.123708e-01,5.552936e-01
3.177593e-01,5.840816e-01
1.000595e-01,4.259604e-01
1.361360e-01,5.849762e-01
5.456889e-01,6.132000e-01
1.078886e-01,4.398476e-01
3.602728e-01,6.551037e-01
5.696107e-02,4.234716e-01
3.742631e-01,5.507711e-01
2.472207e-01,4.826131e-01
1.245898e-01,3.752204e-01
1.231754e-01,4.773430e-01
6.952903e-01,8.879996e-01
2.623241e-01,3.584977e-01
3.560987e+00,5.637943e-01
2.723984e-01,9.681975e-01
7.116552e-01,6.876935e-01
2.174266e-01,4.913109e-01
1.988505e-01,3.771291e-01
4.998715e-01,8.101658e-01
1.501991e-01,4.219608e-01
2.112593e-01,6.681522e-01
2.570654e-01,5.462250e-01
5.160591e-02,4.987453e-01
1.107792e-01,3.809127e-01
4.201261e+00,1.599284e-02
6.187232e-02,5.033527e-01
1.153855e-01,5.736173e-01
5.459993e-01,8.771616e-02
1.527344e-01,4.594833e-01
1.585431e-01,4.283396e-01
1.709524e-01,4.426955e-01
1.562832e-01,4.444899e-01
2.292733e-01,3.631627e-01
1.669528e-01,5.190648e-01
3.530205e-01,4.953177e-01
2.995889e-01,4.929722e-01
8.076226e-02,5.750419e-01
2.293151e+00,7.004504e-01
2.234412e-01,5.584521e-01
6.773665e-02,4.416776e-01
1.092461e-01,4.221843e-01
1.636216e-02,4.679169e-01
6.657984e-02,4.568114e-01
2.054020e-01,5.281824e-01
3.324832e-02,4.898706e-01
8.628509e-02,5.933991e-01
4.976066e-01,4.980721e-01
2.981963e-02,6.149510e-01
2.779285e-01,5.293445e-01
1.032963e-01,4.698703e-01
1.264321e-01,4.696526e-01
5.253620e-01,4.889083e-01
6.881721e-02,6.001170e-01
4.947566e-02,5.452563e-01
6.465082e-02,4.937585e-01
7.135028e-02,4.617940e-01
1.226143e-01,7.076341e-01
1.370915e-01,6.145760e-01
4.751466e-02,4.485888e-01
2.243208e-01,5.365399e-01
7.598374e-02,4.293888e-01
1.541966e-01,6.105370e-01
1.219608e-01,6.238294e-01
4.016210e-02,4.577087e-01
1.666988e-01,4.935079e-01
1.912787e-01,6.396714e-01
1.286325e-02,6.540224e-01
1.444881e-01,5.866584e-01
1.983827e-01,4.361760e-01
1.104999e+00,2.150344e-01
6.881862e-02,4.078557e-01
4.552774e+00,2.032736e-02
1.859896e-02,5.338500e-01
8.422838e-02,6.374977e-01
6.291290e-02,4.203317e-01
1.494971e-01,5.492178e-01
1.406811e-01,4.705902e-01
9.889375e-02,4.411024e-01
1.477082e-01,9.377307e-01
7.486026e-02,4.585596e-01
4.426843e-01,6.752925e-01
2.757266e-01,4.375882e-01
1.888841e-01,4.613413e-01
3.381211e-01,4.082281e-01
4.736985e-01,8.835212e-01
5.609409e-02,4.852310e-01
7.110967e-02,6.026937e-01
7.764895e-02,4.958487e-01
2.321545e-01,6.113834e-01
1.261375e-01,4.535117e-01
6.576744e-02,4.505261e-01
1.315769e-01,5.000813e-01
2.500209e-01,6.933943e-01
1.895820e-01,6.881275e-01
2.658944e-02,5.710349e-01
3.462770e-01,7.524075e-01
1.065172e-01,5.067611e-01
1.351959e-01,3.842041e-01
1.164958e+00,6.990488e-01
3.539431e-02,5.019609e-01
2.327522e-01,4.748439e-01
1.806334e-02,5.577899e-01
3.575826e-02,6.118233e-01
1.250102e-01,7.640420e-01
1.542585e-02,5.203616e-01
7.052371e-02,3.828382e-01
8.284231e-02,3.996224e-01
1.676386e-01,5.958058e-01
2.406148e+00,2.774551e-01
3.106114e-01,5.789452e-01
1.185295e-01,6.856071e-01
2.433888e-02,4.793235e-01
2.299095e-01,5.923505e-01
6.500743e-02,4.770174e-01
2.758723e-01,6.414370e-01
4.219261e-02,5.965156e-01
2.048673e-01,2.965564e-01
1.719259e-01,4.582110e-01
9.047821e-02,4.934052e-01
4.317266e-01,8.471696e-01
1.337744e+00,9.595179e-01
1.415669e-01,6.432768e-01
6.070419e-01,7.559577e-01
8.902914e-02,4.642603e-01
1.045145e+00,1.102534e+00
2.076159e-01,4.558033e-01
1.969756e-01,5.992522e-01
6.145363e-02,6.162809e-01
2.147564e-01,7.376132e-01
7.986089e-02,5.618047e-01
2.277272e-01,4.654066e-01
4.373140e-01,7.388570e-01
8.335701e-02,4.999673e-01
9.668002e-02,8.159389e-01
3.726242e-02,5.025841e-01
1.044110e-01,5.133912e-01
1.987130e-01,4.241484e-01
1.450227e-01,3.962505e-01
5.519295e+00,7.457781e-02
2.119643e-01,5.268246e-01
4.238557e-02,4.673830e-01
3.183263e-01,7.265817e-01
4.263123e-02,5.679758e-01
7.849808e-01,8.358312e-01
1.217521e-01,4.809992e-01
5.482914e-02,5.051537e-01
1.964286e-01,4.942478e-01
1.577030e-01,4.783511e-01
2.282157e-02,4.736878e-01
4.366753e-01,5.659427e-01
3.004541e-02,5.373701e-01
2.308845e-01,3.804350e-01
1.995564e-01,5.452922e-01
1.349080e-01,5.814186e-01
6.175153e-02,4.518821e-01
1.477236e-01,8.603436e-01
5.743853e-01,7.039883e-01
2.427656e-01,3.858992e-01
1.639319e-01,5.218485e-01
1.035920e-01,4.250499e-01
1.445252e-01,5.772457e-01
5.650502e-01,4.734379e-01
3.908362e+00,2.483813e-01
1.903634e-01,6.452041e-01
2.742054e-01,5.398092e-01
1.014956e-01,3.894675e-01
6.139247e-02,6.257158e-01
3.651145e+00,1.647745e-02
6.686941e-01,6.428749e-01
8.897845e-02,5.745047e-01
1.155084e-01,5.875718e-01
7.722590e-02,5.454758e-01
4.916030e-01,1.413322e+00
5.626447e-02,4.756954e-01
9.223288e-01,8.100859e-01
1.262276e-02,4.619841e-01
1.681446e+00,1.273507e+00
1.765370e+00,6.006354e-01
1.798829e-01,1.229297e+00
2.665199e-02,4.725027e-01
1.918098e+00,3.450112e-01
6.899246e-01,8.718423e-01
3.688305e-03,5.499347e-01
5.002387e-02,5.564743e-01
4.475959e+00,3.483968e-02
1.106578e-01,5.357704e-01
4.306015e+00,5.076341e-02
5.253055e+00,3.389065e-03
4.180720e-02,4.796391e-01
8.830964e-02,5.399515e-01
3.270304e-01,3.598322e-01
2.027364e-01,4.134070e-01
2.724567e-01,5.625223e-01
4.521232e-02,4.858798e-01
8.256829e-01,8.030140e-01
8.928300e-02,9.071620e-01
1.241679e-01,5.819369e-01
9.248736e-02,4.962431e-01
1.199968e-01,3.466279e-01
3.665103e-01,5.579152e-01
7.760330e-02,7.186309e-01
1.079290e-01,4.304318e-01
7.055050e-02,5.422486e-01
5.494706e-02,4.300167e-01
1.383636e+00,7.859295e-01
1.666964e+00,8.015134e-01
2.999854e-01,8.654035e-01
2.430891e-01,6.669571e-01
2.259846e-01,6.311367e-01
8.954797e-01,6.073976e-01
1.340644e-01,5.048230e-01
9.261057e-02,5.617792e-01
4.568461e-02,4.080717e-01
2.520464e-01,4.265843e-01
3.301910e-01,4.249140e-01
3.100792e-01,6.380513e-01
1.884659e-01,3.960769e-01
1.079773e-01,3.623930e-01
1.133453e-01,4.699888e-01
1.045796e+00,5.931485e-01
6.260339e-02,4.276508e-01
7.202450e-02,4.260033e-01
2.897410e-01,5.887984e-01
4.562744e+00,5.334336e-02
6.962389e-02,4.540064e-01
2.106854e-01,5.748957e-01
4.791912e-02,4.575946e-01
1.026317e-01,5.689574e-01
3.945419e-01,2.366607e-01
5.158223e-02,6.277219e-01
7.149714e-02,4.640034e-01
6.334637e-02,7.950735e-01
1.668349e-01,4.277327e-01
1.982582e-01,5.793133e-01
3.716080e-02,5.003331e-01
1.760673e-01,4.098467e-01
2.787572e-01,6.294001e-01
1.124368e+00,7.786553e-01
1.106016e-01,5.780256e-01
1.114957e-01,4.670039e-01
1.477005e-01,6.868621e-01
2.004707e-01,5.303818e-01
3.174677e-02,4.302938e-01
6.565603e-02,6.217870e-01
2.896904e-02,4.586444e-01
4.493655e-01,7.699551e-01
1.460994e+00,6.419615e-01
1.304051e-01,6.207373e-01
1.254552e-01,6.088862e-01
3.775572e-01,5.242893e-01
3.225535e-01,4.694661e-01
1.524486e-01,5.910461e-01
1.282547e+00,7.852967e-01
1.161440e+00,6.296069e-01
8.507496e-02,4.749379e-01
1.534074e-01,4.072812e-01
2.946969e-01,6.616045e-01
1.580232e-01,4.663329e-01
4.320035e-01,6.921687e-01
1.826057e-01,5.468442e-01
6.661012e-01,5.655466e-01
4.051272e-01,7.099009e-01
1.220041e-01,4.151172e-01
5.694723e-02,5.383714e-01
1.476566e-01,6.915918e-01
1.480205e-01,4.192790e-01
3.348471e-01,2.635331e-01
1.061972e-01,5.070559e-01
7.024810e-02,3.971600e-01
2.110036e-01,4.597155e-01
1.172636e-01,5.742313e-01
8.266884e-02,5.779743e-01
1.449271e-01,5.557736e-01
3.122917e-02,4.870420e-01
6.098461e-02,5.862329e-01
1.101336e-01,5.292195e-01
6.370084e-02,5.157356e-01
5.524403e-01,5.905661e-01
1.947454e-01,6.130305e-01
1.961539e-01,6.187666e-01
7.250151e-02,9.296598e-01
4.319827e-02,4.408431e-01
9.770518e-02,6.696270e-01
5.746472e-02,5.730640e-01
3.821369e-02,4.243346e-01
4.381971e-01,6.231562e-01
4.417164e-02,4.915281e-01
3.767150e-05,5.134399e-01
9.801546e-02,4.161207e-01
3.878278e-02,5.715221e-01
7.922124e-02,6.139761e-01
1.988556e-01,3.302317e-01
1.565154e-01,4.208296e-01
5.396610e-02,4.637456e-01
4.312200e+00,5.444202e-02
2.047973e-02,4.992921e-01
2.037295e-01,3.515315e-01
1.918356e-01,4.445536e-01
1.037910e-01,5.796123e-01
1.677150e-01,4.011307e-01
5.958250e-01,7.287799e-01
4.956733e-01,5.397124e-01
6.646845e-02,4.240892e-01
1.266311e-01,4.319552e-01
1.288033e-01,4.698123e-01
1.643735e-01,4.933060e-01
2.159475e-01,8.068547e-01
5.444734e-02,4.422004e-01
8.805227e-02,4.229570e-01
9.779240e-02,3.952246e-01
4.551269e+00,1.154991e-01
6.114866e-02,5.133981e-01
9.761796e-02,6.697074e-01
1.190671e-01,6.124281e-01
3.836203e+00,1.741976e-01
1.472727e-01,6.638099e-01
3.568118e-01,7.286319e-01
2.028952e-02,5.041566e-01
2.115630e-01,5.740870e-01
2.048614e-01,6.482568e-01
3.609940e+00,3.522158e-01
3.627230e-02,4.355021e-01
6.290658e-02,7.251398e-01
8.353000e-01,1.423439e-01
5.260963e-02,5.048543e-01
1.381955e-01,5.479089e-01
1.001696e-01,5.126103e-01
9.108646e-01,7.409326e-01
3.553824e-02,4.854159e-01
1.637591e-01,3.649173e-01
2.809110e-03,5.671573e-01
8.177641e-02,4.592204e-01
3.462075e-01,6.469630e-01
8.127407e-02,4.573387e-01
1.403586e-01,4.544750e-01
9.619693e-02,4.318643e-01
2.689086e-02,5.965482e-01
9.243603e-02,4.822226e-01
1.600929e-01,3.682957e-01
1.570667e-01,7.485702e-01
3.685322e-01,6.287357e-01
1.589013e-01,5.710322e-01
1.239810e-01,6.993408e-01
1.357316e+00,5.733749e-01
1.962717e-01,5.225280e-01
8.770951e-02,4.514085e-01
7.888182e-02,4.876787e-01
5.675910e-01,5.648818e-01
2.011917e-01,4.851694e-01
3.757881e-02,3.920948e-01
4.895751e-01,5.382980e-01
2.466614e-01,4.292019e-01
9.204022e-02,4.544517e-01
1.845054e-01,6.412236e-01
2.577127e-02,5.366194e-01
1.197896e+00,3.404478e-01
1.022137e-01,4.779018e-01
8.391988e-02,6.401266e-01
3.134829e-02,4.775537e-01
1.099508e-01,4.285688e-01
1.119972e-01,3.633779e-01
3.529975e+00,4.493486e-01
8.585479e-02,4.343605e-01
3.530813e-01,6.124933e-01
4.995632e-02,6.620450e-01
1.281006e-01,6.908553e-01
2.963639e-01,6.553791e-01
5.607704e+00,1.689569e-01
3.604853e-02,5.201151e-01
1.530858e-01,4.450916e-01
6.832043e-01,5.896452e-01
1.366360e-01,4.508714e-01
1.470314e-01,4.131566e-01
2.626370e-01,4.965427e-01
1.824979e-01,6.618306e-01
3.657129e-02,5.946617e-01
1.033115e-01,5.847433e-01
2.423343e-01,4.753927e-01
1.994517e-01,6.251062e-01
7.200881e-02,5.737296e-01
2.553851e-02,8.486701e-01
4.355128e+00,3.129671e-02
5.868997e-01,7.463829e-01
7.598297e-02,6.919884e-01
1.046564e-01,4.029673e-01
1.602306e-02,5.010542e-01
1.252192e-01,4.309115e-01
1.814557e-01,4.166045e-01
8.661649e-02,4.055230e-01
5.003346e-02,4.486124e-01
9.525565e-02,6.765735e-01
2.113121e-01,6.516911e-01
2.324613e-01,5.923436e-01
1.223181e-01,5.086132e-01
8.921288e-01,1.231813e+00
1.491518e-01,7.253834e-01
2.528073e-01,5.126346e-01
1.772959e-01,3.923021e-01
6.164103e-02,4.519839e-01
4.905426e-02,5.081305e-01
1.403058e-01,3.982524e-01
8.506780e-02,5.757637e-01
6.337858e-02,5.582359e-01
1.265620e-01,6.055217e-01
1.019860e-01,6.281681e-01
9.178040e-01,7.650182e-01
9.921159e-02,5.603858e-01
1.152659e-01,5.221455e-01
2.753274e-02,4.271431e-01
1.728630e-01,5.229971e-01
4.109613e+00,8.872242e-02
9.122593e-01,1.558338e-01
4.833514e-01,9.144850e-01
9.015159e-02,5.570113e-01
7.344821e-02,5.864710e-01
1.062725e-01,4.811956e-01
2.072699e+00,1.187294e+00
4.665458e+00,6.420224e-02
1.119367e-01,5.345919e-01
3.523628e+00,3.614116e-01
4.866900e-01,6.300526e-01
1.229297e-01,4.166089e-01
1.579427e-01,6.258420e-01
1.772911e-01,5.470523e-01
6.613840e-02,4.712860e-01
1.086171e-01,3.453910e-01
2.175500e-01,8.147565e-01
8.644679e-02,4.385043e-01
2.330549e+00,4.948299e-01
9.713162e-01,1.131367e-01
2.155389e-01,6.642086e-01
1.299839e-01,5.859560e-01
6.049929e-02,4.155219e-01
5.829103e-02,6.567094e-01
1.138488e-01,4.624909e-01
1.497913e-01,5.934947e-01
4.025282e-02,4.177663e-01
1.051144e-01,5.197769e-01
2.585829e+00,3.557231e-01
3.838026e-02,4.265258e-01
1.311657e-01,3.902625e-01
1.765760e-01,5.289542e-01
1.774182e-02,4.619563e-01
1.750554e-01,5.115983e-01
2.379059e-01,5.287106e-01
7.244430e-02,4.631306e-01
3.749551e-01,7.634951e-01
2.486698e-01,4.484529e-01
1.207017e-01,4.772778e-01
7.029577e-02,4.697997e-01
8.287786e-01,7.415455e-01
5.400300e-02,4.801240e-01
3.830572e-01,4.066788e-01
6.454775e-01,9.854834e-01
2.010613e-01,3.352331e-01
1.038965e-01,4.974528e-01
6.755998e-02,5.426597e-01
2.429146e-01,8.382761e-01
8.515240e-02,4.045275e-01
1.702413e-01,4.245938e-01
1.666882e-01,4.302126e-01
5.115216e-01,6.001367e-01
3.468071e-01,7.378511e-01
5.577363e-01,5.786521e-01
2.743148e-01,3.638609e-01
4.356487e-01,6.208153e-01
1.624369e-02,5.313311e-01
7.067514e-02,5.702693e-01
3.223289e-01,8.963962e-01
1.891717e-01,5.947203e-01
1.098197e-01,4.521359e-01
1.753873e-01,4.573660e-01
1.286100e-01,4.653011e-01
1.195620e-01,4.900512e-01
1.365852e-01,4.157487e-01
1.619160e-01,3.759942e-01
5.035314e+00,5.397780e-02
1.745440e-01,4.370413e-01
2.219233e-01,4.942012e-01
3.549907e-02,4.526271e-01
8.219434e-04,5.244404e-01
3.027353e-01,5.838583e-01
8.558301e-02,4.463341e-01
5.447636e-01,8.578944e-01
3.482971e-02,5.024812e-01
2.228764e-01,7.746789e-01
5.034618e-02,5.538327e-01
7.458821e-02,5.314940e-01
4.002378e-01,6.159318e-01
1.245517e-01,4.127696e-01
8.976611e-03,5.638186e-01
3.165357e-01,6.227233e-01
2.011316e-01,5.203943e-01
8.876844e-02,5.629751e-01
3.750201e-01,4.539436e-01
4.514211e-01,5.945581e-01
1.719691e-01,4.464480e-01
1.859843e-01,4.968382e-01
1.851272e-01,6.429953e-01
1.038502e-01,9.101509e-01
4.111856e-02,5.013754e-01
1.620413e-01,4.602856e-01
4.062082e+00,2.935766e-02
1.710941e-01,5.363503e-01
9.845637e-02,4.743303e-01
2.978578e-01,6.024206e-01
5.062665e-02,4.128963e-01
1.540793e-01,5.051366e-01
3.502712e-02,5.468473e-01
3.994174e-02,5.657649e-01
3.626383e+00,7.915411e-02
1.807334e-01,6.118746e-01
1.217388e-01,4.739775e-01
6.288665e-02,6.173050e-01
2.115756e-01,4.943579e-01
4.293338e-01,7.297982e-01
2.226471e-01,7.186190e-01
1.560082e-01,4.728789e-01
1.874399e-01,5.048755e-01
2.715333e-01,3.969043e-01
4.559383e-02,5.066300e-01
5.031576e-02,4.929003e-01
1.882547e-01,3.611021e-01
3.546920e-01,5.992859e-01
9.324484e-02,5.611948e-01
2.919066e-01,5.141192e-01
5.599792e-02,4.970427e-01
4.129050e+00,5.161583e-03
6.463253e-02,4.164024e-01
2.756204e+00,4.214642e-01
2.798403e-02,5.392696e-01
2.260692e-01,8.467650e-01
9.675829e-02,5.556125e-01
2.363021e-01,1.043663e+00
1.643798e-01,5.941194e-01
4.764302e+00,9.035057e-02
9.855350e-02,4.085910e-01
1.381218e-01,3.815079e-01
2.518247e-02,5.137156e-01
8.297062e-01,7.617924e-01
6.306671e-02,4.952182e-01
3.849306e-01,5.432858e-01
6.434966e-03,5.403697e-01
2.345377e-02,5.153086e-01
1.754752e-01,3.869460e-01
3.220365e+00,6.267968e-01
3.024866e-01,7.083530e-01
4.604168e-01,6.120595e-01
1.332348e+00,3.619191e-01
1.595581e-01,6.829693e-01
3.517736e-02,5.185733e-01
6.772199e-02,4.416911e-01
8.510459e-01,2.943032e-01
1.322376e-01,4.900940e-01
7.785806e-02,5.753735e-01
1.133881e-01,4.277460e-01
4.740834e-01,1.063703e+00
1.602828e-01,5.533467e-01
4.236846e-01,6.060491e-01
1.473595e-01,4.620915e-01
1.334024e-01,4.374387e-01
2.270919e-01,6.394949e-01
5.248447e-02,5.424837e-01
4.898013e-02,5.597807e-01
1.716099e-01,6.320050e-01
2.223845e-01,4.703299e-01
1.036789e-01,5.679924e-01
4.312459e-01,8.523017e-01
5.272674e-02,4.648876e-01
1.218308e-01,5.067176e-01
3.173178e-01,7.931607e-01
5.776135e-02,5.352765e-01
4.077495e-02,5.345169e-01
8.263363e-02,3.693344e-01
2.955980e-01,5.622996e-01
2.189204e+00,5.430160e-01
1.466417e-01,5.799846e-01
5.398497e+00,3.583427e-02
9.149431e-03,4.745633e-01
9.564485e-01,9.427694e-01
5.004141e-01,7.885642e-01
5.656219e-01,7.753687e-01
3.164194e-01,6.626892e-01
3.744119e-01,3.325832e-01
1.478445e-01,5.249496e-01
3.005309e-01,5.038274e-01
2.051096e-01,6.527173e-01
1.064152e-01,4.341714e-01
1.995705e-01,4.679063e-01
9.026391e-02,6.436592e-01
4.934978e+00,1.065772e-01
3.175757e-02,6.764703e-01
6.333214e-02,5.348324e-01
1.386374e-01,6.084622e-01
2.850592e-01,4.172652e-01
4.155276e-02,6.369640e-01
2.622306e-01,4.922280e-01
2.462626e-01,5.374225e-01
1.400851e-01,5.227213e-01
7.265401e-02,5.168639e-01
5.630484e-02,4.592458e-01
1.285088e-01,4.583605e-01
9.431591e-02,4.640778e-01
1.505676e-01,4.122427e-01
7.499329e-02,4.303015e-01
7.360513e-02,5.488123e-01
6.275481e-02,6.924548e-01
1.368327e-01,4.882043e-01
4.430546e-01,5.811659e-01
2.850331e-01,5.884474e-01
1.069927e-01,4.453625e-01
2.111083e-01,6.213987e-01
3.970548e-01,5.461813e-01
1.370868e-01,4.739023e-01
4.853798e-01,7.133220e-01
7.369998e-01,7.018529e-01
2.519843e-01,7.830257e-01
1.712796e-01,4.822529e-01
1.509814e-01,5.150252e-01
1.263924e-01,3.829378e-01
3.794355e-01,6.608918e-01
1.872954e-01,4.206018e-01
2.229327e-01,4.792032e-01
9.206730e-02,5.200765e-01
4.269517e-01,7.062024e-01
1.975138e-01,7.464682e-01
9.941060e-02,5.766148e-01
6.951980e-02,4.541023e-01
4.776225e-02,4.038126e-01
3.993936e+00,9.620124e-01
3.507630e-01,5.841493e-01
1.053342e-01,4.562693e-01
2.683991e-01,5.639166e-01
1.713786e-01,6.181503e-01
2.050837e-01,4.464135e-01
7.995075e-02,4.679366e-01
1.224594e-01,4.287654e-01
6.419573e-02,5.082456e-01
1.127158e-01,4.705689e-01
4.206442e-01,2.829468e-01
1.523111e+00,8.871790e-01
4.102749e-02,4.686344e-01
1.832332e-02,5.200362e-01
1.334208e-02,5.762083e-01
2.654033e-02,4.679164e-01
1.308358e-01,6.578547e-01
1.069038e-01,4.735799e-01
1.571347e-01,5.234228e-01
3.891063e-01,7.035622e-01
1.661631e-02,4.840951e-01
6.622599e-02,6.892561e-01
1.291872e-01,4.108427e-01
2.824898e-01,3.446046e-01
1.531604e+00,6.003420e-01
1.121772e-01,5.554721e-01
1.177752e-01,6.558220e-01
4.761555e-02,6.313772e-01
1.045272e-01,3.796400e-01
1.478132e-01,4.100915e-01
2.250855e-01,4.303268e-01
3.736062e-01,5.630996e-01
7.861718e-02,6.074988e-01
2.364353e-01,5.886816e-01
2.149509e-01,6.530272e-01
1.799065e-01,6.618739e-01
1.335567e-01,5.615620e-01
6.473201e-02,8.688249e-01
9.579640e-01,7.022203e-01
2.737521e-01,4.229952e-01
1.396049e-01,4.575141e-01
1.772937e-01,6.338014e-01
3.151947e-01,5.911341e-01
3.616466e-01,7.382446e-01
2.656303e-01,9.744342e-01
5.948968e-02,5.711980e-01
9.668305e-02,4.384502e-01
1.005204e-01,8.944622e-01
7.996662e-02,4.843344e-01
2.701360e-01,6.256212e-01
3.180096e-01,5.674385e-01
1.283687e-02,4.524083e-01
8.607098e-02,4.294720e-01
6.636594e-02,5.625170e-01
1.155570e-01,4.257474e-01
2.259671e-01,6.006726e-01
2.113262e-01,5.110001e-01
3.062530e-01,8.525941e-01
5.101386e-02,5.836976e-01
8.016647e-02,5.240090e-01
3.294662e-02,5.112503e-01
4.239218e-01,8.473277e-01
2.503999e-01,6.836666e-01
8.173635e-02,4.522234e-01
7.370839e-02,4.596211e-01
8.279832e-02,3.949736e-01
4.008916e+00,8.303845e-02
1.965003e-01,4.660462e-01
1.875138e-01,4.344684e-01
1.001106e-01,4.470150e-01
1.125912e-01,3.862770e-01
6.111038e-01,7.264238e-01
8.941119e-02,5.436257e-01
2.094263e-01,7.659712e-01
1.032368e-01,5.660551e-01
3.980646e-01,5.429061e-01
1.368413e-01,6.148065e-01
2.258341e-01,5.328008e-01
8.107117e-02,4.786273e-01
8.396125e-02,4.478286e-01
1.165349e-01,5.514565e-01
6.641143e-01,9.495527e-01
1.184062e-01,4.606360e-01
1.464546e-01,6.739423e-01
4.458255e+00,3.239641e-02
1.022086e-01,7.147144e-01
3.283510e+00,2.934471e-02
5.898316e-04,5.105865e-01
1.320980e-01,5.535277e-01
4.571615e-02,5.698224e-01
2.062385e-01,5.743042e-01
9.879392e-02,4.599514e-01
1.072908e-01,5.670087e-01
3.090701e-01,7.913824e-01
8.034239e-02,5.168130e-01
1.697627e-01,7.063908e-01
1.573126e-01,6.123549e-01
9.002075e-01,2.583800e-01
1.119096e-01,5.674417e-01
8.824004e-02,3.969931e-01
2.129343e-01,7.510155e-01
1.515939e-01,5.566642e-01
8.853703e-02,4.506459e-01
2.073860e-01,5.498004e-01
5.285234e+00,1.003468e-01
1.216076e-01,4.928554e-01
7.884502e-02,4.033058e-01
5.219318e-01,8.039054e-01
7.677073e-02,4.685223e-01
5.436414e-02,4.891697e-01
3.763631e-01,8.208134e-01
5.546134e-02,4.201643e-01
2.219510e-01,4.965202e-01
7.497555e-02,5.076907e-01
9.377398e-02,5.489840e-01
1.694572e-01,3.244972e-01
1.402094e-01,3.491039e-01
5.066656e-02,5.418143e-01
7.515181e-02,4.184322e-01
2.946422e-01,6.686888e-01
2.079206e-01,4.180084e-01
2.667685e-02,5.264064e-01
3.736853e-02,5.165541e-01
1.603938e-01,4.219450e-01
4.798885e-02,5.442818e-01
1.189197e-01,5.891176e-01
5.146356e-01,7.332559e-01
6.891991e-02,4.757568e-01
3.311628e-01,7.710242e-01
2.303171e-01,4.512969e-01
9.176723e-02,5.695903e-01
1.501006e-01,4.923905e-01
3.139515e-01,5.360085e-01
6.226129e-01,2.187561e-01
1.627931e-01,6.002708e-01
3.209362e-01,5.412953e-01
2.286667e-01,5.653601e-01
3.040924e-01,6.857716e-01
1.478585e-01,3.772249e-01
1.359929e-01,4.233284e-01
1.630442e-01,4.945310e-01
1.960571e-01,3.703246e-01
2.161951e-01,6.167113e-01
2.486178e+00,2.069662e-03
2.161379e-01,7.128939e-01
1.543244e-01,4.627073e-01
7.456278e-02,5.268281e-01
1.706989e-01,5.695394e-01
2.525467e-01,5.034962e-01
1.687876e-01,6.650859e-01
9.042524e-02,4.442167e-01
6.218572e-02,4.467927e-01
4.540631e-01,7.374908e-01
3.909140e-01,4.111620e-01
1.938035e-01,6.725143e-01
8.724641e-02,5.831347e-01
2.454769e-01,6.272426e-01
1.125383e-01,4.425969e-01
5.240229e-02,4.300171e-01
2.664507e-01,6.594974e-01
7.153824e-01,5.576488e-01
2.313011e-02,5.765673e-01
5.092706e+00,9.018821e-02
3.564577e-02,4.853168e-01
1.590713e-01,5.614970e-01
1.115673e-01,4.270792e-01
1.982314e+00,4.476167e-01
1.163047e-01,4.438155e-01
1.016871e-01,4.455622e-01
2.269680e-01,3.863887e-01
3.492580e-02,5.023926e-01
1.916469e-01,6.627784e-01
1.640958e-01,3.364714e-01
3.792594e-01,1.019783e+00
8.138563e-02,4.384788e-01
6.995167e-02,5.850038e-01
2.134883e+00,4.875636e-01
1.668614e-01,4.300530e-01
4.900253e-02,5.925850e-01
6.479026e-02,4.912853e-01
5.839375e-02,4.244960e-01
4.523247e-02,5.632342e-01
1.134836e-01,4.370365e-01
5.277621e-01,1.002516e+00
3.477330e-01,6.971392e-01
3.114549e-01,5.195521e-01
4.193813e-01,6.592518e-01
4.912840e-02,3.955198e-01
5.740437e+00,3.726698e-02
2.822270e-01,5.582083e-01
9.469932e-02,4.332443e-01
6.611194e-02,4.244177e-01
3.559699e+00,1.288796e-01
5.070296e-01,5.128353e-01
9.532363e-02,9.437990e-01
5.671372e+00,5.870595e-02
1.919890e-01,7.304576e-01
1.448040e-01,5.207175e-01
1.619049e-01,6.104677e-01
4.454567e-02,4.864942e-01
1.675537e-01,5.911947e-01
6.787394e-02,5.329918e-01
9.999402e-02,6.839303e-01
8.013099e-02,5.850022e-01
4.563171e-02,5.511431e-01
5.668091e-02,5.433060e-01
4.535457e-02,7.084889e-01
6.863595e-02,4.877416e-01
6.676561e-01,8.173342e-01
4.904673e-02,4.331092e-01
8.898088e-02,4.572708e-01
1.020889e-01,3.912654e-01
4.051247e-02,5.605497e-01
6.652544e-02,5.084435e-01
3.223026e-02,5.869387e-01
1.218333e-01,5.137492e-01
6.013704e-02,4.064772e-01
5.126760e+00,6.349691e-02
2.757374e-02,5.490262e-01
1.972758e-05,4.360836e-01
1.142279e-01,4.785541e-01
3.431505e+00,3.833626e-02
1.293625e-01,4.364721e-01
7.057535e-02,6.688358e-01
1.445311e-01,4.318730e-01
1.463894e-01,4.043697e-01
1.110358e-01,5.190096e-01
1.057135e-01,6.364565e-01
4.833584e-01,7.170944e-05
1.421811e-01,8.044905e-01
1.696652e-02,5.165973e-01
3.136633e-03,5.574769e-01
8.096572e-02,6.240918e-01
2.194106e-01,6.512623e-01
2.884446e-01,5.642020e-01
7.022437e-02,6.011649e-01
1.641492e-01,5.544731e-01
7.980745e-02,5.313738e-01
1.212982e-01,4.556264e-01
6.148102e-01,3.853813e-01
1.971567e-01,5.850176e-01
5.480748e-01,9.861427e-01
3.395300e-01,2.943874e-01
1.509407e-01,6.909101e-01
4.508615e-02,5.328888e-01
1.276381e-01,4.638521e-01
1.823870e-01,4.321588e-01
2.872336e-01,8.185383e-01
5.740713e-02,6.176651e-01
1.516690e-02,5.041878e-01
3.982628e-03,5.566973e-01
2.664536e-01,6.852857e-01
8.548193e-02,4.956646e-01
5.259206e-02,5.353507e-01
1.581452e-01,4.615312e-01
2.647489e-01,5.461786e-01
1.853567e-01,6.427838e-01
4.985986e-02,4.933204e-01
2.010699e-01,6.259596e-01
2.449676e+00,6.031073e-01
7.706188e-02,5.456269e-01
2.872749e-01,7.059579e-01
7.309317e-02,4.648773e-01
7.144606e-02,4.781182e-01
9.645035e-01,8.884542e-01
2.125693e-01,5.192332e-01
4.841776e-02,4.289995e-01
5.368028e-01,9.144675e-01
4.529898e-02,4.084271e-01
2.399723e-01,4.142641e-01
8.313409e-02,4.720371e-01
1.302173e-01,4.145828e-01
3.282084e-01,4.783230e-01
3.880275e-02,5.949500e-01
1.499401e-01,4.573689e-01
5.358703e-02,4.781627e-01
3.922848e-01,5.365090e-01
2.056474e-01,7.014591e-01
6.359563e-02,4.126687e-01
1.498142e-01,3.543211e-01
7.959163e-02,4.495105e-01
4.786796e-02,4.623310e-01
2.439820e-01,6.637896e-01
1.575517e-01,4.972475e-01
3.649543e-02,6.252118e-01
4.587497e-01,5.995280e-01
5.407288e-02,4.448901e-01
1.133746e-01,4.043121e-01
1.799349e-02,5.320633e-01
3.176640e-01,7.178135e-01
3.018983e-01,8.472284e-01
8.450995e-02,5.692439e-01
2.953251e-01,7.712233e-01
2.366090e+00,7.293676e-01
3.474105e-02,5.049075e-01
1.892093e-01,5.431038e-01
1.629752e-01,3.820522e-01
2.371958e-01,5.434328e-01
1.474073e-01,5.769345e-01
7.003362e-02,5.356910e-01
8.379023e-02,6.683817e-01
2.892268e-02,5.806081e-01
9.796274e-02,5.146439e-01
9.844035e-02,5.493733e-01
1.947952e-01,4.418265e-01
3.574946e-02,5.555602e-01
1.435370e-01,4.374783e-01
9.108395e-01,8.769444e-01
2.599965e-01,5.857274e-01
4.119389e-02,4.942720e-01
2.725472e-02,4.625688e-01
3.404152e-02,4.422470e-01
8.523484e-02,5.638866e-01
2.421640e-01,5.177530e-01
2.143918e-01,6.254068e-01
8.525352e-02,5.521462e-01
1.464872e-01,7.653530e-01
3.729653e-01,5.965151e-01
5.858007e-02,5.532792e-01
1.466128e-01,4.416779e-01
1.353678e-01,4.496954e-01
1.322056e-01,6.214229e-01
2.869405e-01,6.031022e-01
8.339063e-02,5.960663e-01
4.520659e-02,5.937382e-01
8.220663e-01,1.193692e-01
1.250698e+00,2.448990e-01
3.262971e-01,7.567509e-01
1.537332e-01,3.647775e-01
1.564473e-01,2.075308e-01
3.156509e-01,9.635104e-01
1.002495e-01,6.977626e-01
7.949040e-02,4.730501e-01
4.458851e-02,4.419066e-01
4.442700e-01,7.957523e-01
3.569817e-01,4.166392e-01
1.965825e-02,4.789474e-01
3.871377e-01,6.233141e-01
5.967222e-02,5.522728e-01
3.116381e-02,4.237971e-01
9.840976e-01,6.406244e-01
1.715355e-01,3.647854e-01
5.432886e-02,4.798237e-01
3.938997e-02,5.264146e-01
7.211083e-02,5.548785e-01
1.552995e-01,4.688427e-01
1.532047e-02,5.767299e-01
6.153031e-02,4.708430e-01
3.207386e-02,4.745404e-01
6.088968e-02,5.722526e-01
3.460452e-01,5.275363e-01
7.239344e-02,5.968215e-01
1.271659e-01,6.495132e-01
1.495589e-01,4.928896e-01
5.736730e-02,4.348204e-01
6.442632e-02,4.236264e-01
1.898343e-01,5.894204e-01
2.116839e-01,4.028174e-01
2.142047e-01,7.310878e-01
1.642137e-01,4.207696e-01
4.738410e-01,6.325142e-01
1.521930e-01,4.435697e-01
2.820678e-01,3.449934e-01
3.810880e-01,6.265443e-01
7.261311e-02,4.746982e-01
1.395045e-01,6.944146e-01
1.062585e+00,6.902198e-01
6.866057e-02,5.252330e-01
8.619769e-02,5.020389e-01
9.168720e-02,5.837318e-01
2.179415e-02,5.965554e-01
3.379954e-03,5.478742e-01
1.557544e-01,4.989037e-01
1.746561e-01,4.322488e-01
4.351860e-01,6.282755e-01
1.914720e-01,3.768944e-01
1.276862e-01,5.224236e-01
5.757972e-02,5.448224e-01
1.109402e-01,6.879113e-01
8.609629e-02,6.615674e-01
2.627326e-02,4.869195e-01
1.188465e-01,6.173207e-01
5.561676e-02,4.575352e-01
3.823302e-01,6.980832e-01
2.179910e+00,4.953092e-01
2.051303e-01,4.651277e-01
9.711481e-02,4.638433e-01
8.022251e-01,7.434745e-02
7.668365e-02,4.381224e-01
2.041391e+00,4.377267e-01
1.009192e-01,4.275128e-01
7.378434e-02,7.620087e-01
1.487879e-01,5.545605e-01
1.084941e-01,4.463235e-01
5.147893e-02,4.754160e-01
3.544299e-01,4.987082e-01
5.920126e-02,4.026502e-01
1.203979e-01,4.517668e-01
7.056466e-02,7.368400e-01
1.445552e-01,8.796757e-01
1.135534e-01,4.627632e-01
6.738501e-02,3.997983e-01
4.964654e-02,5.849576e-01
2.616749e-01,4.763276e-01
3.762706e-01,7.693168e-01
1.232429e-01,5.804446e-01
1.301033e-01,4.334449e-01
1.943884e-01,4.750261e-01
8.258405e-02,4.725440e-01
1.685796e-01,5.105318e-01
4.064943e-02,4.431918e-01
4.342842e-01,6.853777e-01
6.866678e-02,7.292104e-01
4.098958e-01,8.438400e-01
1.019522e-01,4.335947e-01
2.236172e-01,4.316798e-01
1.681221e-01,3.374505e-01
1.716875e-01,3.787131e-01
1.835204e-02,4.778064e-01
3.788313e-01,4.598102e-01
1.626203e-01,5.629159e-01
1.750213e+00,5.208174e-01
6.559917e-02,4.553705e-01
2.071876e-01,5.406048e-01
4.454720e-02,5.427639e-01
1.233471e-01,5.334559e-01
1.692789e-01,3.129383e-01
9.906084e-02,3.940557e-01
7.301226e-02,4.672965e-01
1.663815e-01,5.969642e-01
4.259033e-02,4.507818e-01
8.371090e-02,4.504039e-01
9.505128e-02,4.962251e-01
8.412264e-02,4.687815e-01
1.572802e-01,4.435712e-01
7.173454e-02,4.333044e-01
4.336566e+00,1.145690e+00
1.901549e-01,4.296900e-01
8.826799e-02,5.821933e-01
4.767745e-02,4.882975e-01
1.805716e-01,6.964305e-01
1.332504e-01,3.906861e-01
1.534423e-01,8.058366e-01
1.165775e-01,6.592703e-01
1.282254e-01,4.140736e-01
5.672860e-01,6.331573e-01
3.050579e-01,6.661248e-01
5.014462e-01,1.172133e+00
1.451691e-01,7.665676e-01
1.547138e-01,4.975180e-01
5.357782e-02,5.039621e-01
1.626486e-01,5.464774e-01
6.835741e-02,4.387610e-01
7.700460e-02,5.292673e-01
1.372543e-01,3.916858e-01
4.106843e-02,5.248679e-01
1.680758e-01,5.391317e-01
8.074750e-02,4.507900e-01
1.391885e+00,6.087088e-02
1.796577e-01,4.956342e-01
7.844665e-02,4.904243e-01
5.215026e-01,8.394704e-01
6.063393e-02,4.247764e-01
9.618398e-02,4.389101e-01
1.451928e-01,6.868282e-01
5.101952e-01,5.403984e-01
1.159017e-01,5.754862e-01
2.107800e-01,3.708254e-01
2.122369e-01,4.445112e-01
1.818372e-01,5.709987e-01
1.627367e-02,4.328289e-01
2.416588e-01,4.853936e-01
1.899420e-01,5.353946e-01
3.465105e-01,6.935764e-01
6.776581e-02,5.448146e-01
5.515891e-02,5.118837e-01
2.864511e-02,4.120503e-01
4.275086e-01,6.845874e-01
1.396741e-01,3.706990e-01
7.601855e-02,4.199782e-01
1.483936e-01,4.587939e-01
1.388431e-01,5.332443e-01
5.137296e-01,4.761811e-01
2.789299e-01,5.424895e-01
8.575668e-02,4.532080e-01
1.812374e-01,4.801108e-01
3.647696e-02,4.353135e-01
1.238345e+00,4.508865e-01
7.641720e-03,4.618848e-01
4.494929e-01,5.048942e-01
1.563120e-01,5.007345e-01
2.902100e-01,7.102871e-01
4.617385e+00,2.174918e-02
1.349423e-01,4.196072e-01
2.123445e-01,7.843839e-01
6.836656e-02,4.434418e-01
6.532127e-02,4.063892e-01
7.772278e-02,5.379840e-01
1.623439e-01,5.584814e-01
1.832487e-01,4.079184e-01
1.856856e-01,5.111813e-01
2.893571e-01,4.977115e-01
4.484908e-01,6.019476e-01
2.343536e-01,4.053739e-01
1.227767e-01,4.214391e-01
2.763928e-02,4.575251e-01
4.541394e-02,5.021065e-01
3.176132e+00,1.105985e-02
7.400156e-02,4.124583e-01
2.030985e-01,4.083841e-01
1.841601e-01,5.172763e-01
9.624977e-01,6.230143e-01
1.529951e-01,7.523222e-01
1.431076e-01,6.606141e-01
1.495167e-01,3.264596e-01
1.627800e-01,4.807066e-01
2.237110e-01,4.058024e-01
6.609769e-03,5.448979e-01
2.693556e-01,5.255211e-01
9.419905e-02,4.008804e-01
4.797603e+00,1.042114e-01
1.112173e-01,4.789837e-01
2.546564e+00,2.840519e-01
6.862943e-02,3.986516e-01
1.028733e-01,5.687347e-01
8.209356e-02,5.011315e-01
1.212311e-01,4.556882e-01
1.612617e-01,4.352130e-01
9.663384e-02,5.955860e-01
2.210210e-01,4.504846e-01
3.633413e-04,5.225183e-01
4.089144e-02,4.922061e-01
1.242696e-02,5.606392e-01
2.000627e-01,3.830459e-01
2.115226e-01,9.351977e-01
6.678828e-02,5.761956e-01
4.101208e-02,5.061627e-01
4.997304e-02,6.104477e-01
1.581651e-01,3.630382e-01
4.807556e-02,5.019985e-01
3.817391e-01,7.384867e-01
2.111997e-01,6.869642e-01
2.454155e-01,4.209715e-01
8.268279e-02,4.396281e-01
1.129956e-01,5.429947e-01
3.730653e-01,9.950105e-01
1.203046e-01,5.034347e-01
1.296658e+00,7.371240e-01
1.050010e-01,1.159966e+00
2.103323e-01,6.408709e-01
4.886994e-01,6.938506e-01
1.672773e-01,3.804324e-01
4.062978e-02,4.854133e-01
2.367705e-01,5.649264e-01
2.719230e-01,5.700480e-01
1.374931e-01,4.641494e-01
1.018384e-01,5.251403e-01
1.675320e-01,7.459605e-01
4.516273e+00,1.175891e-02
4.296966e-01,4.903113e-01
1.107391e-01,5.239723e-01
3.562656e-02,4.407864e-01
6.877457e-02,4.524444e-01
2.570427e-02,4.991670e-01
4.320852e+00,5.350360e-02
1.621400e+00,8.716354e-01
1.042628e-01,4.549119e-01
1.869726e-01,4.044869e-01
1.274057e-01,5.555070e-01
7.662710e-02,5.014795e-01
1.320382e-01,5.231026e-01
4.412703e+00,3.685865e-02
2.861104e-01,6.038671e-01
5.473695e-02,4.419335e-01
1.025016e-01,4.518456e-01
8.706123e-02,4.098025e-01
1.147509e-01,5.718574e-01
2.832597e-01,6.111833e-01
9.223738e-02,4.448915e-01
1.604052e-01,4.641379e-01
5.828877e-02,5.512029e-01
1.594578e-01,4.626663e-01
1.230878e-01,3.953615e-01
1.755566e-01,5.627185e-01
7.147976e-01,1.033288e-01
1.983771e-01,8.722829e-01
1.184535e-01,4.605924e-01
1.926950e-01,5.633380e-01
2.781531e-01,6.440246e-01
1.426041e-01,4.242702e-01
3.082208e-01,6.374192e-01
1.317930e-01,4.295432e-01
5.499641e-02,6.316097e-01
8.765136e-02,6.366881e-01
8.310991e-01,5.494919e-01
1.065871e-01,3.496063e-01
1.086786e-01,6.970292e-01
5.349180e-02,4.993521e-01
6.251001e-01,5.634698e-01
3.335067e-02,3.959910e-01
3.024409e-01,4.129713e-01
8.900878e-02,4.619344e-01
2.073831e-01,7.068936e-01
7.016220e-02,5.355725e-01
1.746376e-01,5.330850e-01
2.509675e-01,4.791604e-01
1.318429e-01,5.678305e-01
3.411204e-01,5.461422e-01
8.811586e-02,5.541979e-01
3.574385e-01,5.686194e-01
7.169592e-02,3.606563e-01
1.388536e-01,4.746188e-01
1.226302e-01,4.755007e-01
1.376067e-01,4.077735e-01
2.985997e-01,3.110025e-01
2.415127e-01,4.972515e-01
2.166909e-01,5.834295e-01
3.810185e-01,4.812410e-01
1.167891e-01,3.847533e-01
1.524463e-01,6.074606e-01
1.542085e-01,4.182661e-01
3.868983e-02,5.036134e-01
2.581996e-01,4.513945e-01
2.513904e-01,3.591944e-01
1.541014e-01,6.809637e-01
1.525163e-02,4.876973e-01
5.756632e-02,5.049760e-01
3.980543e-02,4.932069e-01
3.163302e-01,5.291273e-01
3.150446e-02,5.008561e-01
1.087519e-01,5.867640e-01
2.105442e-01,3.780766e-01
4.135842e-01,2.917971e-01
5.725323e-02,6.529764e-01
3.554921e-01,6.477859e-01
2.597351e-01,4.828044e-01
5.716711e-03,5.339977e-01
4.679869e+00,2.278652e-02
1.381523e-01,4.471295e-01
7.213468e-02,6.181616e-01
2.164449e-01,4.054641e-01
1.518545e-01,6.056613e-01
4.692160e-01,7.422846e-01
1.342904e-01,5.093040e-01
3.998893e+00,1.724692e-02
3.081223e-01,7.359846e-01
4.410938e-01,7.002044e-01
9.895994e-02,4.691770e-01
9.564031e-01,5.465682e-01
1.612969e-01,5.805478e-01
7.146769e-01,6.145701e-01
1.377365e-01,3.560720e-01
1.796753e-01,6.949118e-01
8.475669e-02,4.775758e-01
1.381345e-01,3.979086e-01
9.427197e-02,4.101918e-01
6.826812e-01,6.417090e-01
2.144816e-01,5.362281e-01
4.668363e-01,6.553814e-01
8.150830e-02,4.665014e-01
9.419307e-02,5.298408e-01
2.471624e-01,4.639098e-01
6.195857e-02,4.727930e-01
1.766455e-01,5.781274e-01
2.024531e-01,3.292613e-01
9.570539e-01,8.578047e-01
4.888076e-02,4.731209e-01
1.403874e-01,5.529230e-01
4.575599e-01,7.131667e-01
2.126691e-01,4.230112e-01
4.228616e+00,6.112524e-02
7.551492e-02,4.907812e-01
2.485480e+00,6.099727e-01
8.702770e-02,4.614153e-01
1.351037e-01,4.804190e-01
3.399266e-01,6.128920e-01
2.593857e-01,4.737478e-01
1.113914e+00,3.920456e-01
8.941403e-02,5.084536e-01
4.954107e-01,5.071295e-01
2.701503e-01,7.006363e-01
2.441163e+00,6.934170e-02
4.680800e-01,8.019472e-01
8.348364e-02,4.107546e-01
8.499471e-02,5.265938e-01
3.263040e-01,6.770270e-01
1.980427e-01,2.817435e-01
2.194213e-01,3.933429e-01
1.092379e-01,5.956947e-01
1.823581e-01,4.931458e-01
1.033747e-01,5.917190e-01
1.094660e-01,5.884506e-01
1.686732e-01,7.918016e-01
1.019199e-01,6.469861e-01
1.867312e-01,4.093986e-01
2.929116e-02,5.122742e-01
1.187112e-01,4.791120e-01
1.199800e+00,5.332978e-01
6.692200e-01,9.518818e-01
8.229127e-01,9.415554e-01
1.177406e-01,4.612493e-01
4.441442e-02,5.381970e-01
6.993759e-02,4.865422e-01
1.520993e-01,4.436560e-01
2.114864e-01,3.959655e-01
9.678533e-02,4.993164e-01
8.282124e-01,6.107678e-01
1.728338e-01,4.198602e-01
2.615156e-01,3.451750e-01
3.392042e+00,3.607455e-01
1.461629e-01,4.163015e-01
2.754136e-01,3.276789e-01
5.144225e-01,5.318138e-01
2.667186e+00,7.215447e-01
2.865134e-01,4.510946e-01
5.039593e-01,8.767380e-01
4.692491e+00,6.742721e-02
1.492524e+00,7.770310e-01
2.370780e-01,7.944171e-01
2.492235e-01,9.239031e-01
3.598079e-01,6.414643e-01
8.458081e-02,4.191221e-01
1.111655e-01,4.297941e-01
1.049514e-01,4.495881e-01
6.093045e-02,5.253223e-01
4.026169e-01,4.754062e-01
7.721622e-02,5.618971e-01
1.077186e-01,5.173772e-01
2.725347e-01,6.867159e-01
7.133044e-02,5.368406e-01
1.107620e-01,4.137535e-01
1.724519e-01,6.218505e-01
1.888218e-01,6.372461e-01
7.113837e-02,4.174413e-01
5.927334e-02,6.956629e-01
8.548050e-02,5.191122e-01
1.430360e-01,7.638439e-01
1.565096e-01,7.420496e-01
4.604211e-01,4.760669e-01
1.541169e-01,5.543392e-01
1.956595e-01,4.128944e-01
2.303569e-01,4.090568e-01
1.722868e-01,4.367767e-01
1.606341e-04,5.625639e-01
6.939805e-01,1.600257e-01
5.619677e-02,7.805601e-01
4.719231e-02,6.411457e-01
5.557557e-02,5.044658e-01
1.279368e-01,6.816277e-01
1.322333e-01,4.643070e-01
2.332139e-01,5.869608e-01
2.067959e-01,7.496380e-01
2.632205e-01,5.241406e-01
1.079966e-01,5.898046e-01
5.155399e-02,4.870700e-01
1.065314e+00,6.384683e-01
5.152345e-02,3.815896e-01
1.051795e-01,4.048299e-01
3.963475e-01,6.523415e-01
1.371333e-01,4.668255e-01
1.155224e-01,6.110053e-01
8.935490e-02,4.241013e-01
9.052437e-02,4.792949e-01
8.261272e-02,7.820091e-01
1.727876e-01,3.800440e-01
8.185282e-01,7.205108e-01
1.233778e-01,5.170152e-01
1.991055e-01,5.339845e-01
2.258777e-01,4.975911e-01
1.114885e-01,3.521236e-01
3.485471e-01,5.955698e-01
2.908727e+00,4.426961e-01
1.071856e+00,9.395870e-01
7.957260e-02,5.081438e-01
1.045327e-01,5.578271e-01
1.011225e-01,6.289639e-01
1.683741e+00,7.907428e-01
7.650149e-02,4.031207e-01
2.359869e-01,6.899141e-01
