7.037686e-02,9.177573e-02,0.000000e+00,0.000000e+00,0.000000e+00,4.075215e-01,1.781240e-01,2.992572e-02,0.000000e+00,2.904000e-01,0.000000e+00,0.000000e+00,5.689028e-02,1.633275e-01,1.174961e-02,2.496793e-02,0.000000e+00,9.859916e-02,4.329991e-01,0.000000e+00
0.000000e+00,1.816326e-01,3.686830e-01,5.074608e-02,1.776001e-01,0.000000e+00,0.000000e+00,2.849395e-01,3.666726e-02,3.316138e-01,1.379400e-01,1.060976e-01,1.014626e-01,0.000000e+00,0.000000e+00,7.313770e-02,3.398187e-01,2.145400e-01,0.000000e+00,1.976608e-01
2.082653e-01,1.210431e-01,2.887536e-01,5.844269e-03,0.000000e+00,0.000000e+00,1.745931e-01,6.692963e-02,1.411906e-01,1.764634e-01,0.000000e+00,0.000000e+00,0.000000e+00,0.000000e+00,0.000000e+00,0.000000e+00,0.000000e+00,6.435811e-02,3.056960e-03,0.000000e+00
0.000000e+00,3.208571e-01,1.524005e-01,2.196446e-01,3.322930e-03,0.000000e+00,2.552807e-01,1.242967e-01,0.000000e+00,0.000000e+00,0.000000e+00,2.093576e-03,0.000000e+00,0.000000e+00,0.000000e+00,0.000000e+00,6.677972e-02,0.000000e+00,5.260617e-01,0.000000e+00
0.000000e+00,0.000000e+00,3.464701e-01,0.000000e+00,1.943290e+00,1.352231e+00,0.000000e+00,2.518932e+00,7.868941e-02,2.417807e+00,1.283215e+00,0.000000e+00,0.000000e+00,0.000000e+00,2.769388e+00,0.000000e+00,8.558629e-01,0.000000e+00,1.299311e+00,1.544776e+00
0.000000e+00,5.186576e-01,7.587462e-01,3.476098e-01,0.000000e+00,0.000000e+00,0.000000e+00,0.000000e+00,0.000000e+00,1.154348e-01,3.210114e-01,3.177307e+00,0.000000e+00,0.000000e+00,1.719408e+00,0.000000e+00,0.000000e+00,0.000000e+00,0.000000e+00,0.000000e+00
1.624485e-01,0.000000e+00,2.406132e-01,0.000000e+00,0.000000e+00,0.000000e+00,2.131958e-01,5.475748e-01,4.506017e-02,1.165312e-01,0.000000e+00,2.855194e-01,0.000000e+00,7.800333e-02,0.000000e+00,0.000000e+00,0.000000e+00,0.000000e+00,0.000000e+00,0.000000e+00
4.667793e-01,2.703800e-02,1.694306e-01,2.217577e-01,0.000000e+00,1.197904e-01,1.602583e-01,0.000000e+00,0.000000e+00,3.331911e-01,0.000000e+00,5.073884e-01,9.822717e-02,0.000000e+00,0.000000e+00,6.653209e-02,0.000000e+00,0.000000e+00,0.000000e+00,1.250514e-01
6.530381e-02,0.000000e+00,5.850993e-03,1.693359e-01,0.000000e+00,8.947600e-02,6.466323e-02,1.480582e-01,0.000000e+00,0.000000e+00,1.840486e-01,1.808867e-01,4.524939e-02,1.904442e-02,9.068411e-02,0.000000e+00,6.604532e-02,0.000000e+00,8.294969e-02,1.631486e-01
0.000000e+00,9.193934e-02,1.152382e-01,2.338796e-01,0.000000e+00,1.959290e-01,0.000000e+00,0.000000e+00,4.324681e-01,3.275681e-01,2.681524e-01,1.807357e-01,0.000000e+00,2.450918e-01,4.954281e-01,4.428634e-02,0.000000e+00,7.112484e-03,3.571319e-01,0.000000e+00
0.000000e+00,9.160148e-01,0.000000e+00,8.975861e-01,0.000000e+00,0.000000e+00,1.869492e-01,0.000000e+00,0.000000e+00,0.000000e+00,6.927490e+00,0.000000e+00,5.663454e-01,0.000000e+00,5.803746e-01,0.000000e+00,1.173377e+00,0.000000e+00,0.000000e+00,0.000000e+00
0.000000e+00,0.000000e+00,3.486374e-01,2.177599e-01,0.000000e+00,1.333624e-01,1.064772e-01,0.000000e+00,7.477746e-02,0.000000e+00,9.295511e-02,1.738665e-02,7.490092e-02,0.000000e+00,2.325157e-01,1.478283e-01,0.000000e+00,0.000000e+00,1.428077e-01,7.124874e-02
0.000000e+00,0.000000e+00,2.296466e-01,2.684335e-02,0.000000e+00,0.000000e+00,4.162662e-01,2.152312e-01,0.000000e+00,4.199554e-01,1.537204e-01,0.000000e+00,0.000000e+00,0.000000e+00,0.000000e+00,1.167522e-01,0.000000e+00,0.000000e+00,3.633382e-02,0.000000e+00
0.000000e+00,2.347888e-01,1.493718e+00,0.000000e+00,0.000000e+00,0.000000e+00,1.707614e-01,2.845296e-01,0.000000e+00,3.016967e-01,2.996636e-01,0.000000e+00,0.000000e+00,0.000000e+00,0.000000e+00,0.000000e+00,1.782631e-01,0.000000e+00,3.689877e-01,6.605316e-02
0.000000e+00,0.000000e+00,0.000000e+00,5.023735e-01,0.000000e+00,0.000000e+00,1.324975e-01,0.000000e+00,0.000000e+00,0.000000e+00,9.553914e-03,0.000000e+00,0.000000e+00,0.000000e+00,1.898931e-01,2.962934e-01,2.911870e-01,1.763651e-01,1.251103e-01,0.000000e+00
4.869159e-01,0.000000e+00,0.000000e+00,0.000000e+00,7.236505e-02,0.000000e+00,3.850964e-02,4.986392e-01,0.000000e+00,6.399363e-01,0.000000e+00,5.401233e-01,0.000000e+00,0.000000e+00,4.373078e-01,0.000000e+00,1.072675e-01,0.000000e+00,9.216435e-01,0.000000e+00
0.000000e+00,4.784112e-01,5.522871e-01,1.520469e+00,0.000000e+00,0.000000e+00,7.393916e-02,5.716635e-01,0.000000e+00,0.000000e+00,0.000000e+00,0.000000e+00,3.819180e-01,0.000000e+00,5.972301e-02,0.000000e+00,0.000000e+00,0.000000e+00,4.003988e-01,0.000000e+00
5.474305e-01,1.301041e-01,0.000000e+00,6.007863e-01,0.000000e+00,0.000000e+00,0.000000e+00,2.794062e-01,0.000000e+00,0.000000e+00,4.292585e-01,1.527721e+00,0.000000e+00,3.315187e-01,0.000000e+00,0.000000e+00,0.000000e+00,1.198417e-01,0.000000e+00,0.000000e+00
2.283681e+00,0.000000e+00,1.829462e-01,1.167632e+01,0.000000e+00,0.000000e+00,0.000000e+00,0.000000e+00,0.000000e+00,0.000000e+00,0.000000e+00,1.312051e-02,0.000000e+00,0.000000e+00,0.000000e+00,0.000000e+00,0.000000e+00,0.000000e+00,1.965381e+00,1.090212e-03
0.000000e+00,0.000000e+00,0.000000e+00,1.210470e+01,0.000000e+00,1.489883e+00,0.000000e+00,0.000000e+00,0.000000e+00,0.000000e+00,0.000000e+00,0.000000e+00,0.000000e+00,0.000000e+00,4.340566e-01,0.000000e+00,1.134922e+00,0.000000e+00,0.000000e+00,0.000000e+00
1.283578e-01,0.000000e+00,0.000000e+00,3.271470e+00,0.000000e+00,0.000000e+00,8.935280e-01,0.000000e+00,4.015001e-01,0.000000e+00,5.482556e-01,2.104472e+00,2.821103e-01,0.000000e+00,0.000000e+00,2.006895e+00,0.000000e+00,0.000000e+00,5.919284e-01,7.362677e-02
4.432178e+00,0.000000e+00,0.000000e+00,4.161622e+00,0.000000e+00,0.000000e+00,2.407920e-01,1.348832e-03,2.384872e+00,8.357542e-01,0.000000e+00,2.128093e+00,1.521218e+00,5.025215e-01,0.000000e+00,7.719037e-01,1.283506e-02,2.972098e-01,0.000000e+00,2.114526e-01
3.018211e-02,0.000000e+00,1.115621e-01,0.000000e+00,4.905758e-02,0.000000e+00,1.633769e-01,5.845393e-01,0.000000e+00,1.538907e-02,4.399347e-02,3.762522e-01,0.000000e+00,0.000000e+00,0.000000e+00,2.374594e-02,0.000000e+00,5.565801e-02,0.000000e+00,6.933415e-02
2.414237e-02,2.588745e-02,1.687991e-01,0.000000e+00,1.428429e+00,0.000000e+00,6.990592e-01,0.000000e+00,0.000000e+00,1.571940e+00,1.557377e+00,0.000000e+00,1.466243e+00,8.970373e-01,0.000000e+00,4.079197e-01,1.880770e+00,6.753060e-02,0.000000e+00,2.575958e-01
1.940885e-01,3.722924e-01,4.319578e-01,0.000000e+00,0.000000e+00,0.000000e+00,0.000000e+00,5.656560e-02,0.000000e+00,2.908637e-01,2.279589e-01,0.000000e+00,0.000000e+00,0.000000e+00,0.000000e+00,0.000000e+00,0.000000e+00,0.000000e+00,1.904051e-02,0.000000e+00
0.000000e+00,1.823867e-01,8.217790e-02,0.000000e+00,8.051049e-02,0.000000e+00,0.000000e+00,3.906663e-01,0.000000e+00,9.268508e-02,9.364047e-02,1.040803e-01,0.000000e+00,0.000000e+00,9.787713e-02,1.422181e-02,1.060700e-01,6.633843e-02,5.451845e-02,0.000000e+00
3.438760e-01,3.710539e-01,0.000000e+00,6.908359e-01,6.758996e-01,6.940106e-02,0.000000e+00,0.000000e+00,0.000000e+00,2.392109e-01,0.000000e+00,2.352007e+00,0.000000e+00,8.479205e-01,0.000000e+00,0.000000e+00,0.000000e+00,0.000000e+00,1.243021e-01,0.000000e+00
0.000000e+00,1.090378e-01,1.180457e-01,0.000000e+00,7.745632e-03,2.669782e-02,3.647803e-02,2.793774e-01,0.000000e+00,4.163604e-02,4.061749e-02,1.074967e-01,2.821173e-02,2.535439e-01,1.360819e-01,1.494706e-01,0.000000e+00,0.000000e+00,9.524372e-02,0.000000e+00
0.000000e+00,0.000000e+00,1.161344e+00,0.000000e+00,0.000000e+00,0.000000e+00,3.208544e-01,4.973169e-01,2.501069e+00,0.000000e+00,0.000000e+00,0.000000e+00,1.006662e+00,0.000000e+00,0.000000e+00,0.000000e+00,4.221732e+00,0.000000e+00,1.185709e+00,0.000000e+00
0.000000e+00,4.000486e-01,1.696995e-01,1.179108e-02,0.000000e+00,1.621023e-01,4.450732e-02,0.000000e+00,0.000000e+00,3.745013e-01,0.000000e+00,0.000000e+00,0.000000e+00,0.000000e+00,0.000000e+00,0.000000e+00,0.000000e+00,0.000000e+00,2.302141e-01,0.000000e+00
0.000000e+00,1.781896e-02,1.229719e-01,1.967017e-01,0.000000e+00,1.247768e-01,2.250701e-01,1.806919e-01,7.569029e-02,5.018987e-02,0.000000e+00,0.000000e+00,6.801653e-02,7.987048e-02,0.000000e+00,0.000000e+00,1.919620e-01,0.000000e+00,0.000000e+00,0.000000e+00
0.000000e+00,5.624652e-02,4.775168e-01,0.000000e+00,4.243875e+00,0.000000e+00,2.705412e-01,0.000000e+00,1.350025e+00,0.000000e+00,0.000000e+00,0.000000e+00,0.000000e+00,2.592944e+00,0.000000e+00,2.750876e-01,0.000000e+00,0.000000e+00,0.000000e+00,0.000000e+00
0.000000e+00,0.000000e+00,0.000000e+00,2.237766e-01,4.313153e-03,0.000000e+00,0.000000e+00,3.596989e-01,4.535196e-01,0.000000e+00,0.000000e+00,1.003703e-02,1.061347e-02,1.084747e-01,2.444598e-01,0.000000e+00,8.412621e-03,4.092255e-02,3.772945e-02,0.000000e+00
2.929116e+00,5.678177e-01,5.921941e-01,1.399067e+00,0.000000e+00,4.541239e+00,1.178170e+00,3.869884e+00,2.676908e+00,4.042162e-01,8.244204e-02,0.000000e+00,3.899453e-01,2.347777e+00,4.009893e-01,7.218089e-01,3.673243e-01,2.985505e-01,5.817897e-01,9.371259e-01
0.000000e+00,1.885195e-01,1.262865e-02,5.342382e-01,0.000000e+00,2.309884e-01,1.000740e-01,0.000000e+00,0.000000e+00,0.000000e+00,0.000000e+00,1.087785e-02,1.497809e-01,0.000000e+00,0.000000e+00,0.000000e+00,0.000000e+00,0.000000e+00,2.762324e-01,0.000000e+00
3.357558e-01,3.374395e-01,0.000000e+00,2.973272e-01,0.000000e+00,5.879244e-03,0.000000e+00,0.000000e+00,8.860769e-02,6.999541e-01,0.000000e+00,8.004900e-01,2.941819e-01,2.892588e-01,1.075018e-01,0.000000e+00,1.941399e-01,0.000000e+00,0.000000e+00,4.938707e-01
0.000000e+00,1.842247e-02,2.527259e-01,2.639739e-01,0.000000e+00,4.799020e-01,1.415912e-01,1.296127e-01,0.000000e+00,2.111402e-01,0.000000e+00,4.144923e-01,9.220723e-02,7.352778e-02,0.000000e+00,1.347218e-01,0.000000e+00,0.000000e+00,0.000000e+00,0.000000e+00
2.219782e+00,0.000000e+00,7.430658e-01,0.000000e+00,2.289432e-01,1.300456e+00,0.000000e+00,0.000000e+00,3.502481e-01,0.000000e+00,3.830767e-01,0.000000e+00,1.723607e+00,0.000000e+00,9.703760e-02,0.000000e+00,1.170972e-01,0.000000e+00,6.262234e-01,1.486712e+00
1.801100e-03,4.308557e-02,1.839114e-01,0.000000e+00,0.000000e+00,2.314001e-01,1.557360e-01,2.450580e-01,0.000000e+00,0.000000e+00,0.000000e+00,0.000000e+00,5.295279e-02,7.396378e-02,1.123916e-01,0.000000e+00,8.201735e-02,0.000000e+00,0.000000e+00,1.988317e-01
1.653007e-01,0.000000e+00,2.757242e-01,0.000000e+00,2.521951e-01,7.156933e-02,0.000000e+00,0.000000e+00,2.841428e-02,0.000000e+00,6.180699e-01,0.000000e+00,0.000000e+00,6.885958e-01,1.650498e-01,0.000000e+00,0.000000e+00,1.785362e-01,0.000000e+00,1.345440e-01
1.185268e-01,4.193100e-01,3.523551e-01,0.000000e+00,3.296449e-01,0.000000e+00,0.000000e+00,0.000000e+00,0.000000e+00,0.000000e+00,2.921512e-01,0.000000e+00,4.400733e-02,0.000000e+00,2.167289e-02,0.000000e+00,3.548183e-01,1.391136e-02,2.745905e-02,7.300298e-02
0.000000e+00,0.000000e+00,0.000000e+00,0.000000e+00,1.111254e+00,2.199628e+00,3.510395e-02,0.000000e+00,0.000000e+00,0.000000e+00,4.168328e-02,0.000000e+00,0.000000e+00,7.760535e-01,8.561151e-01,2.367869e-01,8.547448e-01,0.000000e+00,6.617784e-03,9.129757e-01
0.000000e+00,4.563180e-01,3.360501e-01,0.000000e+00,0.000000e+00,0.000000e+00,1.775602e-01,9.150202e-02,0.000000e+00,6.362801e-01,0.000000e+00,0.000000e+00,0.000000e+00,0.000000e+00,0.000000e+00,1.183007e-02,0.000000e+00,1.773394e-01,1.074066e-01,0.000000e+00
0.000000e+00,5.988920e-01,8.818856e-01,0.000000e+00,0.000000e+00,0.000000e+00,0.000000e+00,5.204256e-01,0.000000e+00,2.350195e+00,3.097269e-01,0.000000e+00,0.000000e+00,1.695988e+00,0.000000e+00,3.590009e-01,4.462939e-01,0.000000e+00,0.000000e+00,3.494384e-03
0.000000e+00,1.980740e-01,8.552157e-02,0.000000e+00,3.462413e-01,0.000000e+00,0.000000e+00,0.000000e+00,6.476140e-02,1.154316e-01,4.301575e-02,0.000000e+00,6.462144e-02,4.055737e-02,1.972714e-02,3.763142e-02,9.086844e-02,0.000000e+00,4.182618e-02,0.000000e+00
0.000000e+00,0.000000e+00,1.337883e+00,0.000000e+00,1.426403e+00,4.365343e-01,0.000000e+00,0.000000e+00,0.000000e+00,0.000000e+00,0.000000e+00,1.491979e+00,8.589362e-01,0.000000e+00,1.150081e+00,8.071769e-01,3.633018e+00,0.000000e+00,0.000000e+00,0.000000e+00
9.548096e-02,6.975396e-01,1.764429e+00,0.000000e+00,1.431221e-01,0.000000e+00,3.506084e-01,0.000000e+00,0.000000e+00,1.811010e+00,0.000000e+00,2.031346e-01,4.557479e-01,0.000000e+00,1.565317e+00,0.000000e+00,0.000000e+00,0.000000e+00,3.260268e-02,0.000000e+00
0.000000e+00,1.821367e-01,1.401142e+00,0.000000e+00,6.044341e-02,6.833023e-01,0.000000e+00,9.866888e-01,1.925950e-01,0.000000e+00,0.000000e+00,0.000000e+00,0.000000e+00,0.000000e+00,4.573854e-02,0.000000e+00,5.652458e-01,0.000000e+00,0.000000e+00,1.822789e-01
1.283008e+00,3.612999e-01,1.534040e+00,0.000000e+00,0.000000e+00,0.000000e+00,0.000000e+00,0.000000e+00,1.052108e+00,0.000000e+00,3.533217e-01,3.636406e-01,0.000000e+00,0.000000e+00,0.000000e+00,3.124676e-03,9.971295e-01,0.000000e+00,2.865305e-01,0.000000e+00
1.343464e-01,8.980615e-02,1.044457e-01,0.000000e+00,2.004147e-02,1.946647e-01,0.000000e+00,5.824296e-01,5.122254e-01,9.463675e-02,0.000000e+00,1.422670e-01,9.770782e-02,0.000000e+00,1.000203e-01,0.000000e+00,0.000000e+00,0.000000e+00,0.000000e+00,1.831823e-01
0.000000e+00,6.384758e-01,0.000000e+00,1.426377e+00,0.000000e+00,2.431230e-01,0.000000e+00,0.000000e+00,0.000000e+00,1.187229e+00,0.000000e+00,1.349922e+00,8.313894e-01,0.000000e+00,1.332888e+00,2.442993e-01,0.000000e+00,1.347400e-01,0.000000e+00,4.699293e-01
0.000000e+00,3.866582e-01,1.194699e+00,0.000000e+00,0.000000e+00,0.000000e+00,0.000000e+00,2.097278e+00,0.000000e+00,0.000000e+00,1.025505e+00,8.250285e-01,0.000000e+00,1.547158e-02,3.141521e-01,0.000000e+00,0.000000e+00,2.545844e-01,5.730189e-01,0.000000e+00
1.156757e-01,0.000000e+00,1.131045e-01,3.470917e-01,0.000000e+00,3.225355e-01,3.566480e-02,0.000000e+00,0.000000e+00,0.000000e+00,3.383213e-01,0.000000e+00,1.814982e-01,0.000000e+00,0.000000e+00,0.000000e+00,0.000000e+00,0.000000e+00,1.697582e-01,0.000000e+00
0.000000e+00,1.327207e-01,0.000000e+00,4.362535e-01,0.000000e+00,0.000000e+00,0.000000e+00,1.115849e+00,0.000000e+00,0.000000e+00,2.535615e+00,0.000000e+00,0.000000e+00,7.000928e-01,0.000000e+00,6.191060e-02,1.007921e-01,0.000000e+00,0.000000e+00,1.130590e+00
0.000000e+00,0.000000e+00,8.761153e-02,3.437931e-02,1.438473e-01,0.000000e+00,2.599827e-01,0.000000e+00,0.000000e+00,3.133183e-01,0.000000e+00,4.861759e-01,8.102085e-02,2.773440e-01,1.105911e-01,6.665416e-02,2.824909e-01,1.247473e-01,1.863067e-01,1.709050e-01
0.000000e+00,2.400467e-01,8.224106e-02,0.000000e+00,1.002785e+00,0.000000e+00,2.912647e-02,0.000000e+00,0.000000e+00,0.000000e+00,5.725565e-01,0.000000e+00,0.000000e+00,0.000000e+00,6.177421e-01,8.461816e-01,0.000000e+00,2.606580e+00,7.404155e-01,7.322375e-01
0.000000e+00,0.000000e+00,0.000000e+00,2.420304e-02,5.070362e-04,1.370049e-01,2.416039e-01,1.484735e-01,1.144676e-01,0.000000e+00,8.720866e-02,0.000000e+00,0.000000e+00,2.702765e-01,0.000000e+00,6.115568e-02,3.443316e-01,0.000000e+00,0.000000e+00,3.947522e-02
2.677032e-01,0.000000e+00,0.000000e+00,2.961092e-01,8.067665e-03,1.350829e-01,1.135342e-01,0.000000e+00,3.412473e-01,0.000000e+00,0.000000e+00,1.065558e-01,2.240565e-02,0.000000e+00,0.000000e+00,4.626004e-02,1.145716e-03,0.000000e+00,1.652210e-01,0.000000e+00
0.000000e+00,0.000000e+00,6.871172e-01,1.532801e-01,2.889989e+00,0.000000e+00,0.000000e+00,0.000000e+00,5.143969e-01,0.000000e+00,0.000000e+00,0.000000e+00,1.040484e+00,0.000000e+00,0.000000e+00,0.000000e+00,0.000000e+00,0.000000e+00,4.946974e-01,1.400182e+00
2.182415e+00,0.000000e+00,0.000000e+00,5.227716e-01,4.406933e+00,1.187849e+00,8.062588e-01,0.000000e+00,0.000000e+00,0.000000e+00,0.000000e+00,0.000000e+00,0.000000e+00,0.000000e+00,3.407470e+00,0.000000e+00,5.084085e-01,0.000000e+00,0.000000e+00,0.000000e+00
0.000000e+00,1.237989e-01,1.202293e+00,0.000000e+00,4.756592e+00,0.000000e+00,9.511298e-01,0.000000e+00,0.000000e+00,0.000000e+00,0.000000e+00,0.000000e+00,0.000000e+00,0.000000e+00,1.276315e+00,0.000000e+00,0.000000e+00,0.000000e+00,7.885957e-01,0.000000e+00
3.592368e-01,7.352115e-02,3.064184e-01,7.148102e-02,2.524510e-01,5.458870e-01,0.000000e+00,0.000000e+00,0.000000e+00,0.000000e+00,0.000000e+00,0.000000e+00,0.000000e+00,0.000000e+00,1.002024e+00,1.915914e-02,5.403237e-02,9.291524e-01,0.000000e+00,7.805266e-01
0.000000e+00,2.049014e-01,4.948251e-01,0.000000e+00,3.077180e-01,0.000000e+00,3.312991e-02,1.920711e-01,0.000000e+00,0.000000e+00,0.000000e+00,1.119090e-01,3.185171e-02,2.070424e-01,6.213135e-02,0.000000e+00,0.000000e+00,1.831777e-05,6.870818e-01,0.000000e+00
2.502211e+00,5.044244e-01,7.109447e-01,0.000000e+00,0.000000e+00,0.000000e+00,2.073657e-01,0.000000e+00,0.000000e+00,4.510850e-01,0.000000e+00,3.105196e-02,0.000000e+00,0.000000e+00,0.000000e+00,0.000000e+00,4.852027e+00,0.000000e+00,0.000000e+00,1.241923e+00
0.000000e+00,1.064980e-01,1.296528e-01,6.669095e-02,0.000000e+00,1.510488e-02,1.676633e-01,3.185968e-01,1.386846e-01,0.000000e+00,0.000000e+00,0.000000e+00,7.054410e-02,2.372046e-01,1.201762e-01,1.085357e-01,7.899704e-02,1.754541e-01,2.295532e-01,1.059029e-01
1.765202e-01,0.000000e+00,0.000000e+00,5.185357e-02,2.705434e-01,2.973885e-01,0.000000e+00,0.000000e+00,8.001410e-02,0.000000e+00,0.000000e+00,9.070847e-02,0.000000e+00,1.140398e-01,2.087060e-01,0.000000e+00,0.000000e+00,6.071939e-02,4.059435e-01,0.000000e+00
0.000000e+00,0.000000e+00,0.000000e+00,8.989437e-01,0.000000e+00,0.000000e+00,0.000000e+00,0.000000e+00,0.000000e+00,2.427638e-01,6.955593e-02,1.389779e+00,2.341862e-02,1.028026e-01,0.000000e+00,5.115034e-02,0.000000e+00,1.248535e-01,7.702033e-01,0.000000e+00
0.000000e+00,4.627799e+00,0.000000e+00,0.000000e+00,0.000000e+00,0.000000e+00,0.000000e+00,1.704010e+00,0.000000e+00,1.611559e+00,0.000000e+00,0.000000e+00,0.000000e+00,2.208416e+00,4.640902e-01,1.112126e+00,0.000000e+00,2.801441e-01,2.719925e-01,0.000000e+00
2.764231e+00,0.000000e+00,1.066925e+00,7.430918e-01,9.609945e-01,3.559900e+00,0.000000e+00,1.336508e+00,7.913911e-01,2.919120e-02,1.734418e-02,0.000000e+00,1.318517e+00,6.196970e-01,1.721772e+00,7.401744e-01,1.993941e+00,6.175562e-01,8.582643e-01,7.408726e-01
3.635198e-01,2.633429e-03,5.946876e-01,0.000000e+00,1.782928e-01,0.000000e+00,1.096550e-01,7.855584e-01,2.701262e-01,1.350622e+00,0.000000e+00,6.216460e-01,0.000000e+00,0.000000e+00,0.000000e+00,0.000000e+00,0.000000e+00,1.703323e-01,9.802096e-01,0.000000e+00
5.815897e-01,1.701680e-01,7.627939e-02,2.223909e-01,1.403896e-02,0.000000e+00,1.416864e-01,2.347151e-01,0.000000e+00,0.000000e+00,0.000000e+00,3.084610e-01,1.746098e-02,4.376495e-02,0.000000e+00,0.000000e+00,0.000000e+00,1.104780e-02,1.918025e-01,0.000000e+00
4.335604e-01,1.153453e-01,1.489602e-01,1.361490e-01,0.000000e+00,2.137550e-01,0.000000e+00,2.917208e-01,6.116902e-01,5.497138e-03,0.000000e+00,3.786812e-02,0.000000e+00,0.000000e+00,2.260424e-03,2.425765e-01,2.981509e-01,0.000000e+00,1.042052e-01,2.109413e-01
2.835115e-02,1.322359e-01,1.363300e-01,0.000000e+00,0.000000e+00,5.179824e-01,1.196860e-01,0.000000e+00,0.000000e+00,2.803428e-01,1.948689e-01,7.379213e-01,0.000000e+00,2.630043e-02,0.000000e+00,3.202466e-02,2.394669e-01,0.000000e+00,3.180482e-01,0.000000e+00
0.000000e+00,2.928740e-01,1.864876e+00,1.508340e-02,9.177859e-01,1.159717e-01,0.000000e+00,1.750065e+00,0.000000e+00,0.000000e+00,0.000000e+00,8.102425e-01,0.000000e+00,2.605526e-01,0.000000e+00,7.051649e-01,0.000000e+00,0.000000e+00,0.000000e+00,0.000000e+00
1.556605e-01,2.469005e-01,0.000000e+00,4.446231e-02,9.020539e-02,5.557415e-02,5.779702e-02,0.000000e+00,0.000000e+00,2.964737e-01,5.094413e-02,1.582974e-01,4.246355e-02,1.029440e-01,0.000000e+00,0.000000e+00,2.590270e-02,0.000000e+00,1.535593e-01,0.000000e+00
0.000000e+00,7.542101e-02,0.000000e+00,0.000000e+00,0.000000e+00,0.000000e+00,1.135757e-01,1.282721e+01,0.000000e+00,0.000000e+00,0.000000e+00,0.000000e+00,0.000000e+00,0.000000e+00,5.836487e-01,0.000000e+00,0.000000e+00,1.351993e+00,0.000000e+00,1.130093e+00
6.152424e-01,4.650318e-02,1.339885e-01,0.000000e+00,1.229238e-01,5.115635e-01,1.261840e-01,1.294780e+00,0.000000e+00,3.740900e-01,0.000000e+00,1.865548e-01,0.000000e+00,0.000000e+00,0.000000e+00,4.793624e-02,0.000000e+00,1.154492e-01,0.000000e+00,1.531519e-01
2.146262e-01,0.000000e+00,0.000000e+00,0.000000e+00,0.000000e+00,0.000000e+00,0.000000e+00,1.405042e+01,0.000000e+00,0.000000e+00,0.000000e+00,0.000000e+00,0.000000e+00,0.000000e+00,0.000000e+00,0.000000e+00,0.000000e+00,1.411081e+00,6.135907e-01,3.852836e-03
0.000000e+00,3.804173e-02,6.056870e-01,5.391751e-01,0.000000e+00,2.000003e+00,2.055069e-01,1.313131e+01,2.011806e-01,0.000000e+00,2.245361e-02,1.268384e+00,0.000000e+00,2.471724e-01,9.550791e-01,0.000000e+00,0.000000e+00,1.221301e+00,0.000000e+00,0.000000e+00
0.000000e+00,7.775312e-02,0.000000e+00,0.000000e+00,0.000000e+00,1.059395e+00,0.000000e+00,0.000000e+00,0.000000e+00,0.000000e+00,8.297228e-01,3.305536e+00,0.000000e+00,2.307285e-01,0.000000e+00,4.894684e-01,0.000000e+00,6.260639e-01,0.000000e+00,0.000000e+00
0.000000e+00,1.914479e-01,0.000000e+00,0.000000e+00,0.000000e+00,8.613612e-03,4.241376e-02,0.000000e+00,3.823416e-01,0.000000e+00,0.000000e+00,4.788321e+00,1.085663e+00,2.104578e-01,2.886716e-01,0.000000e+00,1.574525e+00,0.000000e+00,0.000000e+00,0.000000e+00
2.445613e-01,0.000000e+00,5.289764e-01,1.526870e-01,0.000000e+00,0.000000e+00,0.000000e+00,6.602577e-01,0.000000e+00,0.000000e+00,0.000000e+00,8.401673e-01,0.000000e+00,8.166272e-02,0.000000e+00,0.000000e+00,0.000000e+00,0.000000e+00,2.800152e-01,1.603917e-01
9.151494e-02,4.292840e-02,1.568687e-01,0.000000e+00,3.441109e-01,0.000000e+00,5.025505e-02,5.982692e-01,0.000000e+00,3.400918e-01,4.490328e-02,8.287471e-03,0.000000e+00,0.000000e+00,0.000000e+00,6.799621e-02,0.000000e+00,0.000000e+00,0.000000e+00,0.000000e+00
1.953582e+00,4.588248e+00,0.000000e+00,0.000000e+00,0.000000e+00,0.000000e+00,0.000000e+00,0.000000e+00,0.000000e+00,0.000000e+00,0.000000e+00,6.752557e-01,0.000000e+00,0.000000e+00,1.987723e-01,0.000000e+00,0.000000e+00,0.000000e+00,0.000000e+00,0.000000e+00
0.000000e+00,2.371227e+00,0.000000e+00,0.000000e+00,0.000000e+00,0.000000e+00,0.000000e+00,0.000000e+00,6.465970e+00,0.000000e+00,0.000000e+00,0.000000e+00,0.000000e+00,0.000000e+00,0.000000e+00,0.000000e+00,0.000000e+00,0.000000e+00,0.000000e+00,0.000000e+00
0.000000e+00,3.262588e+00,0.000000e+00,0.000000e+00,2.510003e-02,0.000000e+00,0.000000e+00,0.000000e+00,1.020224e+01,0.000000e+00,0.000000e+00,0.000000e+00,0.000000e+00,0.000000e+00,0.000000e+00,0.000000e+00,0.000000e+00,1.661355e-01,5.317796e-01,0.000000e+00
0.000000e+00,2.205400e+00,0.000000e+00,0.000000e+00,0.000000e+00,0.000000e+00,0.000000e+00,0.000000e+00,0.000000e+00,0.000000e+00,0.000000e+00,0.000000e+00,0.000000e+00,0.000000e+00,0.000000e+00,0.000000e+00,0.000000e+00,0.000000e+00,0.000000e+00,0.000000e+00
3.208090e-02,1.623530e+00,8.339572e-02,0.000000e+00,0.000000e+00,0.000000e+00,0.000000e+00,0.000000e+00,3.846958e-01,0.000000e+00,0.000000e+00,3.334259e-02,0.000000e+00,6.142965e-01,0.000000e+00,0.000000e+00,1.941938e-02,5.279805e-02,0.000000e+00,0.000000e+00
0.000000e+00,1.313608e+00,1.152934e-02,0.000000e+00,0.000000e+00,1.196135e-03,0.000000e+00,0.000000e+00,3.090033e-02,0.000000e+00,0.000000e+00,0.000000e+00,0.000000e+00,0.000000e+00,0.000000e+00,0.000000e+00,0.000000e+00,0.000000e+00,0.000000e+00,5.871971e-02
4.328477e-04,3.298019e-01,1.859873e-02,1.540222e-01,2.441034e-01,1.821272e-01,0.000000e+00,1.755313e-01,1.951123e-01,9.399751e-02,0.000000e+00,0.000000e+00,0.000000e+00,0.000000e+00,0.000000e+00,0.000000e+00,6.971872e-02,0.000000e+00,8.406651e-02,0.000000e+00
5.739375e-02,9.938348e-01,0.000000e+00,0.000000e+00,0.000000e+00,0.000000e+00,7.509265e-02,1.948975e-01,5.111556e-01,0.000000e+00,2.240223e-01,0.000000e+00,0.000000e+00,0.000000e+00,9.626937e-02,1.261767e-01,1.132818e-01,6.020751e-02,0.000000e+00,0.000000e+00
0.000000e+00,2.906516e+00,1.117006e-01,0.000000e+00,0.000000e+00,0.000000e+00,0.000000e+00,0.000000e+00,0.000000e+00,0.000000e+00,0.000000e+00,0.000000e+00,0.000000e+00,0.000000e+00,0.000000e+00,0.000000e+00,0.000000e+00,0.000000e+00,0.000000e+00,0.000000e+00
0.000000e+00,3.721674e+00,0.000000e+00,0.000000e+00,0.000000e+00,1.632698e-01,0.000000e+00,0.000000e+00,8.987354e-01,0.000000e+00,0.000000e+00,0.000000e+00,0.000000e+00,0.000000e+00,0.000000e+00,0.000000e+00,2.638072e-01,0.000000e+00,0.000000e+00,7.943623e-01
0.000000e+00,1.446646e-01,9.407240e-01,0.000000e+00,2.128316e+00,3.586207e+00,0.000000e+00,9.252787e-01,4.940008e-01,0.000000e+00,1.977873e+00,0.000000e+00,0.000000e+00,2.854664e+00,5.248738e-02,7.349696e-01,1.799870e+00,0.000000e+00,1.206807e+00,5.644790e-01
0.000000e+00,0.000000e+00,1.490052e-01,0.000000e+00,0.000000e+00,1.546664e-01,5.355095e-02,4.169009e-01,1.667009e-01,0.000000e+00,0.000000e+00,0.000000e+00,4.717194e-02,0.000000e+00,1.515981e-01,7.414553e-03,0.000000e+00,1.590866e-01,0.000000e+00,0.000000e+00
4.856972e-01,1.485783e-01,3.947399e-01,0.000000e+00,0.000000e+00,2.363634e-01,0.000000e+00,1.074963e-01,0.000000e+00,0.000000e+00,0.000000e+00,0.000000e+00,3.894030e-02,4.129489e-01,1.150462e+00,0.000000e+00,3.213776e-01,1.963228e-01,0.000000e+00,4.652715e-01
0.000000e+00,0.000000e+00,1.427232e+00,0.000000e+00,1.680759e+00,0.000000e+00,0.000000e+00,1.047842e+00,0.000000e+00,0.000000e+00,0.000000e+00,4.328186e-01,1.082858e+00,1.782008e+00,0.000000e+00,2.291421e-01,0.000000e+00,0.000000e+00,4.340642e-01,5.371648e-01
0.000000e+00,1.512090e-01,1.113092e-02,1.436361e-01,0.000000e+00,2.365325e-01,6.538505e-02,2.803059e-01,0.000000e+00,0.000000e+00,3.852691e-02,4.558381e-01,0.000000e+00,0.000000e+00,6.336362e-02,9.116579e-02,0.000000e+00,4.528676e-02,2.157000e-01,0.000000e+00
8.519585e-01,2.824782e-01,2.036198e+00,0.000000e+00,6.795925e-01,0.000000e+00,0.000000e+00,3.403458e-01,0.000000e+00,1.106491e+00,1.165960e+00,2.479165e-01,0.000000e+00,0.000000e+00,0.000000e+00,3.266333e-01,0.000000e+00,0.000000e+00,3.096835e-01,2.677715e-02
0.000000e+00,6.966988e-02,0.000000e+00,3.347924e-02,1.402324e-01,1.818798e-02,7.640076e-02,0.000000e+00,0.000000e+00,3.212649e-02,7.921071e-02,1.627807e-01,0.000000e+00,7.395585e-02,1.338748e-01,0.000000e+00,1.608702e-01,8.306320e-02,0.000000e+00,6.772682e-02
0.000000e+00,3.156702e-01,0.000000e+00,0.000000e+00,0.000000e+00,0.000000e+00,0.000000e+00,1.346533e+00,0.000000e+00,8.457211e-01,0.000000e+00,0.000000e+00,0.000000e+00,0.000000e+00,0.000000e+00,0.000000e+00,4.397889e+00,1.547501e+00,0.000000e+00,3.164551e+00
7.145772e-02,0.000000e+00,0.000000e+00,1.163043e-02,0.000000e+00,4.958568e-01,0.000000e+00,1.385724e+00,5.790308e-01,2.156165e-01,0.000000e+00,0.000000e+00,2.421145e-01,4.049886e-01,7.600123e-04,1.569791e-02,8.553923e-02,0.000000e+00,0.000000e+00,0.000000e+00
0.000000e+00,4.125689e-01,0.000000e+00,0.000000e+00,1.563351e-01,1.494013e-01,0.000000e+00,6.691757e-01,0.000000e+00,1.677818e-01,3.033601e-01,6.274415e-01,0.000000e+00,4.542455e-02,8.139115e-02,7.723988e-02,0.000000e+00,2.759914e-02,0.000000e+00,0.000000e+00
0.000000e+00,2.302989e+00,1.437964e+00,1.393260e+00,0.000000e+00,8.245488e-02,5.102198e-01,0.000000e+00,0.000000e+00,1.971961e+00,8.647282e-01,6.191590e-01,0.000000e+00,0.000000e+00,0.000000e+00,0.000000e+00,0.000000e+00,7.014204e-01,4.519479e-01,0.000000e+00
5.556048e-01,2.858005e-01,5.265036e-02,8.965521e-02,1.271430e-01,1.401597e-01,0.000000e+00,3.406415e-01,3.593711e-01,9.114545e-02,0.000000e+00,2.881805e-01,3.096404e-01,0.000000e+00,5.640466e-02,6.990352e-02,4.398199e-01,7.675483e-02,2.250595e-01,2.993846e-02
1.869537e-02,1.846870e-01,9.098677e-02,0.000000e+00,0.000000e+00,0.000000e+00,1.829203e-01,3.793593e-01,3.017252e-02,0.000000e+00,4.682077e-02,1.482883e-01,0.000000e+00,7.230736e-02,5.191913e-02,2.072471e-03,1.019326e-01,0.000000e+00,0.000000e+00,6.466418e-02
2.479584e-01,0.000000e+00,8.399470e-03,1.873815e-01,0.000000e+00,1.428677e-01,1.630903e-01,0.000000e+00,1.529334e-01,0.000000e+00,4.658024e-01,1.682936e-01,8.289750e-02,0.000000e+00,2.098520e-01,1.118171e-01,0.000000e+00,0.000000e+00,0.000000e+00,3.761222e-01
2.896656e-01,2.819362e-01,2.324609e-01,1.078982e-01,7.353144e-02,1.369475e-01,2.038761e-01,6.755216e-01,0.000000e+00,6.208754e-02,3.674980e-02,1.276139e-01,0.000000e+00,1.016283e-02,0.000000e+00,4.930613e-02,1.473213e-01,0.000000e+00,8.839027e-03,2.452423e-01
7.320259e-02,0.000000e+00,4.209172e-01,3.209956e-02,0.000000e+00,1.148798e-01,0.000000e+00,8.712382e-01,3.020993e-01,2.637451e-01,0.000000e+00,3.061043e-01,0.000000e+00,7.669755e-02,0.000000e+00,1.690737e-01,0.000000e+00,0.000000e+00,0.000000e+00,3.741914e-01
5.305090e-02,4.363671e-01,3.600331e-01,3.158485e-01,0.000000e+00,4.454509e-01,0.000000e+00,5.153751e-01,1.374896e-01,1.583309e+00,1.181360e-01,2.653433e-01,2.452311e-01,0.000000e+00,1.691793e-01,9.323065e-02,0.000000e+00,0.000000e+00,4.165012e-01,0.000000e+00
0.000000e+00,1.876094e-01,0.000000e+00,1.148521e-01,0.000000e+00,0.000000e+00,2.285911e-02,3.276723e-01,3.753692e-01,0.000000e+00,0.000000e+00,0.000000e+00,1.403886e-01,0.000000e+00,1.245170e-01,6.980180e-02,5.944866e-04,6.846194e-02,0.000000e+00,0.000000e+00
9.045051e-01,1.308025e-01,0.000000e+00,0.000000e+00,0.000000e+00,4.366561e-01,5.940646e-02,5.784867e-02,7.207076e-01,3.141107e-02,0.000000e+00,0.000000e+00,4.475116e-01,6.853494e-01,0.000000e+00,4.477186e-01,0.000000e+00,7.237739e-01,0.000000e+00,0.000000e+00
3.550427e-01,2.468854e-01,5.199815e-02,4.234343e-02,0.000000e+00,2.857874e-01,0.000000e+00,0.000000e+00,0.000000e+00,1.107443e-01,0.000000e+00,1.200933e-01,0.000000e+00,9.279759e-02,3.870430e-02,1.294925e-02,6.733209e-02,0.000000e+00,1.107583e-02,0.000000e+00
0.000000e+00,5.821221e-02,1.417489e-01,0.000000e+00,0.000000e+00,0.000000e+00,0.000000e+00,4.307994e-01,2.891472e-01,2.979187e-01,1.314636e-02,1.181306e-01,0.000000e+00,4.969363e-02,1.871989e-01,1.990767e-02,0.000000e+00,1.213006e-01,1.453272e-01,0.000000e+00
2.020909e-01,3.376974e-02,3.058983e-02,2.630273e-02,0.000000e+00,2.031433e-01,3.194421e-02,2.194539e-01,1.623975e-01,2.535199e-01,0.000000e+00,4.570680e-01,0.000000e+00,0.000000e+00,6.179430e-02,1.448347e-02,1.676338e-01,0.000000e+00,0.000000e+00,5.247888e-02
5.971472e-01,0.000000e+00,0.000000e+00,2.669282e-01,0.000000e+00,0.000000e+00,0.000000e+00,4.655204e-01,3.042671e-01,0.000000e+00,0.000000e+00,1.045926e+00,0.000000e+00,0.000000e+00,4.597381e-02,1.279810e-01,0.000000e+00,0.000000e+00,7.444414e-01,0.000000e+00
7.973937e-01,6.601993e-01,8.694619e-01,0.000000e+00,2.670652e-02,0.000000e+00,0.000000e+00,0.000000e+00,2.681915e-01,0.000000e+00,8.169968e-02,2.633828e-03,7.948645e-02,0.000000e+00,0.000000e+00,9.168271e-02,4.073271e-01,1.871566e-01,1.113847e+00,0.000000e+00
0.000000e+00,0.000000e+00,2.236418e-01,2.483959e-01,0.000000e+00,1.679727e-01,3.974034e-02,9.578280e-02,0.000000e+00,9.287129e-02,8.704853e-02,1.596151e-01,0.000000e+00,0.000000e+00,2.273241e-02,0.000000e+00,0.000000e+00,0.000000e+00,1.665421e-01,7.689377e-02
4.012645e+00,1.439637e+00,1.430016e-01,1.616754e+00,1.949425e+00,1.769817e+00,4.253801e-01,2.112673e+00,1.124287e+00,3.265701e+00,1.871878e+00,2.465504e+00,9.460956e-01,1.996885e+00,3.525046e-01,1.145572e+00,8.656697e-01,9.674242e-01,6.150561e-01,0.000000e+00
1.282633e+00,6.986951e-02,0.000000e+00,0.000000e+00,5.641095e-01,0.000000e+00,5.180047e-01,0.000000e+00,0.000000e+00,0.000000e+00,0.000000e+00,2.486031e+00,0.000000e+00,0.000000e+00,0.000000e+00,0.000000e+00,0.000000e+00,7.824396e-01,1.230255e-01,2.252359e-02
3.756468e-02,0.000000e+00,2.147696e-01,2.288992e-01,4.511708e-02,3.803446e-01,4.046576e-01,0.000000e+00,3.038694e-01,9.469547e-02,5.089400e-02,1.036053e-01,3.987757e-02,0.000000e+00,8.966942e-02,0.000000e+00,1.133088e-01,7.535259e-03,3.402545e-02,1.073164e-01
3.257608e-01,1.141872e-01,0.000000e+00,0.000000e+00,0.000000e+00,0.000000e+00,0.000000e+00,3.754581e-01,2.183120e-01,0.000000e+00,2.672911e-02,9.824021e-01,9.771238e-02,0.000000e+00,0.000000e+00,9.513480e-02,0.000000e+00,4.368782e-02,4.335652e-01,2.154929e-02
2.733737e-01,1.576357e-01,0.000000e+00,0.000000e+00,0.000000e+00,4.188331e-02,0.000000e+00,0.000000e+00,3.433791e-01,3.668816e-01,0.000000e+00,4.462403e-01,0.000000e+00,0.000000e+00,1.983647e-01,1.732656e-01,0.000000e+00,0.000000e+00,6.549727e-01,0.000000e+00
0.000000e+00,0.000000e+00,3.116974e+00,0.000000e+00,0.000000e+00,0.000000e+00,0.000000e+00,0.000000e+00,3.776809e+00,0.000000e+00,8.315866e-01,6.558823e-01,8.416167e-01,0.000000e+00,0.000000e+00,0.000000e+00,0.000000e+00,2.814425e+00,0.000000e+00,0.000000e+00
9.010700e-02,5.809967e-02,4.525472e-01,0.000000e+00,1.853933e-01,0.000000e+00,0.000000e+00,0.000000e+00,2.116843e-01,2.609649e-01,1.885989e-01,0.000000e+00,0.000000e+00,5.934410e-01,6.120744e-01,5.146567e-01,6.072269e-01,7.546798e-01,0.000000e+00,1.892458e-02
5.142594e-02,0.000000e+00,9.319940e-02,0.000000e+00,2.126037e-01,0.000000e+00,6.326650e-02,5.135827e-03,1.732520e-01,1.387058e-01,1.644342e-01,5.366762e-02,4.719243e-02,6.930122e-02,6.548666e-02,1.477722e-02,1.695657e-01,6.052218e-02,0.000000e+00,0.000000e+00
1.203721e-01,2.735867e-01,2.152367e-01,0.000000e+00,0.000000e+00,0.000000e+00,0.000000e+00,0.000000e+00,4.960131e-02,2.195170e-01,7.087533e-03,1.656496e-01,0.000000e+00,0.000000e+00,0.000000e+00,0.000000e+00,0.000000e+00,2.415164e-03,1.216038e-01,0.000000e+00
1.683215e-01,0.000000e+00,3.632207e-02,1.619052e-01,0.000000e+00,1.459521e-01,4.076040e-02,0.000000e+00,1.301628e-01,2.215228e-01,0.000000e+00,2.111417e-01,0.000000e+00,0.000000e+00,0.000000e+00,2.895344e-02,1.031082e-01,1.564392e-01,1.412649e-01,1.736457e-01
0.000000e+00,0.000000e+00,2.682165e-01,0.000000e+00,4.567029e-02,1.689825e-01,3.591844e-01,0.000000e+00,0.000000e+00,7.820026e-02,1.731985e-01,3.564399e-01,7.356325e-02,0.000000e+00,5.495175e-02,0.000000e+00,2.132116e-02,0.000000e+00,0.000000e+00,2.838602e-01
3.853396e+00,1.210441e-01,3.497482e+00,1.630569e-01,2.032410e-01,0.000000e+00,0.000000e+00,0.000000e+00,1.564835e+00,2.058849e+00,0.000000e+00,1.334357e+00,1.549375e+00,8.577744e-01,8.640042e-01,9.705563e-01,1.354215e+00,8.669233e-02,0.000000e+00,0.000000e+00
3.133210e-01,0.000000e+00,0.000000e+00,2.394664e-01,0.000000e+00,0.000000e+00,0.000000e+00,0.000000e+00,2.149627e-01,9.397200e-01,2.298301e-01,3.908510e-02,3.736115e-01,0.000000e+00,1.974598e-01,0.000000e+00,0.000000e+00,2.131289e-01,9.830187e-01,2.971618e-02
0.000000e+00,8.096795e-02,3.111871e-01,0.000000e+00,1.136429e+00,0.000000e+00,2.572391e-01,0.000000e+00,1.292327e-02,1.019051e-01,0.000000e+00,0.000000e+00,5.135208e-01,6.523127e-01,0.000000e+00,4.703826e-01,3.400854e-01,1.146955e+00,0.000000e+00,0.000000e+00
3.310041e+00,4.222100e-01,4.787473e-01,4.788734e-01,5.473205e+00,0.000000e+00,4.422300e-01,0.000000e+00,2.226784e-01,0.000000e+00,0.000000e+00,2.479496e-01,0.000000e+00,0.000000e+00,0.000000e+00,0.000000e+00,0.000000e+00,0.000000e+00,0.000000e+00,2.892708e-01
2.974712e-02,0.000000e+00,8.308225e-02,3.257975e-02,0.000000e+00,5.698797e-01,2.025060e-02,4.302770e-02,0.000000e+00,0.000000e+00,0.000000e+00,8.443082e-02,0.000000e+00,7.459211e-02,1.860089e-01,1.904206e-02,1.244878e-01,9.516261e-03,2.180229e-01,1.730012e-01
4.625574e-01,0.000000e+00,8.831632e-02,0.000000e+00,1.426252e+00,6.118946e-01,3.485248e-01,0.000000e+00,0.000000e+00,0.000000e+00,3.849478e-01,1.362468e-01,2.312910e-01,0.000000e+00,0.000000e+00,1.419766e-01,4.404588e-01,0.000000e+00,1.242358e+00,1.343989e+00
0.000000e+00,2.461758e-01,6.324711e-01,0.000000e+00,7.242106e-01,2.381081e-01,2.613570e-01,0.000000e+00,0.000000e+00,1.431436e-01,0.000000e+00,0.000000e+00,0.000000e+00,0.000000e+00,0.000000e+00,7.521720e-02,0.000000e+00,0.000000e+00,0.000000e+00,0.000000e+00
2.166241e-02,0.000000e+00,5.998695e-02,7.674264e-02,1.702737e-02,1.981784e-01,0.000000e+00,2.140019e-01,1.531216e-01,2.155238e-01,4.590881e-03,0.000000e+00,1.104363e-01,0.000000e+00,9.541511e-02,8.731437e-02,0.000000e+00,4.421399e-02,1.654045e-01,2.047802e-03
1.505069e+00,0.000000e+00,9.724804e-01,0.000000e+00,0.000000e+00,7.791947e-01,1.981673e-01,0.000000e+00,5.079219e-01,1.686633e+00,0.000000e+00,0.000000e+00,1.624526e+00,0.000000e+00,0.000000e+00,0.000000e+00,0.000000e+00,2.838138e-01,0.000000e+00,9.567804e-02
5.126704e-02,3.203788e-04,1.078263e-01,0.000000e+00,0.000000e+00,2.098547e-02,6.509641e-02,0.000000e+00,0.000000e+00,3.054457e-01,1.557217e-01,2.715339e-01,8.588529e-02,7.983992e-03,0.000000e+00,0.000000e+00,0.000000e+00,0.000000e+00,2.088770e-01,0.000000e+00
3.559998e+00,5.085906e-01,2.299788e+00,2.668363e-01,0.000000e+00,0.000000e+00,0.000000e+00,0.000000e+00,0.000000e+00,0.000000e+00,1.020833e+00,0.000000e+00,0.000000e+00,0.000000e+00,3.481188e+00,0.000000e+00,0.000000e+00,0.000000e+00,0.000000e+00,0.000000e+00
0.000000e+00,4.072255e-01,2.054287e+00,1.758636e-01,2.212659e+00,1.561363e+00,0.000000e+00,3.284883e-01,8.114596e-01,1.990668e+00,1.396105e+00,0.000000e+00,1.274279e+00,0.000000e+00,1.053870e-01,6.338965e-01,7.228705e-01,7.313982e-01,1.133374e-01,0.000000e+00
6.320116e-01,3.901200e-01,4.682190e-01,0.000000e+00,0.000000e+00,1.579540e-01,3.286180e-01,0.000000e+00,3.590214e-01,1.431244e-01,2.750051e+00,0.000000e+00,5.477000e-02,0.000000e+00,0.000000e+00,5.803021e-01,7.881826e-01,0.000000e+00,0.000000e+00,0.000000e+00
0.000000e+00,2.068447e-01,1.143504e+00,0.000000e+00,4.490401e-01,0.000000e+00,0.000000e+00,0.000000e+00,4.333016e-01,0.000000e+00,3.749029e+00,0.000000e+00,0.000000e+00,7.182276e+00,9.607700e-01,0.000000e+00,0.000000e+00,2.395751e-01,0.000000e+00,0.000000e+00
2.474035e+00,0.000000e+00,1.477916e+00,0.000000e+00,0.000000e+00,0.000000e+00,6.944829e-01,0.000000e+00,0.000000e+00,0.000000e+00,0.000000e+00,6.765433e-01,2.685190e-01,1.621410e-02,0.000000e+00,0.000000e+00,3.145881e-01,1.620557e-01,1.630594e-01,2.697951e+00
0.000000e+00,0.000000e+00,0.000000e+00,7.007696e-01,0.000000e+00,0.000000e+00,1.138243e-01,0.000000e+00,0.000000e+00,0.000000e+00,0.000000e+00,2.938820e+00,0.000000e+00,0.000000e+00,1.372456e+00,0.000000e+00,0.000000e+00,0.000000e+00,1.133735e+00,0.000000e+00
1.711072e-02,1.563013e-01,1.437010e-01,1.347651e-01,0.000000e+00,2.211402e-01,6.513104e-02,7.585646e-01,1.250301e-01,3.667399e-01,1.771780e-01,0.000000e+00,1.838659e-02,0.000000e+00,6.898829e-02,1.297370e-01,0.000000e+00,0.000000e+00,9.605069e-02,1.331007e-01
7.624725e-01,0.000000e+00,0.000000e+00,5.757755e-01,0.000000e+00,0.000000e+00,5.068067e-01,1.135242e+00,0.000000e+00,0.000000e+00,4.442673e-01,4.839243e-02,0.000000e+00,2.787496e-01,0.000000e+00,4.046641e-01,2.389725e-01,7.229363e-02,2.523796e-01,0.000000e+00
0.000000e+00,3.989875e-01,1.114460e+00,3.411643e-01,1.658559e-01,8.018808e-01,4.468130e-01,0.000000e+00,0.000000e+00,0.000000e+00,0.000000e+00,0.000000e+00,0.000000e+00,0.000000e+00,0.000000e+00,0.000000e+00,0.000000e+00,0.000000e+00,8.583670e-01,0.000000e+00
0.000000e+00,1.880913e-01,1.740834e-01,4.982130e-01,7.402697e-02,1.228599e-01,1.920527e-02,5.932471e-01,0.000000e+00,6.314159e-01,0.000000e+00,2.645688e-01,0.000000e+00,0.000000e+00,0.000000e+00,0.000000e+00,0.000000e+00,4.588675e-02,5.554463e-01,0.000000e+00
0.000000e+00,5.898594e-02,0.000000e+00,0.000000e+00,0.000000e+00,0.000000e+00,2.566925e-01,0.000000e+00,1.562786e-01,4.176027e-02,9.141401e-02,5.996872e-01,3.610563e-02,0.000000e+00,1.803078e-03,1.845422e-01,0.000000e+00,3.990367e-03,3.474893e-01,0.000000e+00
0.000000e+00,5.448731e-02,0.000000e+00,0.000000e+00,0.000000e+00,8.529828e-01,1.090262e-01,5.564100e-01,0.000000e+00,0.000000e+00,0.000000e+00,2.454464e+00,0.000000e+00,0.000000e+00,0.000000e+00,2.033652e-01,0.000000e+00,9.748782e-01,1.741430e-01,6.906307e-01
0.000000e+00,3.026979e-01,0.000000e+00,0.000000e+00,2.535814e+00,0.000000e+00,0.000000e+00,0.000000e+00,0.000000e+00,0.000000e+00,2.948059e-01,0.000000e+00,0.000000e+00,2.637594e-01,0.000000e+00,0.000000e+00,8.009671e-01,3.114712e+00,0.000000e+00,0.000000e+00
0.000000e+00,5.388675e-02,7.796180e-02,0.000000e+00,1.503354e-01,4.194794e-01,0.000000e+00,0.000000e+00,5.017123e-02,6.530574e-02,0.000000e+00,8.880029e-02,0.000000e+00,2.929861e-01,0.000000e+00,0.000000e+00,5.300356e-02,0.000000e+00,1.676842e-01,1.390235e-01
0.000000e+00,0.000000e+00,1.956254e-01,1.586455e-01,0.000000e+00,0.000000e+00,0.000000e+00,0.000000e+00,1.867408e-01,4.649777e-02,8.585308e-03,2.478404e-01,1.776573e-01,7.557135e-03,1.391833e-01,8.809620e-03,9.826764e-03,9.653631e-03,3.070159e-02,0.000000e+00
4.098959e-01,2.046690e-02,4.563453e-02,0.000000e+00,9.944660e-02,5.232096e-02,1.852629e-02,3.737832e-02,1.713760e-01,5.176215e-01,0.000000e+00,1.997442e-01,3.584544e-01,5.379039e-02,0.000000e+00,1.808870e-02,0.000000e+00,0.000000e+00,0.000000e+00,0.000000e+00
0.000000e+00,3.035137e-01,1.585701e-01,0.000000e+00,0.000000e+00,0.000000e+00,7.152248e-02,0.000000e+00,0.000000e+00,0.000000e+00,0.000000e+00,2.280822e-01,9.173957e-02,5.679044e-02,3.984053e-03,0.000000e+00,1.175519e-01,0.000000e+00,3.121023e-01,0.000000e+00
1.952362e-01,6.108869e-02,1.209044e-01,5.861698e-01,0.000000e+00,0.000000e+00,6.210075e-02,0.000000e+00,0.000000e+00,0.000000e+00,3.845026e-01,2.848854e-01,8.069780e-02,0.000000e+00,0.000000e+00,0.000000e+00,2.251691e-01,0.000000e+00,0.000000e+00,6.055101e-02
2.882880e+00,4.399901e-01,5.752755e-01,5.176079e-02,1.840788e-01,1.964970e+00,6.441538e-02,0.000000e+00,0.000000e+00,3.794914e-01,0.000000e+00,0.000000e+00,0.000000e+00,0.000000e+00,1.638680e-02,1.823885e+00,6.701676e-01,1.875743e+00,0.000000e+00,1.173117e+00
3.808941e-01,1.375306e-03,0.000000e+00,2.708024e-01,0.000000e+00,2.762608e-01,0.000000e+00,8.754073e-03,0.000000e+00,3.309136e-01,0.000000e+00,0.000000e+00,3.584599e-01,0.000000e+00,8.471543e-02,1.164598e-01,0.000000e+00,0.000000e+00,0.000000e+00,1.558332e-01
0.000000e+00,0.000000e+00,0.000000e+00,4.484414e-01,0.000000e+00,3.640857e-01,0.000000e+00,0.000000e+00,0.000000e+00,0.000000e+00,0.000000e+00,4.426788e-01,1.132500e-01,1.778046e-02,5.849831e-02,1.357836e-02,0.000000e+00,1.661034e-01,8.818710e-02,0.000000e+00
0.000000e+00,6.190519e-01,3.055312e-01,1.630382e-01,0.000000e+00,0.000000e+00,7.933020e-02,1.103410e+00,0.000000e+00,2.975617e-01,1.992024e-01,1.250486e-01,7.045071e-03,1.810593e-02,2.308953e-01,0.000000e+00,0.000000e+00,0.000000e+00,4.267705e-01,2.766062e-02
0.000000e+00,1.800011e-01,2.831944e-01,6.076892e-03,1.018819e-01,1.343088e-01,2.807000e-02,2.510189e-01,0.000000e+00,0.000000e+00,0.000000e+00,0.000000e+00,2.798884e-02,0.000000e+00,2.722485e-02,0.000000e+00,0.000000e+00,2.377951e-02,2.107193e-01,0.000000e+00
1.931521e+00,4.027597e-01,1.076503e+00,2.403951e-01,4.254879e-01,4.441948e+00,0.000000e+00,0.000000e+00,0.000000e+00,0.000000e+00,0.000000e+00,0.000000e+00,1.652484e-01,3.595987e-01,0.000000e+00,0.000000e+00,3.991650e-01,0.000000e+00,0.000000e+00,1.031670e+00
0.000000e+00,0.000000e+00,4.628343e-01,0.000000e+00,1.594448e+00,0.000000e+00,0.000000e+00,0.000000e+00,2.407313e-01,0.000000e+00,6.596629e-01,0.000000e+00,0.000000e+00,0.000000e+00,2.217552e+00,1.675306e-01,0.000000e+00,2.063094e-01,1.930808e+00,0.000000e+00
0.000000e+00,3.001528e-01,0.000000e+00,2.049396e-01,0.000000e+00,0.000000e+00,0.000000e+00,0.000000e+00,1.098626e-01,1.132247e-01,1.626553e-01,2.541403e-01,1.089619e-01,0.000000e+00,0.000000e+00,3.257813e-02,9.466087e-02,1.359676e-01,4.869970e-01,0.000000e+00
2.211826e-02,3.618404e-02,0.000000e+00,0.000000e+00,2.981165e-01,1.977532e-01,0.000000e+00,1.973982e-01,1.288223e-01,3.586480e-02,0.000000e+00,2.624012e-01,0.000000e+00,3.443870e-01,1.574434e-01,0.000000e+00,0.000000e+00,1.999488e-02,1.885703e-02,3.319215e-01
1.232007e-02,4.679703e-02,0.000000e+00,1.355983e-01,1.660342e-01,0.000000e+00,0.000000e+00,0.000000e+00,0.000000e+00,0.000000e+00,3.210800e-01,5.291836e-01,0.000000e+00,0.000000e+00,1.599532e-01,1.201505e-02,2.802832e-02,0.000000e+00,6.259747e-01,0.000000e+00
7.296733e+00,1.323681e+00,0.000000e+00,0.000000e+00,2.319917e-01,0.000000e+00,0.000000e+00,1.448088e+00,6.262618e-01,2.225473e+00,1.822524e+00,4.739189e+00,0.000000e+00,5.128314e-01,4.333458e-01,1.095563e+00,0.000000e+00,8.203230e-01,1.798578e+00,0.000000e+00
8.631473e-02,7.526130e-03,2.117185e-01,0.000000e+00,9.827617e-02,3.825475e-03,0.000000e+00,3.868768e-01,5.659119e-02,2.784854e-01,0.000000e+00,4.413638e-02,0.000000e+00,0.000000e+00,6.021322e-03,1.396445e-01,0.000000e+00,2.676921e-01,0.000000e+00,7.551879e-02
0.000000e+00,8.034868e-02,0.000000e+00,0.000000e+00,1.447466e-01,3.489890e-01,0.000000e+00,3.622436e-01,2.286052e-01,0.000000e+00,3.022623e-02,1.449187e-01,1.011490e-01,9.915152e-02,9.368988e-02,0.000000e+00,9.132984e-02,7.141592e-02,1.560192e-01,6.772431e-02
0.000000e+00,8.422251e-02,1.194020e-01,3.012909e-01,7.179694e-02,0.000000e+00,1.107873e-01,1.153035e-01,1.181607e-01,8.943832e-02,4.099780e-02,2.913895e-01,0.000000e+00,0.000000e+00,0.000000e+00,0.000000e+00,0.000000e+00,7.174390e-02,0.000000e+00,1.459684e-01
0.000000e+00,1.001691e-01,0.000000e+00,4.336802e-02,2.074176e+00,1.437128e+00,0.000000e+00,2.094574e+00,2.300268e-01,1.694316e+00,0.000000e+00,0.000000e+00,1.843305e-01,0.000000e+00,8.732689e-01,2.323825e+00,0.000000e+00,0.000000e+00,0.000000e+00,0.000000e+00
3.516717e-01,0.000000e+00,0.000000e+00,0.000000e+00,0.000000e+00,0.000000e+00,8.349472e-01,0.000000e+00,6.613427e-01,0.000000e+00,0.000000e+00,1.120409e-01,3.828129e-02,3.027559e-01,0.000000e+00,6.693594e-01,0.000000e+00,6.337856e-01,0.000000e+00,0.000000e+00
0.000000e+00,0.000000e+00,0.000000e+00,0.000000e+00,0.000000e+00,0.000000e+00,3.299274e+00,0.000000e+00,0.000000e+00,1.436320e+01,4.380651e+00,0.000000e+00,0.000000e+00,0.000000e+00,0.000000e+00,0.000000e+00,7.202573e-01,0.000000e+00,0.000000e+00,0.000000e+00
0.000000e+00,4.858092e-01,9.780719e-01,2.246222e-01,0.000000e+00,1.437870e-01,0.000000e+00,0.000000e+00,1.707862e+00,1.685392e+00,0.000000e+00,2.419822e-01,3.615449e-01,0.000000e+00,0.000000e+00,5.321479e-02,1.092557e-01,0.000000e+00,1.165750e+00,0.000000e+00
1.190139e-01,0.000000e+00,3.028032e-03,8.387078e-02,0.000000e+00,6.623272e-02,6.742654e-02,0.000000e+00,0.000000e+00,1.550904e-01,1.312565e-01,4.737481e-02,2.031066e-01,5.317132e-02,0.000000e+00,0.000000e+00,2.545630e-01,0.000000e+00,0.000000e+00,2.468066e-01
2.802484e-01,4.185528e-02,1.122610e-01,0.000000e+00,1.393072e-01,1.127971e-01,7.201835e-02,0.000000e+00,1.554300e-01,1.759798e-01,0.000000e+00,9.145049e-02,9.177133e-02,1.081440e-01,8.470347e-03,8.916388e-03,0.000000e+00,1.810613e-02,0.000000e+00,8.377138e-02
2.667504e-01,1.342871e-01,0.000000e+00,1.433540e-01,0.000000e+00,2.867618e-01,0.000000e+00,1.960277e-01,0.000000e+00,0.000000e+00,1.428926e-01,1.393563e-01,0.000000e+00,9.962439e-02,1.793282e-02,8.697842e-03,1.540304e-01,1.017305e-01,1.229254e-02,0.000000e+00
2.096486e+00,5.068392e-01,0.000000e+00,0.000000e+00,0.000000e+00,2.619025e-01,0.000000e+00,0.000000e+00,0.000000e+00,0.000000e+00,0.000000e+00,0.000000e+00,0.000000e+00,0.000000e+00,5.906990e-01,8.958340e-01,0.000000e+00,0.000000e+00,3.207578e+00,0.000000e+00
7.188606e-02,1.767133e-01,1.678186e-01,7.009574e-02,0.000000e+00,2.406967e-01,0.000000e+00,5.653339e-03,2.839222e-01,6.598196e-02,0.000000e+00,1.354455e-01,0.000000e+00,2.554865e-01,0.000000e+00,0.000000e+00,0.000000e+00,0.000000e+00,1.280776e-01,0.000000e+00
0.000000e+00,1.742207e-04,2.285225e+00,0.000000e+00,1.158159e+00,0.000000e+00,2.429521e-01,0.000000e+00,0.000000e+00,2.675022e+00,0.000000e+00,0.000000e+00,0.000000e+00,0.000000e+00,0.000000e+00,1.842464e+00,0.000000e+00,2.158247e+00,0.000000e+00,1.430012e-01
1.821236e-01,0.000000e+00,0.000000e+00,1.511444e-01,0.000000e+00,1.225506e-01,1.306015e-01,2.995769e-02,0.000000e+00,0.000000e+00,1.013358e-01,4.509898e-01,1.103841e-01,0.000000e+00,0.000000e+00,0.000000e+00,0.000000e+00,0.000000e+00,1.459272e-01,0.000000e+00
6.281342e-02,1.795793e-01,0.000000e+00,0.000000e+00,7.975593e-02,0.000000e+00,0.000000e+00,0.000000e+00,5.423333e-03,1.626214e-01,0.000000e+00,2.039025e-01,7.661387e-02,4.563766e-01,2.478091e-02,4.050925e-02,1.614049e-02,7.938301e-02,1.583365e-01,1.194407e-01
1.139973e-01,0.000000e+00,3.141044e-01,2.455401e-01,0.000000e+00,0.000000e+00,7.059694e-02,0.000000e+00,0.000000e+00,0.000000e+00,5.507999e-01,4.683507e-01,1.316533e-02,4.476444e-01,2.359274e-01,2.041726e-01,2.208645e-01,3.947671e-01,0.000000e+00,5.867906e-02
5.294028e-01,2.819089e-01,5.866554e-01,0.000000e+00,7.401313e-01,1.288551e+00,2.786897e-01,7.158841e-01,0.000000e+00,0.000000e+00,0.000000e+00,4.650974e-01,5.303728e-01,0.000000e+00,0.000000e+00,0.000000e+00,4.995669e-01,2.620189e-01,0.000000e+00,0.000000e+00
0.000000e+00,5.542150e-02,1.771355e+00,1.110858e+00,0.000000e+00,7.136356e-01,0.000000e+00,0.000000e+00,0.000000e+00,0.000000e+00,0.000000e+00,1.127551e+00,0.000000e+00,0.000000e+00,5.880840e-04,0.000000e+00,0.000000e+00,0.000000e+00,1.017619e+00,0.000000e+00
1.321552e-01,4.147950e-01,1.402267e-01,0.000000e+00,1.933383e-01,1.598855e-01,1.123370e-01,1.287968e+00,2.291276e-02,0.000000e+00,0.000000e+00,0.000000e+00,0.000000e+00,0.000000e+00,8.849939e-02,0.000000e+00,9.669811e-02,0.000000e+00,1.819810e-01,0.000000e+00
0.000000e+00,3.066849e-01,6.873515e-01,0.000000e+00,4.075820e-01,0.000000e+00,4.427553e-02,3.361818e-01,0.000000e+00,3.734014e-01,0.000000e+00,0.000000e+00,0.000000e+00,0.000000e+00,0.000000e+00,0.000000e+00,0.000000e+00,0.000000e+00,1.978226e-01,0.000000e+00
5.394526e-01,0.000000e+00,0.000000e+00,1.493875e-01,1.342200e+00,0.000000e+00,0.000000e+00,0.000000e+00,0.000000e+00,0.000000e+00,9.086371e-02,1.243025e+00,1.325824e+00,3.402140e-01,0.000000e+00,0.000000e+00,0.000000e+00,0.000000e+00,0.000000e+00,1.503852e+00
2.002121e-01,1.058384e-01,1.871543e-01,0.000000e+00,1.816711e-01,1.260506e+00,1.577411e-01,0.000000e+00,0.000000e+00,0.000000e+00,1.062925e+00,1.151535e+00,0.000000e+00,7.263310e-01,0.000000e+00,0.000000e+00,8.771134e-01,1.688261e-01,6.665789e-02,4.049407e-01
0.000000e+00,2.067429e-01,6.469343e-01,0.000000e+00,3.406186e-01,0.000000e+00,0.000000e+00,2.454660e-01,0.000000e+00,1.787106e-01,0.000000e+00,1.101764e-01,4.380732e-02,0.000000e+00,0.000000e+00,0.000000e+00,0.000000e+00,0.000000e+00,0.000000e+00,5.922274e-02
6.596873e-02,7.342338e-02,3.011786e-02,0.000000e+00,8.417661e-02,6.226831e-01,0.000000e+00,2.910948e-01,2.627803e-01,5.080728e-01,8.202262e-02,0.000000e+00,1.154031e-01,6.015716e-03,0.000000e+00,0.000000e+00,0.000000e+00,0.000000e+00,6.310895e-01,0.000000e+00
3.689855e-01,0.000000e+00,0.000000e+00,0.000000e+00,7.288754e-01,2.152671e+00,0.000000e+00,9.071474e-01,0.000000e+00,3.801500e-01,5.204591e-01,0.000000e+00,7.515361e-01,0.000000e+00,0.000000e+00,0.000000e+00,7.777721e-02,7.759100e-01,0.000000e+00,2.752889e-01
6.241530e-01,5.880787e-02,3.172011e-01,3.886590e-01,7.195784e-01,2.814072e-01,0.000000e+00,9.220202e-01,0.000000e+00,0.000000e+00,8.290408e-01,0.000000e+00,2.030883e-02,0.000000e+00,7.152911e-02,1.027742e+00,8.576273e-01,0.000000e+00,0.000000e+00,0.000000e+00
0.000000e+00,7.106863e-01,0.000000e+00,1.498618e+00,0.000000e+00,0.000000e+00,0.000000e+00,1.901089e+00,0.000000e+00,0.000000e+00,0.000000e+00,0.000000e+00,7.298564e-01,1.826773e+00,0.000000e+00,0.000000e+00,2.488166e+00,0.000000e+00,0.000000e+00,0.000000e+00
0.000000e+00,5.000112e-01,7.604127e-01,2.466093e-01,1.141288e+00,0.000000e+00,4.235484e-01,0.000000e+00,0.000000e+00,0.000000e+00,0.000000e+00,3.885418e-01,1.532063e-01,1.861386e-02,0.000000e+00,0.000000e+00,0.000000e+00,2.618509e-01,1.597616e-01,0.000000e+00
0.000000e+00,5.812629e-01,0.000000e+00,0.000000e+00,0.000000e+00,0.000000e+00,0.000000e+00,0.000000e+00,0.000000e+00,0.000000e+00,0.000000e+00,0.000000e+00,0.000000e+00,0.000000e+00,0.000000e+00,0.000000e+00,0.000000e+00,0.000000e+00,1.106286e+01,0.000000e+00
1.439314e+00,0.000000e+00,0.000000e+00,3.368094e-01,0.000000e+00,0.000000e+00,1.573552e-01,0.000000e+00,0.000000e+00,0.000000e+00,0.000000e+00,3.378552e-01,0.000000e+00,3.106495e-01,0.000000e+00,1.907203e-01,0.000000e+00,6.375030e-01,0.000000e+00,0.000000e+00
0.000000e+00,2.484808e-01,3.653717e-01,3.391717e-02,0.000000e+00,0.000000e+00,5.677908e-02,6.117960e-01,0.000000e+00,1.087732e+00,0.000000e+00,4.532295e-01,3.077565e-01,1.396891e-02,2.588715e-01,4.030258e-02,1.467499e-01,0.000000e+00,4.349728e-01,0.000000e+00
2.568468e-01,0.000000e+00,2.202919e-01,1.242301e-01,0.000000e+00,2.559399e-01,0.000000e+00,5.799177e-01,0.000000e+00,1.902404e-01,2.713348e-01,2.601946e-01,0.000000e+00,4.782928e-01,0.000000e+00,3.254792e-02,0.000000e+00,0.000000e+00,0.000000e+00,4.493662e-03
2.288572e+00,1.435639e-02,2.129060e+00,0.000000e+00,3.826969e-01,0.000000e+00,0.000000e+00,3.387793e-01,1.336818e-01,5.549817e-01,1.677295e-01,6.305487e-01,4.408577e-01,9.135489e-01,0.000000e+00,2.511943e-02,0.000000e+00,0.000000e+00,1.484547e+00,0.000000e+00
0.000000e+00,1.387609e-01,1.785862e+00,0.000000e+00,0.000000e+00,0.000000e+00,0.000000e+00,0.000000e+00,9.017517e-01,1.497718e+00,0.000000e+00,0.000000e+00,1.733559e-01,0.000000e+00,0.000000e+00,1.015355e-01,5.613218e-01,8.688453e-01,0.000000e+00,3.155412e-02
1.073139e-01,2.500158e-01,0.000000e+00,9.952909e-02,0.000000e+00,3.471091e-01,1.154320e-03,0.000000e+00,6.444240e-02,3.989642e-01,0.000000e+00,0.000000e+00,0.000000e+00,3.376281e-01,1.571034e-02,3.139274e-02,1.652241e-01,1.366187e-02,4.456204e-02,0.000000e+00
1.071220e-01,7.234556e-02,3.052444e-01,0.000000e+00,0.000000e+00,6.119978e-01,0.000000e+00,5.151991e-01,0.000000e+00,0.000000e+00,0.000000e+00,1.855398e-01,3.111392e-02,8.790948e-02,2.245317e-01,3.713582e-02,0.000000e+00,0.000000e+00,0.000000e+00,0.000000e+00
6.415153e-01,2.177593e-01,6.000898e-01,0.000000e+00,1.904865e-01,8.513017e-01,7.207332e-01,1.468662e+00,0.000000e+00,0.000000e+00,0.000000e+00,0.000000e+00,0.000000e+00,0.000000e+00,6.789544e-01,3.264963e-01,0.000000e+00,1.682351e-02,3.223401e-01,0.000000e+00
0.000000e+00,2.696497e-01,0.000000e+00,0.000000e+00,6.627989e+00,2.547317e+00,0.000000e+00,7.273342e-02,5.500585e-01,0.000000e+00,0.000000e+00,0.000000e+00,0.000000e+00,3.513579e-01,0.000000e+00,0.000000e+00,0.000000e+00,1.059313e+00,0.000000e+00,7.205284e-02
0.000000e+00,0.000000e+00,0.000000e+00,1.311393e-01,1.339380e-01,3.852044e-01,0.000000e+00,0.000000e+00,0.000000e+00,0.000000e+00,7.797110e-02,1.490751e-01,0.000000e+00,5.666935e-01,1.097958e-01,0.000000e+00,0.000000e+00,4.084752e-01,3.036296e-03,1.900115e-01
0.000000e+00,0.000000e+00,6.655871e-01,0.000000e+00,1.562733e+00,0.000000e+00,0.000000e+00,0.000000e+00,0.000000e+00,9.992551e-01,2.181563e-01,6.586702e-01,9.944824e-02,0.000000e+00,0.000000e+00,0.000000e+00,0.000000e+00,1.391318e-01,8.852236e-02,4.305045e-01
0.000000e+00,1.288295e-02,1.418993e-01,0.000000e+00,1.174519e-01,9.137187e-02,1.462284e-02,6.065697e-01,2.224745e-02,2.759184e-01,6.197924e-03,2.906275e-01,0.000000e+00,0.000000e+00,8.700566e-02,0.000000e+00,0.000000e+00,0.000000e+00,0.000000e+00,0.000000e+00
2.573869e-01,2.771401e-02,1.103689e-01,0.000000e+00,1.602953e-01,7.419756e-03,0.000000e+00,0.000000e+00,2.278803e-01,1.326102e-01,0.000000e+00,0.000000e+00,1.275732e-01,0.000000e+00,9.925793e-02,1.173740e-02,0.000000e+00,1.232007e-01,8.726122e-02,0.000000e+00
2.422385e-01,2.928435e-01,2.413316e-01,0.000000e+00,1.474608e-01,0.000000e+00,3.026852e-02,6.507673e-01,0.000000e+00,2.148897e-01,4.366439e-02,2.940245e-01,1.209775e-01,0.000000e+00,0.000000e+00,0.000000e+00,0.000000e+00,0.000000e+00,5.176408e-02,7.602875e-02
2.940876e-01,3.302061e-01,1.597675e-01,0.000000e+00,2.380197e-02,0.000000e+00,4.383352e-02,6.008476e-01,3.526921e-01,1.356050e-02,0.000000e+00,7.354878e-01,0.000000e+00,3.003599e-01,3.470272e-02,0.000000e+00,0.000000e+00,0.000000e+00,0.000000e+00,0.000000e+00
1.553929e-01,5.502591e-02,9.881102e-02,6.366275e-02,0.000000e+00,8.017448e-02,1.448875e-01,1.643822e-01,0.000000e+00,2.109726e-01,0.000000e+00,9.419130e-02,8.872361e-02,1.121702e-01,4.549204e-03,1.872465e-01,2.745913e-02,5.796934e-02,1.036694e-01,0.000000e+00
5.580272e-01,0.000000e+00,1.301471e-01,1.976841e-01,6.057494e-01,0.000000e+00,0.000000e+00,0.000000e+00,6.778264e-03,1.445541e+00,0.000000e+00,2.243369e-01,0.000000e+00,0.000000e+00,1.788360e-01,0.000000e+00,0.000000e+00,0.000000e+00,7.415065e-01,0.000000e+00
0.000000e+00,0.000000e+00,4.910550e-02,0.000000e+00,5.904077e-01,7.369676e-01,0.000000e+00,8.850046e-01,0.000000e+00,0.000000e+00,0.000000e+00,0.000000e+00,4.369440e-02,1.580450e-01,2.607714e-01,3.025100e-02,7.502016e-01,2.947822e-01,3.073130e-01,8.359542e-01
3.897151e-01,0.000000e+00,3.403863e-01,5.559062e-02,2.325304e-01,0.000000e+00,2.435769e-01,8.917128e-01,8.695593e-02,4.785487e-02,0.000000e+00,1.680277e-01,0.000000e+00,0.000000e+00,2.763557e-01,0.000000e+00,3.148536e-02,2.167470e-01,0.000000e+00,1.794938e-01
0.000000e+00,2.743369e-02,1.460260e-02,0.000000e+00,1.253925e-01,0.000000e+00,0.000000e+00,6.512376e-01,2.121647e-01,1.990402e-01,1.680240e-01,2.605444e-01,0.000000e+00,0.000000e+00,0.000000e+00,0.000000e+00,0.000000e+00,0.000000e+00,5.539241e-01,0.000000e+00
4.273878e-02,1.323914e-01,1.015223e-01,1.705280e-02,2.901272e-02,3.675196e-01,4.874403e-02,1.930017e-02,0.000000e+00,3.866331e-02,5.821335e-02,5.424209e-02,0.000000e+00,0.000000e+00,6.862963e-02,4.608246e-02,0.000000e+00,2.687060e-02,1.039379e-01,8.720279e-02
4.463911e-01,2.936176e-01,0.000000e+00,0.000000e+00,9.150440e-02,0.000000e+00,0.000000e+00,0.000000e+00,7.041833e-01,3.271359e-01,0.000000e+00,8.086790e-01,6.453122e-02,6.604832e-01,0.000000e+00,0.000000e+00,9.750008e-02,0.000000e+00,0.000000e+00,0.000000e+00
0.000000e+00,4.067013e-01,3.826274e-01,2.198605e-01,0.000000e+00,8.231039e-02,7.585014e-01,0.000000e+00,0.000000e+00,1.117325e+00,2.967243e-01,8.669704e-01,0.000000e+00,0.000000e+00,0.000000e+00,2.327448e-01,0.000000e+00,0.000000e+00,9.477827e-01,0.000000e+00
2.655589e-01,1.418999e-02,0.000000e+00,2.561432e-02,4.756306e-02,1.143814e-01,0.000000e+00,0.000000e+00,8.636424e-02,3.889659e-01,1.726333e-01,5.699061e-01,2.804854e-02,0.000000e+00,0.000000e+00,0.000000e+00,0.000000e+00,1.610583e-01,2.277484e-01,0.000000e+00
1.131643e-01,1.065709e-01,9.720193e-02,0.000000e+00,8.978466e-02,0.000000e+00,0.000000e+00,1.019754e-01,2.694298e-01,3.445698e-01,0.000000e+00,1.623283e-01,1.576783e-01,1.508956e-01,0.000000e+00,3.241679e-03,0.000000e+00,0.000000e+00,0.000000e+00,7.793780e-03
3.666565e-01,0.000000e+00,0.000000e+00,0.000000e+00,0.000000e+00,8.348066e-01,2.196716e-01,4.804570e-01,4.930896e-01,0.000000e+00,2.152110e-01,2.686251e-01,0.000000e+00,1.874946e-01,4.814473e-02,2.432106e-01,0.000000e+00,6.618659e-02,0.000000e+00,0.000000e+00
9.183798e-02,2.068750e-01,3.823636e-01,3.176212e-01,9.784059e-02,0.000000e+00,2.824994e-03,0.000000e+00,4.080802e-02,1.826787e-01,0.000000e+00,0.000000e+00,2.866932e-03,7.207696e-02,0.000000e+00,4.037450e-02,0.000000e+00,0.000000e+00,5.442606e-02,6.599041e-02
0.000000e+00,0.000000e+00,0.000000e+00,0.000000e+00,0.000000e+00,0.000000e+00,0.000000e+00,5.915816e-01,0.000000e+00,1.175716e+00,0.000000e+00,1.371175e+00,0.000000e+00,2.595031e+00,0.000000e+00,3.086407e-01,3.212736e+00,0.000000e+00,3.777984e-01,0.000000e+00
0.000000e+00,1.026802e-01,7.798055e-01,0.000000e+00,4.495371e+00,0.000000e+00,0.000000e+00,1.057085e+01,0.000000e+00,2.660728e+00,0.000000e+00,1.742698e+00,0.000000e+00,0.000000e+00,0.000000e+00,0.000000e+00,0.000000e+00,0.000000e+00,0.000000e+00,0.000000e+00
0.000000e+00,2.301886e-01,2.707880e-01,2.027718e-01,0.000000e+00,5.010828e-01,0.000000e+00,4.885874e-01,0.000000e+00,2.203538e-02,0.000000e+00,2.620547e-01,1.151691e-02,7.827440e-02,7.901115e-03,2.781878e-02,0.000000e+00,0.000000e+00,5.682889e-01,0.000000e+00
0.000000e+00,4.407508e-02,5.777352e-01,0.000000e+00,0.000000e+00,2.590468e-01,6.900796e-02,5.248841e-01,0.000000e+00,0.000000e+00,0.000000e+00,0.000000e+00,0.000000e+00,2.891571e-01,0.000000e+00,9.059158e-03,0.000000e+00,0.000000e+00,0.000000e+00,6.533281e-03
0.000000e+00,3.187601e-01,1.296376e+00,0.000000e+00,3.611520e-01,2.927794e-01,3.875694e-01,1.350187e+00,0.000000e+00,0.000000e+00,0.000000e+00,0.000000e+00,0.000000e+00,0.000000e+00,0.000000e+00,8.073580e-02,0.000000e+00,0.000000e+00,0.000000e+00,2.008773e-02
8.708832e-01,0.000000e+00,8.943179e-01,7.306935e-01,1.487899e+00,4.050413e+00,1.027685e+00,0.000000e+00,0.000000e+00,0.000000e+00,0.000000e+00,1.273873e+00,1.181024e+00,3.538957e-01,0.000000e+00,1.768306e+00,2.835365e+00,1.668805e+00,0.000000e+00,0.000000e+00
0.000000e+00,1.922213e-01,3.072421e-01,2.279841e-01,0.000000e+00,0.000000e+00,0.000000e+00,0.000000e+00,0.000000e+00,0.000000e+00,0.000000e+00,0.000000e+00,0.000000e+00,0.000000e+00,0.000000e+00,0.000000e+00,0.000000e+00,0.000000e+00,3.070486e-01,6.036697e-02
1.412743e-01,2.961780e-01,1.534333e-01,0.000000e+00,0.000000e+00,0.000000e+00,3.250491e-01,0.000000e+00,0.000000e+00,0.000000e+00,0.000000e+00,9.687674e-02,1.327275e-01,5.214700e-02,3.897439e-03,0.000000e+00,3.750260e-02,4.124198e-02,0.000000e+00,0.000000e+00
3.436623e-01,1.514601e-01,2.438133e-02,7.039831e-02,4.497503e-03,0.000000e+00,6.524534e-02,5.134828e-01,0.000000e+00,1.539026e-01,0.000000e+00,6.393954e-02,0.000000e+00,1.043469e-01,0.000000e+00,7.274430e-03,0.000000e+00,0.000000e+00,1.978716e-02,0.000000e+00
1.066788e-01,7.020497e-02,8.558774e-02,0.000000e+00,0.000000e+00,0.000000e+00,5.731806e-03,1.486940e-01,2.031745e-01,3.394921e-01,0.000000e+00,2.389415e-01,1.203130e-01,6.892159e-02,1.550887e-01,0.000000e+00,1.431744e-02,0.000000e+00,0.000000e+00,0.000000e+00
1.939021e+00,3.452415e-01,2.157790e+00,4.562486e-01,9.629230e-01,2.101821e+00,7.076480e-02,2.488708e-01,1.695675e+00,2.491591e+00,1.941889e+00,7.528829e-01,1.206268e+00,8.819410e-01,1.181526e+00,7.737913e-01,1.615943e+00,1.032056e+00,1.337326e+00,1.146068e+00
1.177622e-01,0.000000e+00,0.000000e+00,3.468421e-01,0.000000e+00,3.933861e-01,2.677884e-01,0.000000e+00,1.425471e-01,0.000000e+00,1.194475e-01,3.398036e-01,4.549896e-01,1.376247e-02,8.819611e-02,0.000000e+00,0.000000e+00,0.000000e+00,2.464612e-01,2.004067e-01
4.861692e-02,1.615324e-01,6.488234e-01,0.000000e+00,1.516982e+00,0.000000e+00,0.000000e+00,1.073178e+00,0.000000e+00,0.000000e+00,7.684466e-01,5.348077e-01,3.729186e-01,0.000000e+00,1.342880e+00,0.000000e+00,2.172904e+00,0.000000e+00,0.000000e+00,0.000000e+00
3.290334e-01,0.000000e+00,0.000000e+00,0.000000e+00,0.000000e+00,3.065781e-01,1.276734e-01,0.000000e+00,2.208078e-01,0.000000e+00,1.847010e-01,3.983954e-01,1.839260e-01,0.000000e+00,0.000000e+00,0.000000e+00,1.862504e-01,0.000000e+00,1.630463e-01,0.000000e+00
0.000000e+00,7.560784e-03,0.000000e+00,0.000000e+00,8.831419e-02,3.231246e-01,9.196888e-02,0.000000e+00,0.000000e+00,3.110589e-01,0.000000e+00,1.909010e-01,1.238360e-01,5.102825e-02,0.000000e+00,6.291385e-02,1.889177e-01,6.411663e-02,1.758455e-01,0.000000e+00
0.000000e+00,2.177192e-01,1.068888e-01,4.676438e-01,0.000000e+00,0.000000e+00,2.351528e-01,5.838374e-01,0.000000e+00,2.353153e-01,5.893052e-02,2.219350e-01,0.000000e+00,1.134337e-01,0.000000e+00,0.000000e+00,0.000000e+00,0.000000e+00,9.360267e-02,0.000000e+00
3.861658e-01,3.854650e-01,4.597539e-01,1.501921e-01,0.000000e+00,0.000000e+00,1.510836e-01,6.117547e-02,0.000000e+00,5.922914e-01,0.000000e+00,2.361242e-01,0.000000e+00,0.000000e+00,9.164355e-02,6.717593e-03,0.000000e+00,1.745274e-01,2.718585e-01,2.099391e-03
0.000000e+00,0.000000e+00,2.388787e-02,0.000000e+00,2.074031e-02,1.344913e-01,0.000000e+00,0.000000e+00,0.000000e+00,5.908441e-02,3.065857e-02,3.925198e-01,5.695409e-01,7.090123e-01,0.000000e+00,5.689640e-01,2.350458e-01,0.000000e+00,8.701336e-01,4.330428e-01
5.508762e-04,1.070274e-01,9.123481e-02,0.000000e+00,4.734630e-02,2.083244e-01,3.370484e-02,2.710967e-01,2.061664e-01,1.332400e-01,0.000000e+00,1.863490e-01,0.000000e+00,2.198688e-01,0.000000e+00,1.051993e-02,0.000000e+00,0.000000e+00,0.000000e+00,8.504165e-02
0.000000e+00,6.463924e-01,0.000000e+00,0.000000e+00,0.000000e+00,0.000000e+00,0.000000e+00,1.097651e+00,0.000000e+00,0.000000e+00,2.658597e-01,5.011907e-01,3.110264e-02,0.000000e+00,0.000000e+00,3.319744e-01,1.970597e-01,0.000000e+00,1.034975e+00,0.000000e+00
1.482324e+00,2.381554e-01,0.000000e+00,0.000000e+00,0.000000e+00,8.802379e+00,0.000000e+00,0.000000e+00,0.000000e+00,0.000000e+00,1.824267e+00,1.915418e-01,0.000000e+00,0.000000e+00,0.000000e+00,0.000000e+00,0.000000e+00,0.000000e+00,1.298532e+00,0.000000e+00
0.000000e+00,4.787827e-01,9.701117e-02,0.000000e+00,6.187625e-02,3.365267e+00,0.000000e+00,0.000000e+00,0.000000e+00,3.526208e+00,0.000000e+00,1.624321e+00,0.000000e+00,7.030413e+00,0.000000e+00,0.000000e+00,0.000000e+00,0.000000e+00,0.000000e+00,0.000000e+00
7.982528e-02,2.406805e-01,0.000000e+00,0.000000e+00,1.424222e-01,2.718660e-01,0.000000e+00,2.539102e-01,0.000000e+00,4.165984e-01,0.000000e+00,4.090775e-02,1.844766e-01,0.000000e+00,8.214105e-02,0.000000e+00,0.000000e+00,1.699904e-01,5.178179e-02,1.584421e-01
2.386311e+00,0.000000e+00,1.810015e+00,1.516557e-01,7.486410e-01,2.394244e+00,6.625600e-01,4.877084e-01,1.522010e+00,1.672158e+00,1.213320e+00,1.793378e-01,1.209058e+00,2.710686e+00,1.014344e+00,8.321952e-01,2.198178e+00,1.149984e+00,6.826143e-01,1.065953e+00
7.685752e-02,8.961127e-02,1.498847e-01,1.291324e-01,0.000000e+00,6.322504e-02,6.976382e-03,0.000000e+00,1.232629e-01,2.270709e-01,3.545874e-02,0.000000e+00,1.799837e-01,0.000000e+00,0.000000e+00,4.312222e-02,0.000000e+00,0.000000e+00,0.000000e+00,0.000000e+00
0.000000e+00,1.153206e+00,5.659418e-01,8.773758e-02,0.000000e+00,2.834004e+00,3.194124e-01,0.000000e+00,2.387031e-02,4.488138e+00,0.000000e+00,5.797428e-01,0.000000e+00,0.000000e+00,0.000000e+00,0.000000e+00,0.000000e+00,0.000000e+00,0.000000e+00,0.000000e+00
6.153943e-01,3.904260e-01,0.000000e+00,4.416026e-02,0.000000e+00,0.000000e+00,1.378337e-01,3.310564e-01,1.130948e-01,0.000000e+00,3.068811e-01,4.663968e-01,3.122923e-01,0.000000e+00,1.040240e-01,2.502478e-01,9.962932e-02,1.239231e-03,2.857189e-01,0.000000e+00
8.598502e-02,3.238115e-01,2.457146e-01,4.874634e-02,0.000000e+00,4.580341e-01,0.000000e+00,3.562914e-01,0.000000e+00,1.897112e-01,4.833720e-01,3.428313e-01,0.000000e+00,0.000000e+00,0.000000e+00,0.000000e+00,2.199329e-01,0.000000e+00,5.597664e-01,0.000000e+00
4.383008e-02,0.000000e+00,1.845782e-03,7.639642e-02,0.000000e+00,4.932643e-01,0.000000e+00,4.961809e-02,9.025142e-02,0.000000e+00,1.479414e-01,1.512496e-01,0.000000e+00,3.143722e-02,6.765638e-02,8.895898e-02,4.465895e-02,0.000000e+00,2.031645e-01,0.000000e+00
0.000000e+00,1.173087e-01,1.347996e-01,9.104110e-02,0.000000e+00,2.423435e-01,5.137771e-03,0.000000e+00,1.253070e-01,1.689890e-01,1.201583e-01,1.261543e-01,0.000000e+00,2.413806e-01,0.000000e+00,5.870775e-03,9.448582e-02,0.000000e+00,0.000000e+00,0.000000e+00
4.612513e+00,2.569075e-01,3.363984e-01,7.647513e-05,2.573875e+00,0.000000e+00,0.000000e+00,0.000000e+00,0.000000e+00,0.000000e+00,3.073530e-02,1.375320e+00,0.000000e+00,0.000000e+00,0.000000e+00,0.000000e+00,3.432930e+00,0.000000e+00,4.910248e-01,1.038943e-03
1.709530e-01,1.459738e-01,2.691828e-01,0.000000e+00,3.254822e-02,1.982146e-01,0.000000e+00,1.696660e+00,2.573806e-01,5.250896e-01,0.000000e+00,0.000000e+00,2.098172e-01,1.345794e-01,7.703293e-02,0.000000e+00,1.558892e-01,6.588287e-02,0.000000e+00,0.000000e+00
0.000000e+00,3.435356e-01,4.861074e-01,0.000000e+00,1.769502e+00,0.000000e+00,0.000000e+00,0.000000e+00,0.000000e+00,0.000000e+00,1.966086e+00,0.000000e+00,0.000000e+00,0.000000e+00,1.627526e+00,3.354111e-01,0.000000e+00,2.756132e-01,8.662429e-01,0.000000e+00
0.000000e+00,1.816751e-01,0.000000e+00,1.947294e-01,0.000000e+00,0.000000e+00,6.363981e-02,4.619318e-01,5.552960e-02,3.626580e-01,5.212516e-02,1.945627e-01,0.000000e+00,0.000000e+00,8.904132e-03,2.776018e-01,0.000000e+00,7.876195e-02,1.111803e-01,0.000000e+00
1.278134e+00,0.000000e+00,2.669469e-03,1.223210e-01,8.293316e-02,0.000000e+00,4.541504e-01,2.825542e-01,0.000000e+00,0.000000e+00,1.083441e-01,0.000000e+00,9.770125e-02,0.000000e+00,4.847102e-01,9.884102e-03,6.325068e-02,8.156979e-02,7.947234e-01,7.525721e-01
0.000000e+00,5.121310e-02,1.511270e+00,0.000000e+00,0.000000e+00,1.464358e+00,3.058171e-01,0.000000e+00,0.000000e+00,3.025680e+00,0.000000e+00,0.000000e+00,0.000000e+00,1.661515e+00,2.325429e+00,0.000000e+00,2.461835e+00,1.339774e+00,7.078472e-01,0.000000e+00
5.917296e+00,1.466968e-01,6.054807e-01,0.000000e+00,8.378018e-01,0.000000e+00,5.622430e-02,4.585762e+00,0.000000e+00,5.913862e-01,0.000000e+00,0.000000e+00,0.000000e+00,0.000000e+00,0.000000e+00,0.000000e+00,0.000000e+00,0.000000e+00,0.000000e+00,0.000000e+00
0.000000e+00,8.690221e-03,0.000000e+00,0.000000e+00,1.050722e+00,1.166585e-01,1.975433e-01,0.000000e+00,5.587968e-01,4.902499e-01,0.000000e+00,0.000000e+00,3.165409e-01,0.000000e+00,0.000000e+00,0.000000e+00,1.635524e+00,2.344618e-01,8.325974e-01,0.000000e+00
0.000000e+00,1.666607e-01,7.486695e-02,2.717796e-01,0.000000e+00,0.000000e+00,0.000000e+00,5.216083e-01,1.303767e-01,5.978976e-02,2.200391e-01,3.382659e-01,0.000000e+00,0.000000e+00,0.000000e+00,2.694416e-02,1.777306e-01,0.000000e+00,6.284247e-01,1.258394e-01
0.000000e+00,1.785649e-01,4.623312e-01,0.000000e+00,0.000000e+00,0.000000e+00,9.629720e-02,2.706321e-01,0.000000e+00,8.831576e-02,1.189075e-01,2.566117e-01,3.455985e-02,0.000000e+00,0.000000e+00,5.416104e-02,5.649344e-02,0.000000e+00,4.168447e-02,0.000000e+00
2.833115e-01,9.778195e-02,0.000000e+00,1.140807e-01,0.000000e+00,3.936638e-01,2.793740e-01,4.784331e-01,0.000000e+00,0.000000e+00,0.000000e+00,0.000000e+00,0.000000e+00,5.395317e-01,3.627386e-01,4.780462e-01,3.340252e-01,4.433527e-01,0.000000e+00,0.000000e+00
1.260619e-01,2.966918e-02,2.910539e-03,7.233648e-02,5.944643e-02,3.416208e-01,0.000000e+00,6.980201e-02,1.717982e-01,2.242979e-02,0.000000e+00,9.508855e-02,0.000000e+00,0.000000e+00,1.725165e-01,0.000000e+00,1.061552e-01,0.000000e+00,1.695421e-01,0.000000e+00
6.450607e-01,3.711503e-01,5.185618e-01,2.298607e-01,0.000000e+00,0.000000e+00,3.005415e-01,2.468281e-01,0.000000e+00,2.222011e+00,0.000000e+00,0.000000e+00,0.000000e+00,1.097523e+00,0.000000e+00,0.000000e+00,7.577095e-01,0.000000e+00,2.370739e-01,0.000000e+00
0.000000e+00,6.113569e-01,1.122993e+00,8.311260e-02,1.643333e-01,1.475639e-01,4.287696e-01,6.432409e-01,0.000000e+00,0.000000e+00,0.000000e+00,0.000000e+00,0.000000e+00,0.000000e+00,0.000000e+00,0.000000e+00,0.000000e+00,0.000000e+00,9.520459e-03,0.000000e+00
0.000000e+00,2.862541e-02,0.000000e+00,0.000000e+00,0.000000e+00,1.912698e-01,5.337493e-02,0.000000e+00,1.441429e-01,5.323131e-01,1.257636e-01,0.000000e+00,0.000000e+00,4.667608e-01,1.108720e-02,5.257734e-02,1.398741e-01,0.000000e+00,0.000000e+00,0.000000e+00
3.807815e-02,1.273424e-01,2.405230e-01,1.642189e-02,1.597812e-01,0.000000e+00,0.000000e+00,1.696160e-01,0.000000e+00,3.184859e-01,0.000000e+00,8.588085e-02,5.105363e-02,0.000000e+00,7.921174e-02,1.640961e-02,0.000000e+00,0.000000e+00,0.000000e+00,0.000000e+00
0.000000e+00,5.717360e-02,3.500946e-01,0.000000e+00,1.506397e+00,0.000000e+00,0.000000e+00,0.000000e+00,0.000000e+00,7.352475e-01,8.295890e-01,3.454846e-01,3.780795e-01,0.000000e+00,0.000000e+00,0.000000e+00,5.773882e-02,5.238125e-01,3.387186e-01,8.908548e-01
0.000000e+00,3.253829e+00,0.000000e+00,0.000000e+00,0.000000e+00,0.000000e+00,0.000000e+00,0.000000e+00,0.000000e+00,0.000000e+00,0.000000e+00,0.000000e+00,6.778713e+00,0.000000e+00,0.000000e+00,0.000000e+00,0.000000e+00,0.000000e+00,0.000000e+00,0.000000e+00
2.543099e-02,7.978056e-02,0.000000e+00,1.200663e-01,1.047010e-01,6.796334e-01,1.071405e-02,4.061606e-01,0.000000e+00,8.387512e-02,6.365310e-02,2.489021e-01,0.000000e+00,1.206572e-01,9.912274e-02,2.519790e-01,9.469954e-02,0.000000e+00,0.000000e+00,1.198677e-01
2.816497e-01,0.000000e+00,3.831965e-02,0.000000e+00,2.226157e-01,0.000000e+00,1.920735e-01,2.070534e-02,0.000000e+00,0.000000e+00,3.212121e-01,0.000000e+00,2.371151e-01,2.999851e-01,9.730209e-03,0.000000e+00,1.637543e-01,0.000000e+00,0.000000e+00,7.783773e-03
4.165504e-02,0.000000e+00,0.000000e+00,0.000000e+00,0.000000e+00,0.000000e+00,0.000000e+00,0.000000e+00,0.000000e+00,3.810993e-01,1.554776e-01,1.930328e-01,9.577618e-02,3.828380e-01,3.187681e-02,0.000000e+00,0.000000e+00,0.000000e+00,2.202336e-01,0.000000e+00
4.007583e-01,1.275115e-01,0.000000e+00,6.737441e-01,1.866749e-01,5.500161e-01,7.030022e-01,1.312317e-01,3.547070e-01,0.000000e+00,0.000000e+00,3.091432e-01,3.488399e-03,1.097712e+00,3.698703e-01,9.160374e-02,0.000000e+00,8.553881e-01,0.000000e+00,7.793188e-01
1.982100e-01,1.085239e-01,0.000000e+00,2.454829e-01,0.000000e+00,1.223546e+00,5.417118e-02,8.950313e-01,0.000000e+00,4.567942e-01,0.000000e+00,3.550527e-01,1.985750e-01,3.992098e-01,0.000000e+00,0.000000e+00,3.651372e-01,0.000000e+00,4.080909e-01,7.183248e-02
0.000000e+00,4.536798e-03,1.643369e-01,3.870420e-02,1.194844e-01,0.000000e+00,0.000000e+00,0.000000e+00,0.000000e+00,0.000000e+00,3.309216e-01,2.058258e-02,0.000000e+00,6.758090e-01,3.604969e-01,2.515178e-01,7.850423e-01,2.428646e-01,0.000000e+00,9.737684e-01
0.000000e+00,1.154322e-01,2.290421e-01,0.000000e+00,2.916911e-01,0.000000e+00,1.460327e-01,0.000000e+00,0.000000e+00,2.483537e-01,0.000000e+00,1.264041e-01,1.371639e-01,0.000000e+00,9.251700e-02,0.000000e+00,0.000000e+00,7.675637e-02,5.753939e-03,0.000000e+00
1.719039e-01,0.000000e+00,0.000000e+00,0.000000e+00,0.000000e+00,3.210034e-01,1.968099e-01,0.000000e+00,7.797630e-01,0.000000e+00,0.000000e+00,1.284816e+00,2.060835e-01,0.000000e+00,0.000000e+00,3.276700e-01,1.825135e-01,4.782260e-01,0.000000e+00,9.046820e-02
0.000000e+00,3.815000e-02,2.031865e-01,0.000000e+00,0.000000e+00,4.800623e-01,0.000000e+00,0.000000e+00,3.468487e-01,0.000000e+00,5.921856e-01,6.582910e-01,0.000000e+00,0.000000e+00,1.151243e-02,0.000000e+00,0.000000e+00,0.000000e+00,1.484714e-01,0.000000e+00
0.000000e+00,5.930654e-02,3.052655e-01,2.305969e-01,0.000000e+00,2.085844e-01,2.723248e-01,0.000000e+00,2.879282e-01,0.000000e+00,0.000000e+00,0.000000e+00,2.058987e-01,0.000000e+00,3.044882e-01,3.058757e-01,0.000000e+00,0.000000e+00,2.343950e-01,3.151523e-01
0.000000e+00,0.000000e+00,2.766142e-01,0.000000e+00,1.919846e-01,9.745362e-02,0.000000e+00,3.206192e-01,0.000000e+00,1.538438e-01,0.000000e+00,1.409249e-02,9.432746e-03,8.431583e-02,1.842339e-01,0.000000e+00,0.000000e+00,4.647642e-02,0.000000e+00,1.294382e-01
0.000000e+00,2.067537e-01,9.792026e-04,2.284851e-02,0.000000e+00,3.056923e-01,1.687587e-01,0.000000e+00,2.910138e-01,2.623981e-01,2.456634e-02,5.001566e-02,0.000000e+00,8.719575e-02,4.076034e-02,4.849610e-02,0.000000e+00,0.000000e+00,0.000000e+00,0.000000e+00
0.000000e+00,5.597500e-01,8.738640e-01,0.000000e+00,1.570499e-02,5.557196e+00,0.000000e+00,0.000000e+00,0.000000e+00,0.000000e+00,1.316710e+00,0.000000e+00,2.850476e-01,0.000000e+00,1.768585e+00,0.000000e+00,0.000000e+00,2.404413e+00,2.649992e-02,0.000000e+00
0.000000e+00,2.002351e-02,0.000000e+00,1.955862e-01,0.000000e+00,5.652935e-01,2.596230e-01,0.000000e+00,0.000000e+00,0.000000e+00,4.117154e-01,5.433138e-01,0.000000e+00,0.000000e+00,3.222514e-01,1.312548e-01,0.000000e+00,2.257992e-01,0.000000e+00,3.869905e-01
0.000000e+00,0.000000e+00,1.018520e+00,5.749376e-01,0.000000e+00,9.502704e-01,0.000000e+00,0.000000e+00,7.083638e-01,0.000000e+00,0.000000e+00,4.924705e+00,1.082991e+00,0.000000e+00,0.000000e+00,0.000000e+00,0.000000e+00,0.000000e+00,0.000000e+00,0.000000e+00
7.874808e-03,7.909829e-02,0.000000e+00,6.879911e-03,3.286523e-02,0.000000e+00,4.541228e-02,4.687662e-01,5.119361e-02,0.000000e+00,1.125957e-02,9.373185e-02,0.000000e+00,3.765873e-02,7.835515e-02,8.780685e-02,7.128472e-02,1.204270e-01,0.000000e+00,1.428022e-01
0.000000e+00,8.704954e-02,5.475306e-01,0.000000e+00,4.209305e-02,0.000000e+00,1.963851e-01,1.824890e-01,1.437025e-01,2.351393e-01,1.170061e-01,0.000000e+00,0.000000e+00,9.935417e-03,9.526880e-02,0.000000e+00,0.000000e+00,0.000000e+00,0.000000e+00,1.429126e-01
0.000000e+00,2.226802e-01,5.789326e-01,0.000000e+00,4.858776e-02,3.680405e-01,4.589170e-01,0.000000e+00,2.381412e-01,0.000000e+00,3.761180e-01,0.000000e+00,0.000000e+00,3.418701e-01,6.847309e-01,1.224067e+00,1.109536e-01,0.000000e+00,0.000000e+00,7.400216e-01
0.000000e+00,8.215853e-02,4.360369e-02,3.209416e-01,4.085951e-02,2.602067e-01,0.000000e+00,8.782588e-01,6.409456e-02,2.304051e-02,0.000000e+00,6.841825e-02,0.000000e+00,2.341856e-01,0.000000e+00,1.675658e-01,0.000000e+00,1.786124e-01,6.477788e-02,0.000000e+00
3.191750e-03,4.660318e-02,6.542921e-02,0.000000e+00,0.000000e+00,3.055381e-01,8.346794e-03,2.141902e-01,9.411253e-03,1.253727e-01,0.000000e+00,0.000000e+00,0.000000e+00,1.079132e-01,1.814071e-01,6.648643e-02,2.171108e-01,0.000000e+00,0.000000e+00,2.733692e-02
0.000000e+00,6.088802e-03,0.000000e+00,5.515652e-01,1.143941e-02,1.904576e-01,0.000000e+00,1.963286e-01,1.264330e-01,3.749046e-01,0.000000e+00,0.000000e+00,0.000000e+00,3.461961e-02,0.000000e+00,2.571596e-02,0.000000e+00,1.574121e-01,0.000000e+00,2.193643e-01
7.112544e-01,5.580724e-02,0.000000e+00,1.157430e-01,0.000000e+00,2.642752e+00,0.000000e+00,3.211857e-01,4.876545e-01,1.721862e-02,6.650452e-01,0.000000e+00,0.000000e+00,2.981779e+00,2.457417e-02,2.147348e-01,2.811325e+00,4.855796e-01,5.625198e-01,2.747547e-01
1.533877e-01,0.000000e+00,1.998254e-03,0.000000e+00,0.000000e+00,1.805487e-01,3.479256e-01,0.000000e+00,0.000000e+00,1.115437e-01,1.526297e-01,0.000000e+00,0.000000e+00,2.653824e-01,3.441248e-02,1.879807e-01,8.624934e-02,0.000000e+00,0.000000e+00,0.000000e+00
6.680091e-02,1.233669e-01,3.765121e-02,1.402211e-01,6.122178e-04,3.148127e-01,1.125213e-01,1.670721e-01,1.163989e-01,6.728079e-02,0.000000e+00,0.000000e+00,0.000000e+00,1.724704e-01,0.000000e+00,0.000000e+00,0.000000e+00,2.064823e-01,0.000000e+00,0.000000e+00
7.623317e-02,0.000000e+00,1.622010e-01,0.000000e+00,1.979668e-02,0.000000e+00,0.000000e+00,4.388842e-01,9.203151e-03,9.811923e-02,3.306691e-01,0.000000e+00,3.276091e-02,0.000000e+00,0.000000e+00,3.797171e-02,0.000000e+00,0.000000e+00,1.145757e-01,9.843496e-02
8.464715e-02,1.316477e-01,7.272906e-02,2.891043e-01,0.000000e+00,0.000000e+00,9.893900e-02,1.453839e-01,0.000000e+00,5.301847e-01,0.000000e+00,0.000000e+00,4.181680e-01,3.021642e-02,1.494630e-02,0.000000e+00,0.000000e+00,8.472836e-02,1.291948e-02,3.366371e-02
0.000000e+00,5.512582e-02,1.778844e-01,2.328268e-01,2.034220e-02,6.922782e-02,7.791787e-02,1.104090e+00,1.307686e-01,1.164591e-01,0.000000e+00,5.802557e-02,1.385586e-01,4.861606e-01,0.000000e+00,8.310355e-02,0.000000e+00,1.323764e-01,0.000000e+00,0.000000e+00
0.000000e+00,3.548491e-01,3.312426e-01,0.000000e+00,2.386039e-01,0.000000e+00,0.000000e+00,4.741525e-01,0.000000e+00,1.065761e+00,1.101429e-01,6.047318e-01,2.894273e-01,0.000000e+00,0.000000e+00,2.064645e-01,0.000000e+00,0.000000e+00,3.798746e-01,0.000000e+00
9.170897e-02,0.000000e+00,1.897045e-01,5.063216e-01,5.299361e-01,0.000000e+00,0.000000e+00,8.471751e-01,0.000000e+00,1.393390e+00,0.000000e+00,5.628094e-01,5.868058e-02,0.000000e+00,0.000000e+00,5.971227e-01,1.107833e-01,0.000000e+00,0.000000e+00,1.331857e-01
0.000000e+00,1.649626e-01,0.000000e+00,0.000000e+00,1.101499e-01,0.000000e+00,1.789424e-02,3.355799e-01,2.722204e-01,0.000000e+00,1.137380e-02,1.990860e-01,3.740320e-02,2.197979e-01,0.000000e+00,1.665924e-01,0.000000e+00,2.357897e-01,2.045940e-01,0.000000e+00
4.190678e-02,3.558947e-01,0.000000e+00,1.314748e-01,2.599346e-01,3.560911e-01,0.000000e+00,0.000000e+00,0.000000e+00,1.239216e-01,9.800447e-03,7.953920e-02,2.594852e-01,2.417743e-01,0.000000e+00,3.442199e-02,1.451534e-01,2.903792e-02,0.000000e+00,2.656385e-02
0.000000e+00,7.001584e-01,1.030628e+00,0.000000e+00,1.254597e+00,3.555745e-01,0.000000e+00,3.528420e-01,0.000000e+00,0.000000e+00,3.831566e+00,2.351419e-01,1.148875e+00,0.000000e+00,0.000000e+00,1.461994e+00,0.000000e+00,5.369555e-01,0.000000e+00,0.000000e+00
1.468189e-02,1.145820e-01,0.000000e+00,1.472571e-01,0.000000e+00,1.837938e-01,2.773929e-03,0.000000e+00,7.836998e-02,3.448441e-01,0.000000e+00,6.484585e-01,4.344608e-02,0.000000e+00,9.789339e-02,2.241511e-02,0.000000e+00,0.000000e+00,0.000000e+00,0.000000e+00
2.794054e-01,0.000000e+00,0.000000e+00,2.065756e-01,0.000000e+00,2.774734e-01,2.475283e-01,0.000000e+00,0.000000e+00,0.000000e+00,0.000000e+00,2.173981e-01,1.063678e-02,6.478760e-01,2.591076e-01,2.389369e-01,1.301868e-01,7.159934e-02,0.000000e+00,1.035571e-01
3.508832e+00,2.245001e-01,6.686557e-01,7.328870e-01,0.000000e+00,0.000000e+00,2.175506e-01,5.817396e-01,2.002821e+00,0.000000e+00,4.974575e-02,0.000000e+00,1.748886e+00,0.000000e+00,0.000000e+00,0.000000e+00,0.000000e+00,0.000000e+00,0.000000e+00,0.000000e+00
0.000000e+00,1.235287e-01,0.000000e+00,0.000000e+00,0.000000e+00,9.080530e-02,1.054213e-01,0.000000e+00,0.000000e+00,3.106017e-01,0.000000e+00,4.579693e-02,0.000000e+00,2.615401e-01,0.000000e+00,8.263430e-02,1.477894e-01,1.357224e-01,0.000000e+00,4.599911e-04
3.169125e-02,8.298951e-02,2.541345e-01,6.019288e-02,1.503350e-01,1.188061e-01,5.780631e-02,7.635953e-01,0.000000e+00,2.286281e-01,0.000000e+00,3.666136e-02,0.000000e+00,1.718231e-01,1.239015e-01,0.000000e+00,0.000000e+00,4.034053e-02,1.425316e-01,0.000000e+00
5.316997e-02,0.000000e+00,1.225418e-01,1.573856e-01,0.000000e+00,2.546255e-01,1.345066e-01,2.731734e-01,1.102915e-01,0.000000e+00,0.000000e+00,2.398391e-01,0.000000e+00,3.998034e-01,3.974734e-01,3.700423e-02,0.000000e+00,0.000000e+00,1.589612e-01,2.490106e-02
0.000000e+00,1.691770e-01,3.908581e-01,0.000000e+00,0.000000e+00,7.355221e-02,1.862545e-02,2.936699e-01,0.000000e+00,0.000000e+00,5.032110e-03,0.000000e+00,0.000000e+00,0.000000e+00,5.151939e-02,3.051245e-02,6.488124e-02,7.355457e-03,0.000000e+00,1.101694e-01
3.358090e-01,0.000000e+00,6.652924e-01,2.531096e-02,0.000000e+00,0.000000e+00,6.389439e-02,5.753538e-02,1.858020e-01,1.600991e-01,1.882861e-01,4.469634e-01,0.000000e+00,1.168059e-01,0.000000e+00,4.096501e-02,0.000000e+00,0.000000e+00,0.000000e+00,1.898080e-01
2.472945e-01,1.763995e-01,0.000000e+00,2.486408e-01,0.000000e+00,5.836605e-01,0.000000e+00,8.483541e-02,4.727403e-02,2.624589e-01,0.000000e+00,1.135473e-02,1.800907e-01,0.000000e+00,2.127507e-01,0.000000e+00,2.384911e-01,0.000000e+00,3.338867e-01,5.920420e-03
0.000000e+00,0.000000e+00,0.000000e+00,2.683272e-01,0.000000e+00,1.132534e-01,0.000000e+00,0.000000e+00,2.885291e-01,0.000000e+00,0.000000e+00,3.615662e-01,1.618119e-01,6.773336e-01,1.763639e-02,0.000000e+00,3.349189e-01,1.640138e-02,5.027281e-02,1.141722e-01
2.333264e+00,0.000000e+00,0.000000e+00,1.602010e+00,2.152727e-01,0.000000e+00,0.000000e+00,0.000000e+00,1.867093e+00,0.000000e+00,0.000000e+00,2.815217e+00,0.000000e+00,3.758933e+00,2.045289e+00,0.000000e+00,0.000000e+00,0.000000e+00,0.000000e+00,0.000000e+00
4.756578e-01,2.989942e-01,1.737016e-01,2.456151e-01,0.000000e+00,0.000000e+00,0.000000e+00,7.146420e-01,0.000000e+00,4.302820e-02,0.000000e+00,0.000000e+00,0.000000e+00,7.786806e-01,1.117440e+00,1.951283e-01,0.000000e+00,0.000000e+00,3.825108e-01,5.451340e-01
0.000000e+00,8.262393e-02,1.097291e-01,6.870720e-01,0.000000e+00,0.000000e+00,2.693538e-01,0.000000e+00,0.000000e+00,7.441917e-02,3.104522e-01,2.858141e-01,4.847465e-01,5.084090e-01,0.000000e+00,1.355288e-01,0.000000e+00,7.278888e-02,1.509163e-01,6.559690e-01
0.000000e+00,3.435544e-01,9.231605e-02,0.000000e+00,1.117125e-01,0.000000e+00,0.000000e+00,0.000000e+00,0.000000e+00,8.153838e-01,0.000000e+00,3.039555e-01,0.000000e+00,0.000000e+00,2.275593e-01,6.640409e-02,0.000000e+00,0.000000e+00,5.224255e-01,0.000000e+00
9.594553e-04,0.000000e+00,0.000000e+00,0.000000e+00,0.000000e+00,0.000000e+00,0.000000e+00,0.000000e+00,0.000000e+00,8.671381e-01,0.000000e+00,4.369373e-01,4.951754e-01,0.000000e+00,0.000000e+00,0.000000e+00,0.000000e+00,0.000000e+00,0.000000e+00,8.330809e+00
3.704914e-01,0.000000e+00,0.000000e+00,7.175893e-01,1.098484e-01,7.298748e-02,0.000000e+00,0.000000e+00,3.802902e-01,0.000000e+00,0.000000e+00,1.506111e-01,0.000000e+00,1.362305e-01,0.000000e+00,6.588160e-02,0.000000e+00,0.000000e+00,4.618960e-01,9.973521e-02
1.011202e+00,3.154684e-01,1.140526e+00,0.000000e+00,0.000000e+00,2.593244e+00,7.206384e-01,1.475536e-01,1.299356e+00,0.000000e+00,0.000000e+00,0.000000e+00,0.000000e+00,0.000000e+00,2.462241e+00,8.965004e-01,0.000000e+00,0.000000e+00,0.000000e+00,3.583337e+00
0.000000e+00,0.000000e+00,1.055471e-01,6.212635e-02,0.000000e+00,2.118271e-01,0.000000e+00,7.069893e-01,1.815055e-01,0.000000e+00,1.211323e-01,0.000000e+00,0.000000e+00,0.000000e+00,0.000000e+00,1.115177e-01,0.000000e+00,3.834205e-02,0.000000e+00,0.000000e+00
1.573185e-01,0.000000e+00,0.000000e+00,3.022568e-01,1.132295e-02,3.309582e-01,8.435237e-03,0.000000e+00,3.560982e-01,0.000000e+00,1.065014e-01,2.810614e-01,3.143686e-02,6.697957e-01,0.000000e+00,1.769636e-01,2.838802e-01,0.000000e+00,0.000000e+00,0.000000e+00
7.218411e-02,6.254071e-02,1.177488e-01,0.000000e+00,0.000000e+00,1.911565e-01,1.860896e-01,2.730677e-02,0.000000e+00,2.662966e-01,0.000000e+00,1.501312e-01,0.000000e+00,8.502638e-03,0.000000e+00,0.000000e+00,2.545447e-01,0.000000e+00,0.000000e+00,0.000000e+00
0.000000e+00,3.596819e-01,0.000000e+00,1.330316e-01,1.631193e-01,7.322731e-02,0.000000e+00,0.000000e+00,6.378607e-02,3.232945e-01,0.000000e+00,1.275668e-01,2.774069e-01,4.155716e-01,2.208627e-01,3.044060e-01,0.000000e+00,5.148173e-02,1.111628e-01,0.000000e+00
9.720905e-02,0.000000e+00,4.742709e-01,0.000000e+00,2.535929e-01,2.523460e-02,0.000000e+00,1.006696e-01,0.000000e+00,4.068293e-01,1.967292e-01,3.076726e-03,4.591496e-02,3.307205e-01,1.334287e-01,0.000000e+00,0.000000e+00,0.000000e+00,0.000000e+00,0.000000e+00
7.114070e-02,1.813155e-01,0.000000e+00,4.314083e-01,0.000000e+00,0.000000e+00,0.000000e+00,9.991223e-01,0.000000e+00,1.008824e+00,0.000000e+00,4.997687e-01,8.467734e-01,6.639277e-01,0.000000e+00,0.000000e+00,0.000000e+00,4.552408e-01,0.000000e+00,0.000000e+00
0.000000e+00,0.000000e+00,0.000000e+00,0.000000e+00,0.000000e+00,0.000000e+00,2.768614e-01,2.290063e+00,3.742853e-01,0.000000e+00,6.066137e+00,9.411899e-02,0.000000e+00,3.576729e-01,0.000000e+00,0.000000e+00,0.000000e+00,0.000000e+00,7.563815e-01,2.946888e+00
1.466683e-02,0.000000e+00,1.423501e-01,0.000000e+00,1.431573e-01,2.370151e-01,0.000000e+00,3.360192e-01,0.000000e+00,4.104461e-01,0.000000e+00,1.977096e-01,4.298563e-02,1.299023e-01,0.000000e+00,0.000000e+00,0.000000e+00,1.016564e-01,7.387200e-02,0.000000e+00
4.298590e+00,4.044147e-01,4.160451e-02,1.514537e+00,7.704610e-01,1.698808e+00,0.000000e+00,1.663202e+00,2.420062e+00,2.628218e+00,1.329257e+00,3.850677e+00,1.549952e+00,2.807203e+00,1.061783e+00,1.157503e+00,7.146677e-01,1.277466e+00,1.481539e+00,3.822373e-01
1.820445e-01,1.881768e-01,2.408740e-01,0.000000e+00,0.000000e+00,0.000000e+00,1.364488e-01,0.000000e+00,0.000000e+00,1.424815e-02,2.219398e-01,1.037704e-01,0.000000e+00,3.340961e-01,5.047795e-02,8.227543e-02,0.000000e+00,9.973286e-03,3.597569e-01,0.000000e+00
2.706569e+00,0.000000e+00,1.706811e+00,4.329313e-01,1.110792e+00,2.300422e+00,8.138133e-01,1.669810e+00,1.736319e+00,0.000000e+00,1.380029e+00,8.906574e-02,6.537468e-01,2.343074e+00,4.221251e-01,1.281934e+00,1.242403e+00,3.962769e-01,7.383774e-01,1.058722e+00
0.000000e+00,3.616369e-02,4.678024e-01,0.000000e+00,0.000000e+00,0.000000e+00,8.496326e-01,9.971060e-01,4.127622e-01,0.000000e+00,0.000000e+00,0.000000e+00,2.633023e-01,1.241536e-01,4.922932e-01,1.921406e-01,1.110988e+00,1.798014e-01,0.000000e+00,1.343778e+00
9.375569e-02,3.996007e-01,0.000000e+00,2.458416e-01,2.070071e-01,0.000000e+00,2.371139e-02,0.000000e+00,2.087790e-01,1.349201e-01,0.000000e+00,8.249639e-02,3.002546e-01,2.433135e-01,0.000000e+00,0.000000e+00,0.000000e+00,1.622294e-01,6.866328e-01,1.315459e-01
1.658614e+00,0.000000e+00,1.082207e+00,0.000000e+00,3.157731e-01,3.249061e+00,1.093799e-01,0.000000e+00,1.352686e+00,0.000000e+00,5.287652e-01,2.846016e+00,5.003672e-01,0.000000e+00,0.000000e+00,1.341460e+00,1.334491e+00,1.411067e+00,3.058541e-01,5.237878e-01
0.000000e+00,2.986220e-01,9.634200e-01,3.762943e-01,0.000000e+00,0.000000e+00,1.298203e+00,0.000000e+00,0.000000e+00,0.000000e+00,0.000000e+00,1.126821e+00,0.000000e+00,0.000000e+00,0.000000e+00,2.591582e+00,2.760284e+00,0.000000e+00,0.000000e+00,0.000000e+00
0.000000e+00,1.752209e-01,1.955207e+00,0.000000e+00,0.000000e+00,1.969885e-01,0.000000e+00,0.000000e+00,1.472892e+00,0.000000e+00,0.000000e+00,0.000000e+00,0.000000e+00,8.452170e-01,0.000000e+00,0.000000e+00,0.000000e+00,0.000000e+00,0.000000e+00,1.219133e+00
8.113230e-02,2.567636e-02,9.243755e-03,0.000000e+00,0.000000e+00,7.271103e-02,1.144382e-01,5.584340e-01,8.355341e-02,0.000000e+00,0.000000e+00,4.917586e-02,1.949754e-01,0.000000e+00,1.513754e-01,1.273480e-02,1.159285e-02,0.000000e+00,1.715881e-01,0.000000e+00
0.000000e+00,1.227004e-01,1.701122e-01,0.000000e+00,0.000000e+00,1.545890e-01,1.097783e-01,2.866679e-01,7.841768e-03,2.008586e-01,1.211312e-02,9.884237e-02,1.616401e-02,6.323675e-02,0.000000e+00,1.309926e-01,0.000000e+00,0.000000e+00,0.000000e+00,2.794041e-02
1.577226e-01,9.505018e-02,0.000000e+00,0.000000e+00,0.000000e+00,3.556378e-01,0.000000e+00,0.000000e+00,0.000000e+00,0.000000e+00,1.308388e-01,2.798361e-01,1.803972e-01,0.000000e+00,0.000000e+00,1.231378e-01,8.495747e-02,7.751111e-03,0.000000e+00,1.050945e-01
9.032433e-01,2.250703e-01,0.000000e+00,0.000000e+00,1.098142e-01,6.043697e-01,0.000000e+00,1.060057e+00,8.405116e-01,0.000000e+00,0.000000e+00,3.012314e-01,0.000000e+00,0.000000e+00,0.000000e+00,4.021595e-02,0.000000e+00,0.000000e+00,0.000000e+00,0.000000e+00
0.000000e+00,8.426023e-03,1.021353e-01,1.454686e+00,0.000000e+00,4.130922e+00,0.000000e+00,2.416669e+00,5.609231e-01,0.000000e+00,0.000000e+00,0.000000e+00,0.000000e+00,0.000000e+00,0.000000e+00,2.338522e-01,0.000000e+00,0.000000e+00,0.000000e+00,3.783119e-01
0.000000e+00,0.000000e+00,3.255232e+00,0.000000e+00,0.000000e+00,0.000000e+00,6.738234e-01,0.000000e+00,2.445339e+00,5.968021e-01,0.000000e+00,0.000000e+00,1.030899e+00,0.000000e+00,9.495814e-01,0.000000e+00,2.811651e-01,6.975340e-01,4.703821e-02,0.000000e+00
0.000000e+00,3.234512e-04,1.899087e-01,0.000000e+00,0.000000e+00,0.000000e+00,0.000000e+00,1.637269e-01,1.417773e-01,4.043210e-01,1.919981e-01,9.123113e-02,3.181205e-02,2.566100e-01,1.107399e-01,0.000000e+00,0.000000e+00,1.050449e-02,7.867137e-02,0.000000e+00
0.000000e+00,0.000000e+00,0.000000e+00,1.485839e+00,0.000000e+00,0.000000e+00,0.000000e+00,3.101810e-01,0.000000e+00,8.644252e-01,0.000000e+00,1.054788e-01,2.534490e-01,8.243398e-01,7.471492e-01,0.000000e+00,0.000000e+00,1.105715e+00,1.343894e+00,0.000000e+00
2.180596e-01,8.222278e-02,0.000000e+00,1.487084e-04,0.000000e+00,2.842372e+00,1.276470e-01,0.000000e+00,2.298231e-01,0.000000e+00,0.000000e+00,2.269745e+00,0.000000e+00,0.000000e+00,0.000000e+00,0.000000e+00,6.025750e-01,1.399217e-01,0.000000e+00,1.669336e-01
1.341665e-01,1.242354e-01,1.637976e-01,2.561854e-01,1.686992e-01,0.000000e+00,1.753355e-01,0.000000e+00,0.000000e+00,2.530935e-02,0.000000e+00,0.000000e+00,3.709277e-02,0.000000e+00,2.398274e-02,0.000000e+00,0.000000e+00,0.000000e+00,7.376967e-03,1.425830e-01
5.735406e-02,0.000000e+00,4.573865e-02,1.324315e-01,2.798442e-01,0.000000e+00,0.000000e+00,6.142449e-01,3.138019e-02,0.000000e+00,7.275388e-02,0.000000e+00,1.813424e-01,0.000000e+00,0.000000e+00,0.000000e+00,0.000000e+00,1.183928e-01,0.000000e+00,1.087689e-01
0.000000e+00,2.056942e-01,2.485653e-02,0.000000e+00,2.966641e-01,0.000000e+00,0.000000e+00,0.000000e+00,1.506099e-01,0.000000e+00,0.000000e+00,2.566437e-01,1.345591e-01,1.821221e-01,2.827670e-03,0.000000e+00,0.000000e+00,0.000000e+00,1.380639e-01,0.000000e+00
0.000000e+00,2.365294e-01,0.000000e+00,3.174556e-01,1.734042e-01,0.000000e+00,2.116635e-01,1.096660e-01,0.000000e+00,0.000000e+00,0.000000e+00,2.744837e-01,0.000000e+00,0.000000e+00,3.960087e-02,1.025890e-02,4.193136e-02,8.540388e-02,3.247544e-01,2.994319e-01
0.000000e+00,0.000000e+00,0.000000e+00,0.000000e+00,0.000000e+00,0.000000e+00,2.822877e+00,0.000000e+00,0.000000e+00,0.000000e+00,0.000000e+00,0.000000e+00,0.000000e+00,7.316286e+00,0.000000e+00,0.000000e+00,1.907268e-01,0.000000e+00,9.579415e-01,0.000000e+00
0.000000e+00,0.000000e+00,0.000000e+00,0.000000e+00,1.367743e+00,0.000000e+00,2.252955e+00,0.000000e+00,0.000000e+00,0.000000e+00,0.000000e+00,6.139951e-03,0.000000e+00,1.516495e-03,0.000000e+00,0.000000e+00,7.776115e-01,5.013908e-02,0.000000e+00,0.000000e+00
0.000000e+00,2.598909e-01,7.208251e-01,0.000000e+00,0.000000e+00,0.000000e+00,8.947648e+00,0.000000e+00,0.000000e+00,0.000000e+00,0.000000e+00,1.512216e+00,0.000000e+00,0.000000e+00,1.732219e-01,0.000000e+00,3.263958e-02,0.000000e+00,1.833953e-01,2.212054e+00
0.000000e+00,1.647150e-01,0.000000e+00,0.000000e+00,1.702105e+00,0.000000e+00,4.851177e+00,0.000000e+00,0.000000e+00,0.000000e+00,0.000000e+00,0.000000e+00,7.333276e-01,0.000000e+00,1.628826e+00,0.000000e+00,0.000000e+00,0.000000e+00,0.000000e+00,0.000000e+00
4.593090e-01,0.000000e+00,0.000000e+00,1.290811e-01,9.918055e-01,6.389647e-01,3.250233e+00,0.000000e+00,0.000000e+00,0.000000e+00,0.000000e+00,0.000000e+00,0.000000e+00,0.000000e+00,5.232966e-03,0.000000e+00,0.000000e+00,0.000000e+00,0.000000e+00,0.000000e+00
0.000000e+00,3.994229e-01,3.235638e-01,0.000000e+00,0.000000e+00,0.000000e+00,4.203288e+00,1.420212e+00,8.513771e-04,2.050201e-01,6.669026e-01,2.949035e-02,0.000000e+00,0.000000e+00,0.000000e+00,0.000000e+00,0.000000e+00,0.000000e+00,3.905335e-01,0.000000e+00
5.284325e-02,0.000000e+00,0.000000e+00,1.781950e-01,0.000000e+00,1.317079e-01,4.277730e-01,0.000000e+00,1.664797e-02,0.000000e+00,0.000000e+00,0.000000e+00,0.000000e+00,2.097892e-01,0.000000e+00,1.407036e-02,0.000000e+00,1.263582e-01,0.000000e+00,1.457330e-01
0.000000e+00,1.410549e-01,2.424469e-01,0.000000e+00,8.994952e-01,0.000000e+00,3.890530e+00,0.000000e+00,0.000000e+00,0.000000e+00,0.000000e+00,0.000000e+00,0.000000e+00,0.000000e+00,0.000000e+00,0.000000e+00,0.000000e+00,0.000000e+00,0.000000e+00,0.000000e+00
0.000000e+00,1.783414e-01,3.664130e-01,0.000000e+00,4.167859e-01,0.000000e+00,3.795955e+00,0.000000e+00,0.000000e+00,0.000000e+00,0.000000e+00,0.000000e+00,0.000000e+00,0.000000e+00,0.000000e+00,0.000000e+00,0.000000e+00,0.000000e+00,0.000000e+00,0.000000e+00
