1.332861e-01,7.248356e-02,5.020565e-01,1.008671e-08,1.108482e-01,1.496699e-01,1.158974e-02,3.546237e-01,4.342232e-01,0.000000e+00
6.174103e-01,6.303838e-02,1.831067e-05,4.393898e-03,5.343440e-01,3.879764e-01,1.456938e-11,1.586542e-01,5.962717e-01,6.735158e-01
2.562008e-01,6.209151e-08,1.726262e-01,1.382357e-01,5.482215e-02,0.000000e+00,2.083747e-01,5.399650e-01,1.370660e-05,2.353768e-01
7.805081e-01,2.101728e-01,1.569399e-01,6.004932e-08,0.000000e+00,0.000000e+00,4.262445e-01,4.793949e-01,4.534506e-01,1.694312e-10
2.497048e+00,1.762316e+00,1.334875e+00,1.972982e+00,4.579340e+00,2.165811e+00,7.522598e-01,1.036384e+00,2.225578e+00,3.991487e+00
7.880598e-01,5.804463e-01,1.075613e+00,2.951845e+00,6.116587e-01,2.711344e-12,3.114635e-13,2.503332e-01,2.901745e+00,1.061882e+00
0.000000e+00,9.420970e-12,3.026485e-04,5.424276e-01,0.000000e+00,0.000000e+00,2.961165e-01,5.505132e-01,0.000000e+00,2.617636e-01
3.151004e-01,4.700599e-01,7.416049e-01,3.455076e-08,1.522269e-02,3.840166e-01,4.803233e-06,9.198966e-02,2.871781e-03,2.807435e-01
4.403028e-02,2.280446e-01,6.933239e-03,3.980571e-05,1.714162e-01,3.369030e-01,1.295478e-08,1.931560e-01,2.253813e-01,7.621079e-02
2.454294e-01,3.234446e-01,2.442096e-01,3.648144e-01,5.369333e-01,2.440387e-01,0.000000e+00,2.965454e-01,8.593942e-01,3.459157e-02
2.216860e+00,1.436278e+00,1.416053e+00,3.609956e-01,4.477393e+00,9.261988e-01,1.528490e+00,1.920849e+00,9.498762e-01,1.541045e+00
1.082539e-01,3.427310e-01,0.000000e+00,1.309692e-07,3.257166e-01,1.518823e-01,9.794140e-02,6.535178e-01,3.447873e-01,1.591538e-01
3.212968e-15,9.765262e-02,1.451196e-01,2.138176e-15,0.000000e+00,8.907224e-02,3.273934e-01,5.735598e-01,2.582878e-01,3.676907e-01
2.148115e+00,3.375721e-07,0.000000e+00,0.000000e+00,1.317683e-01,0.000000e+00,7.315540e-13,1.276033e+00,5.070262e-01,1.809877e+00
6.272077e-02,8.402647e-01,1.633657e-01,0.000000e+00,3.700246e-01,3.288681e-01,1.981640e-01,1.071591e-01,5.015792e-02,1.748629e-12
1.494834e-01,2.857580e-02,3.245731e-01,5.238098e-01,0.000000e+00,4.093498e-01,3.513368e-01,7.822699e-10,1.647069e+00,1.626053e-01
1.405219e+00,1.841339e+00,4.090486e-01,5.113179e-04,1.303372e-01,5.348851e-06,1.843461e-01,9.768164e-01,1.208285e+00,7.575507e-02
1.913688e-01,1.263243e+00,8.923674e-01,1.328782e+00,9.618179e-05,2.412430e-01,1.343396e-02,0.000000e+00,6.997270e-02,1.138775e-01
0.000000e+00,3.197947e+01,1.013121e+00,0.000000e+00,1.131425e-11,9.877399e-14,3.434295e-06,2.955277e-10,2.606827e+00,5.632045e-09
0.000000e+00,3.494278e+01,0.000000e+00,0.000000e+00,0.000000e+00,1.454000e-14,0.000000e+00,0.000000e+00,0.000000e+00,0.000000e+00
6.848367e-02,6.345054e+00,1.927530e+00,9.993790e-01,1.712230e+00,2.461816e+00,1.231625e+00,4.477154e-01,1.347532e+00,1.295037e-11
0.000000e+00,1.050035e+01,4.343036e+00,3.296135e+00,5.571569e-04,6.265100e+00,2.348696e-02,1.608013e-08,2.128455e+00,4.334480e-01
2.366293e-02,7.494508e-09,3.600508e-01,1.172258e-01,0.000000e+00,9.851576e-04,3.615330e-01,4.844290e-01,1.781886e-01,6.756574e-02
9.626940e-01,3.473012e-01,1.402525e+00,2.664470e-03,2.940115e+00,1.869363e+00,1.985492e+00,8.112504e-01,1.111258e+00,1.899082e+00
1.066474e+00,0.000000e+00,4.006577e-01,0.000000e+00,0.000000e+00,1.605421e-13,0.000000e+00,7.423403e-01,0.000000e+00,2.883301e-01
2.495348e-01,1.020164e-03,0.000000e+00,4.180343e-01,7.413806e-02,1.738441e-02,1.412860e-01,3.486549e-01,1.610469e-01,1.778595e-01
2.948699e-01,1.229829e+00,8.026552e-01,2.371753e+00,3.163911e-15,3.324217e-01,1.607053e-03,0.000000e+00,1.362460e+00,8.887137e-15
4.371447e-02,0.000000e+00,0.000000e+00,1.086412e-01,0.000000e+00,3.955087e-01,0.000000e+00,9.103148e-01,1.832374e-01,0.000000e+00
1.992568e+00,1.211219e+00,4.471215e-01,6.282624e-01,4.252085e+00,2.258306e-01,1.770345e+00,1.318273e+00,1.158830e+00,1.761803e+00
1.072646e+00,7.229644e-02,2.052272e-01,0.000000e+00,4.802950e-15,2.082771e-14,3.126054e-11,2.403181e-01,4.634022e-01,2.916245e-04
1.085661e-01,4.258577e-01,7.906203e-11,2.845134e-05,2.427256e-01,1.586873e-05,2.086564e-01,4.350102e-01,0.000000e+00,7.014389e-03
1.093056e+00,3.567359e-01,9.678434e-15,1.735138e+00,5.301305e-01,1.237239e+00,3.565691e+00,3.344676e-05,9.489949e-13,3.304973e+00
2.989327e-02,4.301202e-01,0.000000e+00,4.289753e-01,0.000000e+00,3.283258e-01,3.247906e-02,3.202567e-02,1.341984e-12,1.426864e-02
2.073437e+00,6.298901e+00,2.950746e+00,5.292196e+00,5.002371e+00,5.965857e+00,3.065573e+00,6.993902e+00,1.009256e-01,1.613935e-01
9.766473e-02,6.741405e-01,3.951961e-08,3.010883e-01,3.999052e-08,0.000000e+00,5.801595e-03,2.429013e-01,5.192475e-01,8.643367e-03
4.773386e-01,6.925756e-01,1.793868e-01,1.249492e+00,8.556290e-02,7.944609e-01,5.402170e-05,1.518730e-01,5.195969e-01,6.360753e-02
9.575847e-02,5.687221e-01,1.785156e-01,6.010494e-01,2.688999e-06,2.621587e-01,1.739084e-03,6.138165e-01,1.674307e-06,5.392166e-02
1.516246e+00,8.575640e-01,5.240025e-01,5.956378e-04,2.661780e+00,2.037428e+00,1.982725e-03,1.074647e-01,8.482115e-01,1.588685e+00
8.897870e-02,2.100203e-08,0.000000e+00,0.000000e+00,4.131805e-01,0.000000e+00,2.635041e-01,7.230468e-01,0.000000e+00,0.000000e+00
2.683430e-01,4.660922e-06,8.119221e-08,1.232392e-01,6.695894e-01,4.115101e-01,2.279679e-01,1.299793e-04,1.105764e-01,6.466501e-01
1.196656e+00,1.358111e-01,4.665829e-14,0.000000e+00,6.958089e-01,0.000000e+00,1.736701e-07,2.301187e-01,0.000000e+00,6.544175e-01
3.622245e-01,7.562416e-01,1.022497e-06,3.421163e-16,2.079506e+00,1.619496e+00,9.054751e-01,4.156563e-01,4.857522e-01,3.523695e-01
1.197212e+00,1.277210e-01,5.983797e-01,0.000000e+00,0.000000e+00,1.636370e-03,6.195413e-13,6.470136e-01,4.199282e-09,3.805647e-01
1.980904e+00,3.830954e-09,1.307875e+00,5.300618e-01,5.035363e-01,6.885476e-01,0.000000e+00,2.488218e+00,5.658356e-01,1.192887e+00
4.227593e-01,9.678285e-02,1.168806e-01,2.953074e-01,6.540900e-05,1.620299e-02,0.000000e+00,0.000000e+00,0.000000e+00,4.633084e-01
1.863183e+00,6.021135e-01,2.234164e-01,2.635931e-01,4.371633e+00,2.773788e+00,1.064149e+00,5.008704e-01,1.856986e+00,3.417940e+00
3.567875e+00,3.276619e-09,3.121932e-01,6.306794e-01,1.490106e+00,1.259165e-10,4.065990e-04,1.739240e+00,1.105734e+00,3.261476e+00
1.609208e+00,0.000000e+00,0.000000e+00,4.301715e-15,6.327945e-01,7.721308e-15,0.000000e+00,2.230251e+00,0.000000e+00,1.538153e+00
2.101236e+00,3.840579e-13,7.455012e-01,2.394393e-01,1.748587e+00,3.087973e-04,3.256241e-01,8.467321e-01,3.952067e-01,1.951917e+00
2.369789e-01,2.621172e-01,1.541263e-01,6.015218e-01,1.910276e-01,1.201268e-01,6.128529e-10,1.805634e-01,9.658262e-10,2.078389e-01
1.001991e+00,2.379845e+00,1.773750e+00,1.498101e+00,1.802978e+00,5.383782e-01,8.363258e-05,2.127817e-01,1.453087e+00,8.880568e-15
2.023068e+00,0.000000e+00,6.467758e-01,7.168590e-01,6.811662e-01,6.216535e-08,2.422370e-12,2.248228e+00,9.860417e-01,1.734279e+00
5.463335e-02,5.248200e-01,1.579205e-01,0.000000e+00,3.407413e-01,0.000000e+00,8.009868e-07,1.274160e-01,3.099457e-01,1.064560e-01
6.072036e-01,8.248008e-01,1.204845e+00,1.036168e-01,1.893967e+00,3.777119e-01,9.446712e-04,2.377465e-01,4.488902e-07,8.591132e-01
5.566890e-03,2.436067e-01,7.851554e-02,2.663697e-01,2.207392e-01,3.524191e-01,5.504806e-01,7.730279e-01,4.917182e-01,3.375620e-02
1.123937e+00,1.346237e+00,1.288429e+00,1.590885e-05,2.825389e+00,2.065317e+00,5.658184e-01,4.431144e-03,4.170990e-01,1.442194e+00
4.944993e-02,6.290434e-02,0.000000e+00,4.632508e-02,1.703264e-01,3.922941e-01,2.875483e-01,2.023947e-01,1.231649e-02,0.000000e+00
3.656304e-02,5.053243e-01,0.000000e+00,1.850416e-01,1.840539e-04,3.622658e-01,1.734224e-01,0.000000e+00,7.222838e-02,0.000000e+00
1.609641e+00,1.050106e+00,1.046011e-08,1.136416e+00,8.529317e-01,6.781102e-01,1.456026e+00,3.553916e-07,2.742877e-04,3.099581e+00
4.360892e-01,2.159604e+00,3.921779e-01,1.419351e+00,2.362737e+00,2.497062e+00,7.199777e+00,0.000000e+00,9.688670e-09,2.337467e+00
3.180496e+00,2.588795e-08,3.489369e-07,1.571003e-01,7.700717e-01,2.073679e-08,5.598463e+00,1.730702e-03,1.320374e+00,4.977756e+00
3.543658e-01,6.814707e-01,1.157766e-09,3.231970e-01,1.814188e+00,6.044036e-01,3.109575e-01,1.660747e-01,3.957014e-01,4.907838e-01
9.737649e-01,0.000000e+00,3.693528e-15,2.198345e-03,0.000000e+00,2.349996e-16,1.452853e-01,4.267943e-01,1.150812e+00,5.449277e-01
2.206760e+00,9.527784e-01,6.893815e-01,2.627480e-03,4.665677e+00,6.029323e-01,2.492025e+00,4.637889e-02,3.189497e-01,1.545780e+00
2.900160e-01,1.807906e-01,3.319984e-01,0.000000e+00,3.368233e-01,4.090960e-01,1.842974e-04,6.014918e-01,5.057212e-06,0.000000e+00
2.723708e-02,2.829124e-02,1.905303e-02,9.771841e-03,2.108488e-01,4.029127e-01,1.817819e-01,1.259298e-01,5.381526e-01,4.478135e-02
0.000000e+00,1.133630e+00,2.840551e+00,4.088090e-08,0.000000e+00,0.000000e+00,0.000000e+00,0.000000e+00,9.675394e-02,0.000000e+00
1.921893e+01,1.822871e-12,2.440450e+00,3.804945e+00,1.302509e+00,9.427442e-03,7.878602e-15,3.444253e+00,7.067617e-01,7.773397e-09
2.445435e+00,5.056202e+00,1.443112e+00,7.818738e-01,8.903642e+00,5.828826e+00,1.301729e+00,1.172732e+00,1.344036e+00,2.770199e+00
7.402740e-01,6.035121e-03,8.340933e-01,7.670720e-01,0.000000e+00,8.510761e-13,2.297256e-01,0.000000e+00,2.075665e+00,1.385384e+00
3.329400e-01,2.975375e-01,3.901661e-01,3.534529e-01,0.000000e+00,1.456005e-01,4.102864e-01,1.491173e-01,1.119479e-02,5.461952e-02
2.587161e-01,2.448251e-01,4.681442e-01,2.037708e-01,4.353121e-01,6.166114e-01,3.972385e-10,3.971055e-01,4.284392e-10,1.034874e-01
2.227582e-01,1.925788e-01,2.012868e-01,5.950692e-01,3.109480e-01,9.024946e-10,2.534599e-01,3.002494e-01,9.320780e-01,0.000000e+00
2.522907e+00,3.621880e-02,4.190461e-06,4.311963e-01,7.913706e-01,4.256332e-01,4.871065e-14,1.569832e+00,1.089007e+00,3.332498e+00
4.497512e-01,1.043811e-01,4.816158e-01,2.986149e-01,0.000000e+00,4.958707e-04,1.897225e-03,0.000000e+00,2.882170e-01,0.000000e+00
1.420399e+00,6.914258e-01,2.241365e+00,1.392413e+00,2.340810e-01,2.084312e+00,6.830895e-01,4.276011e+00,7.522255e-01,1.857652e+00
1.900027e-01,1.050770e-02,1.674748e-03,3.936537e-01,1.548530e-15,8.762130e-01,9.872088e-02,6.011152e-01,2.147994e-01,5.937885e-01
1.544853e+00,1.570539e+00,3.145616e+00,2.249548e+00,6.007296e-06,5.142154e-01,7.143950e-02,3.324106e+00,1.153699e-05,1.935008e+00
2.225878e+00,2.979995e+00,3.889216e+00,3.397536e+00,3.529672e-02,2.127218e+00,3.855447e-01,5.359600e+00,1.528963e-04,2.814529e+00
2.905660e-01,4.700809e-01,5.632356e-01,1.868558e+00,6.078283e-02,2.219237e+00,3.107131e-09,0.000000e+00,1.977479e+00,2.972208e-02
5.412995e-01,1.435659e+00,8.808062e-01,4.755958e+00,8.008008e-06,1.689608e+00,2.372385e-01,0.000000e+00,9.882205e-01,0.000000e+00
3.338861e-01,3.471833e-01,4.220709e-01,4.812313e-01,1.985362e-13,5.400926e-14,6.931871e-11,1.149285e+00,3.808479e-01,3.126008e-01
2.637304e-01,6.087139e-03,2.369577e-01,2.254033e-02,2.217704e-15,1.175134e-01,1.089308e-01,8.738100e-02,1.824628e-01,6.356658e-01
1.562396e+01,0.000000e+00,1.146089e+00,2.567983e+00,0.000000e+00,0.000000e+00,0.000000e+00,0.000000e+00,8.673047e-06,0.000000e+00
5.547819e+00,0.000000e+00,1.250434e-11,6.212199e+00,5.135003e-01,2.034481e-08,3.691553e-11,4.409896e-01,0.000000e+00,0.000000e+00
1.001844e+01,0.000000e+00,7.745075e-04,1.231209e+01,1.357503e+00,6.191465e-02,1.344935e-09,8.149218e-01,8.518317e-10,0.000000e+00
5.600789e+00,0.000000e+00,0.000000e+00,0.000000e+00,0.000000e+00,0.000000e+00,0.000000e+00,0.000000e+00,0.000000e+00,0.000000e+00
3.171870e+00,0.000000e+00,2.616262e-06,1.504284e+00,1.747111e-01,0.000000e+00,5.720854e-03,1.239993e-03,3.229817e-04,4.671973e-02
2.715947e+00,0.000000e+00,0.000000e+00,2.339532e-01,0.000000e+00,0.000000e+00,0.000000e+00,0.000000e+00,0.000000e+00,0.000000e+00
5.700419e-01,4.486910e-01,0.000000e+00,5.196986e-01,8.293319e-11,8.714832e-06,2.391606e-06,1.765871e-01,0.000000e+00,1.373591e-01
1.526420e+00,0.000000e+00,2.045790e-01,1.046458e+00,4.281153e-01,1.295875e-01,7.130863e-12,4.820758e-02,0.000000e+00,0.000000e+00
1.012742e+01,0.000000e+00,0.000000e+00,0.000000e+00,0.000000e+00,0.000000e+00,0.000000e+00,0.000000e+00,0.000000e+00,0.000000e+00
1.144299e+01,0.000000e+00,0.000000e+00,2.847171e+00,1.185946e-01,0.000000e+00,0.000000e+00,0.000000e+00,0.000000e+00,0.000000e+00
2.715742e+00,1.316887e+00,6.918388e-04,9.163149e-01,6.987331e+00,2.831799e+00,2.356062e+00,2.421764e+00,1.829493e+00,3.392318e+00
1.389487e-02,7.119923e-02,5.207732e-02,1.979221e-02,3.342005e-01,4.917442e-02,2.063559e-01,5.696724e-01,3.548588e-03,0.000000e+00
5.810830e-01,6.097790e-01,1.003202e-01,4.045076e-01,1.103262e+00,5.705522e-01,2.722365e-09,1.101008e-01,3.629739e-03,8.200696e-01
2.071945e+00,5.406861e-01,6.517618e-01,7.631913e-01,1.656792e+00,9.175806e-01,3.994431e-01,1.200636e+00,6.552262e-01,2.584971e+00
2.873543e-01,1.515696e-01,4.886783e-01,6.425097e-02,1.169827e-06,3.792136e-01,4.107920e-03,2.903148e-01,1.936806e-01,0.000000e+00
3.025868e+00,1.876270e-12,9.002562e-01,1.551610e-07,1.104657e+00,2.571152e-05,3.227963e-11,1.612200e+00,5.962027e-01,4.083313e+00
2.649200e-02,7.617793e-02,1.326684e-11,1.458137e-01,2.668549e-01,3.798727e-02,2.683475e-01,2.630651e-01,2.078803e-01,0.000000e+00
1.414525e+00,2.013112e+00,4.361081e-06,6.846721e-01,5.285065e+00,1.823892e+00,7.379898e-01,7.059210e-03,6.322434e-01,2.096210e+00
1.000157e-01,3.625882e-01,1.614988e-01,5.993303e-01,1.254801e-02,6.494724e-01,0.000000e+00,4.966772e-01,2.154151e-10,1.380026e-01
5.575447e-01,0.000000e+00,3.489550e-02,1.087359e+00,4.355247e-05,2.314167e-01,2.401321e-04,2.449580e-01,4.620629e-01,2.995674e-01
1.084684e+01,1.455595e+00,1.022011e+00,1.056183e+00,4.926075e-11,3.387580e-10,1.182573e-02,2.462841e+00,3.281551e+00,3.093251e+00
4.344968e-01,2.441040e-01,5.999660e-01,4.171750e-01,9.312040e-01,2.668222e-02,2.037268e-01,2.962174e-02,7.064617e-01,2.288716e-02
3.746816e-01,0.000000e+00,2.699464e-01,2.266957e-05,2.244541e-01,0.000000e+00,3.719521e-01,3.018322e-01,8.135940e-04,1.664528e-02
7.644394e-02,4.667795e-01,4.680639e-04,2.167462e-01,4.740318e-01,4.856827e-01,3.104697e-01,4.813138e-04,4.904995e-15,2.327916e-01
5.084469e-01,2.169833e-01,2.109454e-01,3.963688e-01,2.611984e-01,7.908233e-02,2.908392e-01,9.326795e-01,2.098928e-09,1.131156e-01
4.382861e-02,1.927024e-01,2.021865e-07,6.469946e-01,1.076123e-01,1.023229e-01,1.205761e-15,2.029046e+00,1.542024e-01,2.307242e-05
1.427224e+00,1.116417e+00,4.344670e-01,1.259686e+00,1.933574e-01,3.531104e-02,7.853127e-07,5.768671e-01,8.514264e-01,4.654602e-01
1.894110e-01,2.144352e-01,1.410608e-01,3.156753e-01,1.635010e-01,9.006930e-02,4.202493e-02,2.988586e-01,6.559277e-02,0.000000e+00
3.652828e-01,4.247058e-01,9.639440e-01,2.153431e-01,7.899229e-01,1.700617e+00,9.092760e-09,1.127120e-03,7.100065e-07,0.000000e+00
3.576830e-01,1.686001e-01,2.089121e-01,2.602590e-01,2.393483e-01,2.887657e-03,7.927647e-04,0.000000e+00,1.334432e-01,7.467102e-02
1.227808e-01,1.198714e-01,1.879892e-01,4.359447e-01,5.770491e-02,2.750925e-02,0.000000e+00,2.861866e-01,4.178527e-01,1.908054e-01
8.990451e-02,1.839408e-02,5.626219e-01,4.556315e-02,2.214322e-02,4.575664e-01,2.761039e-02,4.405744e-01,0.000000e+00,4.651160e-05
0.000000e+00,8.488999e-01,1.449731e+00,9.790868e-01,4.251767e-05,1.561254e-07,0.000000e+00,0.000000e+00,1.130820e-01,5.953664e-07
2.477710e+00,1.492195e-01,5.833483e-01,1.602918e-01,1.052823e+00,1.875563e-05,5.644858e-09,9.068267e-01,7.549424e-01,6.790349e-01
0.000000e+00,2.162784e-01,8.513079e-04,0.000000e+00,3.856922e-02,6.929475e-02,7.364825e-07,6.268219e-01,5.580765e-01,3.664643e-02
1.025595e+01,9.293711e+00,1.500307e+01,1.010372e+01,2.705116e-03,1.357149e+01,2.624955e+00,6.733782e-02,1.972370e-01,5.752540e+00
6.171974e-01,4.479226e-02,2.984935e+00,2.027089e-01,0.000000e+00,1.282947e+00,1.617174e+00,0.000000e+00,8.878309e-02,2.991646e-16
1.979392e-02,2.205143e-01,1.695605e-03,5.597708e-07,6.100754e-01,9.262276e-02,5.719440e-01,6.094196e-01,3.279689e-01,6.182046e-04
1.569470e-05,8.416630e-02,5.401466e-06,1.142766e+00,3.078894e-07,2.777043e-12,0.000000e+00,8.588518e-02,1.432769e+00,3.454045e-02
1.378916e-01,7.456323e-02,2.832738e-04,5.674991e-01,1.537987e-11,4.011034e-01,0.000000e+00,3.181321e-02,1.571564e+00,1.682800e-10
3.552615e+00,3.746606e-01,2.793182e-01,1.193830e+00,4.992700e+00,3.488835e-01,6.419873e-12,3.802016e+00,1.807119e+00,5.731702e+00
5.850301e-01,5.641497e-01,2.102984e-05,1.169843e-01,1.611221e+00,1.140789e+00,2.405044e-01,4.447533e-03,4.886935e-01,7.469391e-01
6.308512e-13,1.092513e-06,1.965073e-10,3.846015e-01,5.437151e-05,3.804079e-01,0.000000e+00,2.052692e-02,6.402251e-02,4.317034e-01
5.887118e-01,0.000000e+00,2.432358e-01,9.530853e-02,0.000000e+00,0.000000e+00,0.000000e+00,3.216307e-01,1.772954e-01,2.358605e-01
3.866321e-02,3.438176e-01,3.194945e-01,9.449773e-15,3.593317e-01,5.114634e-02,7.167077e-03,3.178435e-01,1.874497e-01,0.000000e+00
0.000000e+00,7.331534e-02,3.145408e-08,3.673863e-02,1.009454e-01,3.995948e-03,8.083797e-01,1.094615e+00,3.021372e-01,1.375774e-01
5.289377e+00,5.106874e-01,3.374802e+00,2.150853e+00,7.715263e+00,5.440540e-01,4.586554e-07,4.023901e+00,3.496096e+00,9.085806e+00
1.380599e-02,3.498223e-01,1.270126e+00,4.553127e-02,5.150535e-01,3.624944e-06,2.153903e-01,8.271635e-03,1.576727e+00,1.560005e-08
7.327351e-01,5.085257e-01,3.591463e-01,1.992804e-01,9.955092e-01,1.564088e+00,1.140984e+00,3.439983e-06,2.949437e-07,1.103241e+00
1.714976e+00,4.858766e-01,2.699232e-07,1.776369e+00,1.480834e+00,3.013351e-02,6.736314e+00,0.000000e+00,3.668944e-08,4.415539e+00
6.562480e-02,3.378496e-01,1.942347e-09,2.613115e-02,1.948995e-01,3.341235e-01,1.178337e-08,4.749342e-01,1.865125e-01,3.751785e-03
9.573750e-01,3.917051e-01,4.928332e-01,3.181068e-01,1.507537e+00,9.264486e-01,1.641720e+00,2.056551e-10,6.916612e-01,9.005975e-01
1.476636e+00,1.960388e-01,0.000000e+00,0.000000e+00,0.000000e+00,3.025390e-01,1.847038e-01,1.538996e-02,8.728737e-03,1.234414e+00
7.664942e-02,2.615702e-01,3.075628e-01,3.629614e-02,1.546252e-01,1.084668e-01,3.880501e-03,3.366569e-01,1.524106e-01,3.333007e-07
7.732094e-01,2.659006e-01,2.151300e+00,4.628132e-04,2.122281e+00,4.735326e-01,3.382164e-01,8.790867e-01,1.028834e-01,1.535973e+00
2.547254e-01,8.468672e-15,2.100949e-01,0.000000e+00,0.000000e+00,2.444631e-01,3.193467e-09,8.012416e-02,4.017934e-01,1.051735e-01
3.455877e+00,8.850481e-01,1.293057e+00,1.504120e-01,4.998321e+00,2.742482e-06,1.157892e-01,1.892388e+00,1.380368e+00,3.638033e+00
4.939750e+00,1.137783e+00,1.515460e-03,1.474717e+00,5.288416e+00,1.175865e+00,5.147636e-06,2.407487e+00,2.027138e+00,6.655771e+00
1.201285e+00,2.428150e-01,6.322123e-01,1.172801e-01,2.530748e+00,7.424114e-01,8.805366e-01,6.867109e-01,2.911921e-01,1.087071e+00
2.110680e+00,1.158594e+00,1.381758e+00,9.362307e-01,5.243632e+00,1.794764e+00,1.331029e+00,6.623735e-01,4.410200e-01,3.266655e+00
1.353831e+00,9.057986e-05,5.336380e-01,2.393688e-01,3.462464e+00,4.464899e-02,1.818634e+00,1.576767e+00,9.550624e-01,1.880632e+00
0.000000e+00,2.380481e+00,2.801526e-04,2.752501e+00,4.800015e-16,2.810235e-01,4.175088e-12,0.000000e+00,2.431357e+00,0.000000e+00
4.365396e-01,3.380304e-01,4.858009e-01,2.267036e-01,2.980571e-01,1.143647e-01,7.686898e-11,6.550514e-01,4.258545e-02,1.079715e-01
2.984556e-01,9.680196e-01,1.420344e+00,1.789161e-05,7.810272e-07,1.106988e+00,3.655211e-01,2.772311e-12,1.678778e-01,4.030876e-01
2.500798e+00,9.496494e-01,1.449073e-01,0.000000e+00,2.897772e-12,2.113676e-14,3.433203e-01,2.200551e+00,8.572888e-06,8.404278e-01
3.892475e-01,7.744447e-01,9.676540e-02,3.444990e-01,0.000000e+00,0.000000e+00,2.427858e-02,1.071945e+00,9.744396e-01,1.943436e-02
1.839946e-01,5.360103e-16,3.830634e-04,4.012152e-01,4.110334e-12,3.567747e-01,1.716570e-01,1.256031e-01,6.949306e-01,3.341747e-02
4.434393e-01,1.115717e+00,7.041155e-01,1.367634e+00,5.545058e-03,1.784462e+00,1.598941e-03,3.181858e-01,6.428035e-01,2.166318e-01
8.862826e-01,1.241043e+00,7.700633e-01,3.061112e-01,1.559595e+00,1.224952e+00,3.324560e+00,4.322297e-11,8.028622e-05,1.931088e+00
1.255398e-01,1.504162e-01,1.748760e-05,1.740241e-01,2.814829e-01,9.300005e-02,2.012241e-01,3.573042e-01,2.164354e-02,6.801758e-02
5.004259e-02,1.094015e-01,0.000000e+00,1.423840e-01,3.652596e-01,0.000000e+00,0.000000e+00,2.249902e-01,4.992941e-01,2.338090e-05
6.298347e-02,2.130325e-01,5.320496e-01,5.488312e-01,1.126837e-12,1.384449e-01,2.698564e-09,0.000000e+00,1.103758e-09,3.338302e-01
6.347759e-01,8.524640e-04,1.547250e-01,1.904619e-01,1.098601e-07,9.417424e-02,4.743410e-02,2.416538e-01,4.848631e-01,1.559234e-02
1.903935e-01,7.710024e-01,1.766336e-01,0.000000e+00,4.403107e-01,1.757049e-06,2.584198e-01,3.431416e-01,2.946824e-01,0.000000e+00
1.189770e+00,2.346102e+00,1.122864e+00,7.218588e-01,5.115685e+00,3.776671e+00,5.153408e-01,2.837484e-01,7.516681e-02,1.847633e+00
7.884925e-03,4.060385e-01,1.836732e-01,8.103438e-02,2.696900e-04,6.681971e-01,8.915312e-03,3.149999e-01,1.836105e-01,0.000000e+00
0.000000e+00,7.540221e-01,1.635605e-06,3.186178e-02,3.614332e-10,4.552149e-01,5.365821e-05,0.000000e+00,3.783539e-01,9.593293e-02
1.280659e+00,2.606631e-01,2.818976e-07,5.915847e-01,1.425138e-08,1.094866e-01,0.000000e+00,1.281220e+00,8.222844e-01,2.343776e-01
4.765251e-01,1.587704e-01,6.533014e-05,1.354054e-01,2.190654e-15,0.000000e+00,1.605436e-04,5.060239e-01,7.359032e-02,3.729316e-01
1.902868e+00,1.617821e+00,1.886794e-01,4.170135e-01,2.903885e+00,1.284522e+00,5.537523e-01,9.381937e-01,1.512006e-01,1.592806e+00
1.198200e+00,6.965434e-01,1.124509e+00,1.579652e-01,2.112122e+00,5.172166e-01,9.652258e-01,6.615173e-01,1.288829e+00,1.556401e+00
7.360661e-01,3.989929e-01,5.248421e-01,2.285438e-01,1.323426e-01,1.418964e-01,9.330952e-10,0.000000e+00,3.101451e-01,1.097783e-03
1.289561e-01,3.828161e-08,7.640692e-02,1.526595e-01,1.179747e-01,6.692775e-01,5.336702e-03,1.492445e-01,2.502061e-01,1.683432e-01
0.000000e+00,4.838093e-04,0.000000e+00,6.997625e-01,5.061651e-15,1.966783e-15,0.000000e+00,0.000000e+00,1.545149e+00,0.000000e+00
6.294411e+00,7.154491e-01,2.466988e+01,6.168328e+00,2.901056e+00,1.517709e+00,2.482600e+00,4.287616e-01,3.920865e-01,1.587000e+00
1.822727e-01,1.333147e-01,3.708366e-03,2.336570e-01,3.271870e-01,1.452781e-01,9.200927e-10,8.296343e-02,1.274870e-01,4.640389e-01
2.177805e-01,1.767309e-01,3.278746e-02,3.240295e-01,2.844382e-01,2.500754e-01,1.549822e-01,1.526780e-01,2.166949e-01,9.357855e-04
2.170260e-02,4.326175e-01,1.799357e-01,4.261882e-01,1.654139e-14,5.990178e-15,2.203340e-01,6.089679e-01,2.092963e-10,1.128059e-02
1.010042e+00,2.157114e+00,1.171919e+00,1.212502e+00,1.354184e+00,3.740214e+00,9.367458e-01,9.655977e-01,5.578763e-01,1.341931e+00
2.811911e-15,2.192574e-01,1.401465e+00,0.000000e+00,3.311715e-01,1.460619e+00,2.125517e-01,5.837009e-02,3.376945e-08,0.000000e+00
3.646264e+00,1.792459e-01,1.460645e+01,3.372238e-08,1.044810e-09,2.971394e-09,6.118533e+00,1.452914e+00,3.643139e+00,1.031892e+01
2.513333e+00,9.332053e-01,7.371775e-01,1.739378e+00,5.063912e-01,1.436286e-04,9.239719e-09,1.757896e+00,1.027323e+00,7.218224e-01
5.635350e-02,1.418861e-01,6.036073e-02,2.309863e-09,1.721320e-01,3.293452e-01,1.967002e-01,1.882961e-01,2.805288e-01,6.169954e-11
1.354835e-01,7.037186e-02,8.013651e-02,3.451467e-01,2.140672e-01,9.950014e-02,2.634159e-01,2.447391e-01,1.538380e-05,5.149264e-02
2.731393e-01,3.016494e-01,1.821951e-01,1.102616e-09,2.175909e-01,4.158993e-01,6.984538e-14,6.132848e-02,3.613375e-02,9.342910e-03
2.258532e+00,8.551340e-01,2.822989e+00,4.106721e-10,1.463920e+00,1.004322e+00,1.206105e-07,2.024611e-01,8.392295e-01,0.000000e+00
4.286319e-01,2.248186e-01,3.834171e-01,2.696892e-01,2.086726e-01,0.000000e+00,0.000000e+00,1.663812e-01,1.692905e-06,0.000000e+00
2.832280e+00,1.199149e+00,5.068553e-01,2.990012e-02,4.380761e+00,1.029275e+00,1.142904e+00,2.644335e+00,1.149321e+00,5.180114e+00
0.000000e+00,8.786077e-02,1.956018e-01,3.986544e-02,0.000000e+00,4.694704e-01,7.415070e-14,5.019880e-02,3.613020e-01,0.000000e+00
9.430829e-02,0.000000e+00,0.000000e+00,4.479077e-01,7.026865e-07,2.508007e-01,1.056062e-01,0.000000e+00,9.167454e-01,0.000000e+00
1.772271e-01,4.250711e-01,1.673060e-01,0.000000e+00,7.062372e-01,7.712920e-01,2.886236e-01,5.559519e-01,5.382424e-01,2.396138e-01
1.085810e+00,2.275270e-01,3.585280e-01,5.267664e-01,1.111909e+00,8.766138e-01,6.409319e-01,4.637264e-01,6.144728e-02,1.431339e+00
1.774794e+00,1.315084e+00,4.972137e-13,6.302649e-05,6.143944e-02,1.616541e-05,8.551393e-05,3.657192e+00,2.413592e+00,4.363338e-01
7.385806e-01,2.854122e-01,0.000000e+00,8.797309e-01,3.663400e-16,0.000000e+00,2.877684e-01,5.033066e-01,9.213212e-07,3.403155e-01
1.208123e+00,0.000000e+00,3.384276e-16,1.032559e-01,0.000000e+00,0.000000e+00,2.632741e-08,7.444024e-01,1.975401e-10,1.455824e+00
4.965914e-01,9.160073e-01,1.173140e+00,8.629241e-01,8.976733e-01,1.372080e+00,5.913782e-01,0.000000e+00,3.325898e-01,6.943195e-01
5.667267e-01,5.739549e-01,7.244489e-01,3.383134e-02,1.649708e+00,8.207011e-01,1.082951e+00,2.957627e-01,8.986740e-01,2.458140e-01
9.222135e-01,1.740881e-03,2.178753e-01,3.962604e-15,4.802604e-15,0.000000e+00,3.376130e-11,6.545823e-01,0.000000e+00,9.565641e-01
1.556712e-01,2.906990e-01,0.000000e+00,7.173770e-01,1.046047e-01,2.807466e-02,0.000000e+00,1.302454e-01,8.046212e-01,3.010679e-01
2.469974e-01,8.402207e-01,1.232803e+00,2.177257e-14,1.760408e+00,9.233774e-01,7.636190e-01,2.251007e-01,1.208867e-03,5.831013e-01
5.212660e-01,9.159974e-01,1.466922e-01,2.175649e-01,1.526618e+00,1.475418e+00,2.622564e-01,4.019627e-01,2.683889e-01,1.069920e+00
1.807275e+00,3.252026e+00,9.124284e-01,1.242437e+00,7.344939e-01,1.610852e+00,8.039413e-03,6.113794e-01,9.435520e-16,4.970942e-01
1.459659e+00,2.533492e-01,1.391333e-06,5.711626e-01,1.045080e-15,0.000000e+00,1.211645e+00,3.506634e-01,7.015641e-01,2.034512e+00
8.243337e+00,0.000000e+00,0.000000e+00,0.000000e+00,0.000000e+00,0.000000e+00,0.000000e+00,0.000000e+00,1.231416e+01,0.000000e+00
0.000000e+00,4.436137e-01,1.039307e+00,0.000000e+00,0.000000e+00,1.359478e+00,1.034242e-01,0.000000e+00,1.430676e-01,8.453113e-02
9.945737e-01,2.059972e-01,3.783534e-01,3.851254e-01,1.893858e-07,3.934913e-01,2.480485e-03,4.793558e-01,1.378248e+00,5.587513e-01
5.174988e-02,1.474910e-01,3.745846e-01,2.894543e-05,4.040383e-02,5.461920e-01,1.831960e-04,7.504979e-01,2.949076e-01,1.641265e-01
2.422000e+00,1.601048e-01,1.292083e-02,1.023375e+00,1.774801e+00,2.524835e-07,2.985899e-01,1.275595e+00,2.901632e+00,3.219531e+00
1.666051e+00,1.287560e-01,1.196322e-01,2.139012e-01,1.893637e+00,1.081004e-02,0.000000e+00,2.735817e+00,2.094353e-01,2.208546e+00
3.144937e-01,2.492817e-01,1.895558e-01,1.746667e-01,2.257694e-01,1.777729e-01,5.673941e-08,3.065073e-01,1.719188e-01,0.000000e+00
2.656497e-01,3.801403e-02,3.724716e-02,2.063766e-01,6.834590e-02,4.281449e-01,0.000000e+00,6.472155e-01,2.228100e-01,2.021084e-01
1.326632e+00,6.218854e-01,4.456303e-02,7.982707e-02,6.819159e-03,1.506326e+00,2.105255e-01,7.101174e-01,1.155573e+00,1.186462e+00
1.992077e+00,9.723680e-01,3.778342e-02,1.210014e+00,1.329602e+00,1.651972e+00,5.123772e+00,5.749016e-16,1.632979e-05,3.662740e+00
1.349400e-01,3.242620e-01,1.887116e-01,1.198064e-03,2.555343e-01,7.798725e-01,6.500251e-02,5.621634e-05,1.582149e-09,8.797430e-02
6.764542e-01,0.000000e+00,2.192182e-04,5.516101e-01,1.443689e-15,5.580859e-01,1.969182e-01,2.885726e-11,1.168811e+00,2.676029e+00
4.138540e-10,1.704299e-10,0.000000e+00,4.817392e-01,0.000000e+00,0.000000e+00,1.560504e-05,1.586782e-01,5.522995e-01,3.081580e-01
1.230199e-01,4.185297e-15,2.864319e-01,1.153680e-03,4.700428e-01,1.207931e-07,1.157469e-01,9.570532e-02,8.570883e-02,1.726990e-01
6.180963e-01,0.000000e+00,3.504054e-01,5.189023e-01,9.366601e-02,1.261835e-08,1.348256e-01,6.074158e-01,6.018110e-05,4.199914e-01
2.609626e-01,0.000000e+00,8.736088e-02,1.542043e+00,1.349243e-12,1.050443e-12,1.570986e-01,9.688476e-01,0.000000e+00,8.561873e-02
1.735650e-01,6.891264e-03,1.050222e-01,0.000000e+00,0.000000e+00,6.330277e-01,1.859919e-08,4.194289e-01,2.413372e-01,9.554589e-02
1.845362e-01,3.241666e-01,1.505889e+00,1.447058e-01,7.916649e-16,1.259276e-01,0.000000e+00,0.000000e+00,6.788483e-01,1.263686e+00
3.980297e-01,2.495605e-01,5.068913e-07,8.396906e-07,1.021651e+00,1.072276e+00,7.183222e-01,3.577508e-01,3.247612e-01,5.471035e-01
1.005824e-01,1.706820e-01,4.246444e-01,2.143857e-01,4.521035e-01,1.746964e-01,4.678711e-01,7.194557e-01,3.759169e-12,5.113188e-01
6.226680e-02,0.000000e+00,3.285179e-01,2.154241e-01,0.000000e+00,0.000000e+00,2.762255e-05,2.481872e-01,1.077243e+00,9.177364e-02
2.813816e-01,6.684869e-02,0.000000e+00,6.141458e-02,1.585977e-01,2.048267e-01,1.841530e-02,5.755736e-03,3.401366e-01,1.639107e-01
2.607599e-01,1.092053e-01,6.440863e-01,1.755523e+00,3.300639e-08,1.921587e-01,6.582911e-02,3.071815e-01,1.312858e-02,5.165771e-03
1.594556e+00,7.754406e-01,1.786986e-02,9.469275e-01,1.267392e-05,4.608955e-01,5.796567e-01,1.733637e-01,1.600818e+00,9.032781e-01
6.835627e-02,4.221728e-01,6.424694e-01,7.788154e-01,1.213607e-09,6.556387e-10,4.498714e-09,0.000000e+00,3.009295e-02,4.599872e-02
1.366032e-01,7.817851e-12,2.992775e-05,6.614437e-01,8.397338e-10,2.106651e-01,4.790594e-02,2.069670e-01,0.000000e+00,3.103183e-01
7.958220e-02,0.000000e+00,4.498916e-01,0.000000e+00,0.000000e+00,1.423983e+00,0.000000e+00,8.536892e-01,1.188646e-08,0.000000e+00
6.499074e-01,3.888066e-01,3.058607e-01,1.105213e-15,6.352957e-02,0.000000e+00,1.162490e-01,4.033995e-01,2.090345e-13,3.489188e-01
5.999306e-01,1.406525e+00,1.606333e+00,9.468110e-01,1.311185e+00,2.342617e+00,7.815543e-02,1.359739e+00,6.255641e-02,1.876857e-01
3.730206e+00,1.993367e-11,3.570300e+00,3.744715e+00,0.000000e+00,0.000000e+00,1.971783e+00,3.861573e+00,4.835793e-02,1.040647e+01
3.826640e-01,3.348827e-01,2.377072e-05,3.165450e-01,1.067373e-03,0.000000e+00,0.000000e+00,1.162014e+00,9.816090e-01,0.000000e+00
7.087521e-05,0.000000e+00,0.000000e+00,0.000000e+00,0.000000e+00,0.000000e+00,0.000000e+00,2.390887e+00,0.000000e+00,0.000000e+00
2.086507e+00,1.176840e-01,8.374626e-04,0.000000e+00,1.798104e-05,3.084102e-01,1.847559e-03,1.544719e+00,6.950364e-02,1.785503e+00
2.045645e+00,5.567044e+00,7.860855e-02,7.299855e-02,6.327680e+00,9.818240e+00,2.251327e+00,2.413744e+00,6.491073e-01,2.466093e+00
6.473759e-01,2.951116e-01,0.000000e+00,0.000000e+00,3.411530e-06,0.000000e+00,0.000000e+00,4.447068e-01,4.285665e-01,1.073721e-02
4.242332e-01,5.218358e-02,4.812954e-09,3.054318e-01,9.698620e-02,0.000000e+00,5.386165e-01,5.115441e-01,3.438698e-14,1.036082e-13
9.296611e-02,0.000000e+00,1.633606e-01,1.982942e-01,0.000000e+00,1.771391e-02,2.696679e-01,2.647794e-01,4.890749e-01,6.640801e-05
8.594786e-02,0.000000e+00,4.814227e-01,5.508192e-01,7.184677e-02,0.000000e+00,2.273348e-02,1.969243e-01,1.082013e-08,1.028563e-01
5.740027e+00,2.161401e+00,2.063102e+00,2.784970e+00,1.534510e+01,2.677896e+00,8.855018e-01,5.571686e+00,7.630519e+00,8.385486e+00
3.999209e-02,6.400738e-01,3.468132e-01,5.020242e-02,3.266108e-01,5.622012e-01,1.182191e-02,2.569614e-01,3.446151e-01,0.000000e+00
1.154886e+00,5.877915e-01,3.891424e-01,8.800552e-01,2.209497e+00,9.351827e-01,1.532472e+00,1.183024e+00,6.597810e-02,2.416599e+00
0.000000e+00,6.457641e-02,6.552943e-04,5.327921e-01,8.341104e-10,4.197173e-01,2.181740e-01,0.000000e+00,7.078857e-01,0.000000e+00
1.548743e-01,2.437265e-01,5.060660e-02,2.303645e-01,2.953959e-07,5.500195e-01,1.384018e-04,1.417907e-09,4.808534e-02,2.012436e-01
3.332084e-01,4.443404e-01,4.570836e-01,1.926834e-01,0.000000e+00,0.000000e+00,1.049821e-01,6.077043e-01,3.808363e-01,9.719065e-02
7.714417e-01,2.441549e-02,0.000000e+00,3.266134e-01,2.555688e-01,3.493003e-04,3.007508e-01,8.611338e-01,1.281078e+00,2.743954e-01
5.533591e-01,8.316185e-01,1.045682e+00,1.026918e-01,8.784617e-01,8.686826e-01,0.000000e+00,1.159742e-01,1.399125e-01,4.048014e-02
1.708187e-01,8.534324e-10,3.612636e-01,2.071060e-01,5.491341e-03,2.224866e-01,8.532159e-10,4.666094e-01,3.830710e-05,4.772866e-05
1.279025e+00,3.739132e-08,1.105587e-01,1.017998e+00,2.482357e-01,3.944866e-01,1.055565e-01,2.683441e-01,1.594199e+00,4.450243e-11
7.542064e-01,2.189591e+00,1.368684e-01,9.467922e-01,3.024765e+00,2.775242e+00,5.657296e-01,7.645253e-01,1.722383e+00,3.661596e-01
6.612715e-01,2.953204e+00,2.342192e+00,4.213870e+00,1.498423e+00,1.861442e+00,1.133640e-01,3.402982e+00,1.143602e+00,5.418669e-03
2.868590e-01,2.361917e-01,3.759883e-01,4.902763e-01,3.317262e-01,4.659189e-05,1.269780e-01,9.388368e-02,6.837848e-02,1.527878e-01
3.163740e+00,3.542836e+00,1.657157e+00,2.599097e+00,1.442569e+01,5.443192e+00,2.676100e+00,1.679161e+00,3.547355e+00,6.848849e+00
1.262528e-01,1.698180e-01,5.692565e-06,7.219937e-02,2.294922e-01,4.312017e-11,0.000000e+00,5.050438e-01,2.459170e-01,0.000000e+00
3.091033e+00,1.714515e+00,4.376693e-01,3.372708e+00,1.155418e-02,7.347141e-10,3.084617e-01,2.394395e+00,1.080402e+00,1.077380e+00
6.941638e-01,3.869853e-01,4.111561e-01,6.840621e-01,4.313864e-01,5.156903e-01,5.673607e-03,0.000000e+00,5.981316e-01,6.704180e-15
9.967212e-01,5.342763e-01,3.967624e-01,2.637237e-01,1.968442e-01,2.646043e-04,1.027959e-04,8.619956e-01,5.780477e-01,1.781286e-01
4.100170e-09,1.368151e-01,7.679956e-02,1.239685e-03,3.421660e-01,2.808086e-01,0.000000e+00,1.235561e-01,2.857843e-01,0.000000e+00
2.625236e-01,1.156018e-01,6.659877e-11,4.270791e-02,2.650509e-07,3.101980e-01,1.199129e-15,6.565448e-01,1.811130e-01,0.000000e+00
1.669378e+00,1.194819e+00,8.740636e-01,1.290626e+00,2.611249e+00,2.018098e+00,3.920477e+00,6.505008e-09,1.007526e+00,2.200596e+00
4.217463e-01,9.840246e-02,2.154179e-02,8.635442e-01,1.173623e-06,6.246059e-01,1.538847e-09,8.016462e-01,0.000000e+00,6.782564e-01
1.890408e+00,2.374418e-04,2.458221e-02,7.103198e-02,1.877999e+00,1.713335e+00,1.177424e+00,3.442599e-01,1.213381e+00,2.506632e+00
1.739885e-01,3.146768e-01,2.746281e-01,2.502845e-01,0.000000e+00,4.094132e-01,8.431443e-13,6.538395e-01,1.951758e-01,2.796971e-13
4.272821e-01,5.156034e-01,8.024626e-01,4.593941e-14,6.221706e-01,7.991309e-01,9.337735e-01,1.595026e-01,3.087231e-01,7.435845e-02
2.719443e+00,1.746250e+00,1.681619e+00,5.301616e-01,5.572152e+00,2.201166e+00,8.691033e-01,2.373244e+00,2.146153e+00,2.837937e+00
1.490894e+00,1.028623e-02,3.832721e+00,1.259539e+00,2.785886e-01,6.476429e-01,2.238611e+00,3.674397e-07,3.196415e-03,2.528678e+00
6.427181e-01,1.068970e+00,2.849039e-02,8.667944e-01,9.656281e-01,4.082595e-01,1.575838e+00,3.284621e-03,6.355372e-06,7.533564e-01
6.519254e-01,2.089864e-01,2.460175e-01,2.161237e-15,1.017098e-07,4.978204e-01,0.000000e+00,2.383567e-01,1.147943e+00,0.000000e+00
5.970599e-01,0.000000e+00,4.288474e-02,1.321932e-05,6.317366e-10,1.720611e-01,4.560814e-15,4.225858e-01,4.613911e-01,5.329323e-01
1.479414e-01,7.306820e-01,4.607142e-01,2.346976e-01,7.946096e-01,8.465350e-01,3.678773e-01,1.152985e-01,5.122673e-02,1.579557e-01
9.875148e-02,4.406813e-01,1.086727e-15,4.785993e-01,1.931102e-02,1.033260e-01,7.524879e-02,7.636322e-02,3.065297e-05,6.700406e-02
1.977797e+00,9.615182e-01,1.881481e+00,0.000000e+00,7.860439e-04,9.634175e-01,3.903509e-02,8.404553e-01,6.819861e-05,9.121457e-01
2.899286e+00,3.110531e-01,0.000000e+00,0.000000e+00,0.000000e+00,1.521146e-09,2.593859e-01,1.201515e+00,0.000000e+00,1.136066e+00
1.788826e-02,2.198348e-01,1.603150e-01,1.689259e-01,1.656866e-01,3.225993e-01,9.010141e-02,3.263260e-01,4.508810e-03,6.500870e-07
3.757201e-01,7.571107e-02,6.752971e-07,2.447750e-01,8.114819e-02,2.894498e-07,0.000000e+00,0.000000e+00,3.294883e-01,4.626657e-01
9.579063e-01,1.803674e-01,5.665036e-01,1.979333e-01,1.251015e+00,6.812008e-01,7.697436e-01,2.216654e-01,5.302223e-01,1.819086e+00
1.210616e+01,2.171043e+00,2.022783e+00,4.504415e+00,2.111119e+00,7.521995e-01,7.443368e-12,0.000000e+00,1.885794e-01,0.000000e+00
1.656141e-01,1.942751e-01,5.871137e-13,1.755980e-01,1.477000e-01,9.072417e-01,2.761607e-07,2.450711e-01,4.000441e-01,0.000000e+00
1.030606e-01,0.000000e+00,2.188918e-01,0.000000e+00,2.199774e-01,4.928584e-01,2.884468e-01,0.000000e+00,9.177009e-03,2.281019e-01
0.000000e+00,1.850452e-10,5.962019e-01,7.398130e-07,0.000000e+00,1.939337e-02,3.226953e-04,4.265908e-02,6.115025e-01,1.061953e-01
3.940987e-01,1.316335e+00,5.366699e-01,4.094116e-01,1.243132e+00,1.889793e+00,7.857520e-01,3.998486e-01,2.446947e-13,3.003661e-05
2.689250e-01,9.785308e-01,6.441779e-01,7.538371e-01,4.934038e-02,6.324762e-01,9.163310e-02,6.846292e-01,3.118777e-01,1.480445e-01
4.594400e-01,4.362267e-01,0.000000e+00,8.258260e-10,7.873890e-01,1.460075e+00,9.205711e-03,3.699364e-01,2.317758e-01,4.736853e-01
3.861718e-01,1.330055e-01,3.810597e-01,1.001670e-01,6.461432e-02,7.910176e-09,2.785055e-01,2.386213e-01,7.470413e-11,3.382503e-01
0.000000e+00,6.087239e-01,1.590977e+00,5.602391e-01,9.012857e-02,1.193378e+00,1.870018e-03,0.000000e+00,1.040449e-08,0.000000e+00
1.394098e-01,1.893842e-11,3.845659e-01,4.175716e-01,5.125118e-01,0.000000e+00,5.477368e-12,1.620628e-01,5.988669e-01,1.926475e-01
2.690875e-01,5.416664e-01,9.755456e-16,3.676201e-01,4.175732e-01,5.864767e-01,5.476173e-02,4.349616e-01,4.062874e-01,2.762538e-01
2.175363e-01,2.559035e-03,2.093708e-01,1.898254e-09,1.153939e-01,2.074859e-01,1.443304e-13,2.180035e-01,0.000000e+00,5.549208e-01
2.183298e-01,3.155571e-01,3.764525e-02,5.553484e-01,3.837315e-02,6.687678e-05,1.112805e-01,3.472708e-01,1.391874e-03,0.000000e+00
1.684251e+00,2.043964e+00,4.617608e-01,5.156546e-03,6.042869e+00,2.070569e+00,7.826122e-01,1.688828e+00,1.409563e+00,1.659764e+00
1.268388e-01,5.794825e-01,3.654818e-01,8.577083e-03,5.081556e-01,8.837658e-01,2.029806e-01,4.119009e-01,8.188640e-06,5.722227e-05
5.470006e-01,2.329999e+00,5.254994e-01,3.372560e+00,1.275467e-01,1.042344e+00,1.637071e-06,2.385871e+00,2.044892e+00,2.219445e-01
9.236486e-02,4.629512e-10,7.324514e-02,4.938045e-02,0.000000e+00,6.201064e-01,0.000000e+00,3.613120e-01,0.000000e+00,0.000000e+00
5.117920e-01,4.173029e-02,3.346567e-08,8.536694e-04,9.983708e-02,7.750769e-02,1.481712e-01,8.984216e-01,6.616058e-04,6.445339e-01
7.994918e-01,5.834380e-01,1.053512e-01,1.753990e-01,2.353089e+00,1.032044e+00,6.479901e-01,9.053565e-01,1.159624e-04,8.428170e-01
1.208722e-01,5.696466e-01,1.535861e-14,3.416603e-01,3.019076e-15,5.470795e-01,0.000000e+00,4.551303e-01,3.441771e-02,1.511314e-01
2.256984e-02,3.572319e-13,7.971467e-02,3.816229e-02,2.715425e-01,2.438688e-01,1.167907e-02,4.353042e-01,1.531055e-01,0.000000e+00
2.337505e-02,8.451742e-01,8.747354e-02,2.585383e-01,3.488361e-01,3.977542e-02,2.431353e-03,6.261264e-02,3.395131e-02,1.318679e-01
9.269566e-01,2.357045e+00,8.681563e-01,1.627864e-01,3.696536e+00,2.936789e+00,2.999367e-01,8.757440e-02,1.784572e-01,7.681480e-01
4.190141e-02,1.311055e-01,3.280352e-01,4.155972e-12,4.648160e-10,4.594905e-01,2.167926e-01,2.155059e-01,4.905689e-02,7.016310e-03
1.168507e-01,4.056972e-01,2.104080e-02,3.539441e-01,8.003149e-04,1.150128e-01,2.491728e-01,3.537543e-01,0.000000e+00,2.042431e-06
2.079749e-01,0.000000e+00,2.806447e-01,4.760138e-09,1.635621e-01,1.034456e-01,0.000000e+00,2.705498e-01,1.209862e-03,2.983390e-01
2.301139e-01,5.951810e-01,5.253877e-01,7.551327e-02,3.676724e-01,0.000000e+00,1.044346e-03,3.218990e-01,1.408997e-02,2.767656e-04
2.545759e-01,5.707699e-01,1.084358e-01,2.928717e-01,1.688168e-03,5.234941e-01,3.794659e-02,3.672029e-01,1.145400e-01,4.053673e-01
1.174208e+00,2.036966e-02,9.407510e-01,7.408402e-01,0.000000e+00,2.257737e-01,1.790358e-14,0.000000e+00,7.206497e-01,1.075364e+00
2.018559e-01,8.348103e-01,7.457545e-01,3.106829e-01,1.235058e-13,1.200072e+00,1.423271e-14,2.385947e-04,6.831647e-01,1.431159e+00
2.527844e-01,4.181605e-01,7.627941e-02,6.824861e-01,1.710758e-02,2.807416e-01,7.395396e-03,1.385925e-01,1.055871e-01,1.210284e-01
6.035582e-01,4.509741e-01,2.386490e-11,4.460173e-01,1.022282e-12,5.276646e-01,0.000000e+00,7.983327e-15,1.796991e-09,2.878531e-01
3.277097e+00,9.894473e-01,5.838978e-01,9.046056e-01,3.915491e+00,2.228177e+00,1.544467e-03,1.642428e+00,9.944411e-01,3.795251e+00
7.127551e-03,1.326980e-01,5.458548e-01,6.285222e-01,0.000000e+00,8.336541e-10,0.000000e+00,0.000000e+00,3.647815e-01,0.000000e+00
0.000000e+00,4.926107e-01,1.166793e-02,1.188091e-08,1.300544e-01,1.534796e+00,2.872197e-15,8.530163e-16,0.000000e+00,0.000000e+00
8.243545e-01,9.195718e-01,1.932714e+00,3.894402e-01,1.676191e+00,2.122123e+00,1.789829e-01,1.058692e+00,7.417415e-01,6.253795e-01
1.482302e-01,2.189801e-06,3.698819e-01,1.032262e-01,1.334638e-01,3.025766e-01,2.830570e-02,1.806315e-01,9.991802e-03,0.000000e+00
4.862158e-02,1.740413e-01,1.076171e-01,3.828609e-01,2.341812e-09,3.934277e-02,1.462738e-03,1.233594e+00,2.634047e-06,4.275833e-01
5.054244e-02,4.531725e-01,1.451318e-01,3.113021e-01,2.544498e-01,2.037428e-01,2.171730e-01,5.419218e-01,1.262469e-01,0.000000e+00
5.782753e-01,4.166326e-15,0.000000e+00,0.000000e+00,6.660561e-02,1.121123e-01,0.000000e+00,5.865200e-01,0.000000e+00,3.033004e-01
7.325089e-02,4.842013e-10,1.506061e-03,3.288815e-01,2.548163e-01,8.717174e-09,1.616986e-03,6.952342e-01,8.554332e-01,7.776069e-01
1.818785e-01,4.614382e-01,3.925547e-01,7.699803e-02,4.838578e-01,2.511278e-01,4.237101e-04,3.853394e-01,2.615764e-01,0.000000e+00
0.000000e+00,5.632717e-01,2.842521e-14,6.664776e-01,3.738475e-02,5.607680e-01,0.000000e+00,0.000000e+00,1.921680e-01,9.264367e-02
0.000000e+00,4.279461e+00,2.498279e+00,3.851509e+00,1.647779e-03,5.062753e+00,3.238751e-02,0.000000e+00,1.672039e+00,0.000000e+00
4.174214e-01,9.945238e-01,3.939551e-01,1.114115e+00,1.419587e+00,3.820333e-02,4.233291e-03,7.789078e-01,2.979555e-01,7.207179e-02
2.374630e-01,8.923899e-01,6.214804e-02,2.682916e-01,1.911938e-01,1.340213e+00,1.074566e-05,5.476634e-01,5.590187e-01,1.764073e-01
5.510620e-01,0.000000e+00,3.671144e-02,6.636435e-01,0.000000e+00,2.721691e-02,2.413215e-09,0.000000e+00,1.307775e+00,4.032519e-01
1.411104e+00,8.328937e-01,1.534421e+00,2.289714e-01,3.842771e+00,1.827860e+00,5.130781e-01,1.043834e+00,2.106373e-01,1.106666e+00
1.125516e-01,1.132498e+00,7.142257e-02,2.647677e-01,4.952329e-03,5.135011e-01,5.608428e-02,2.063092e-02,4.708944e-01,0.000000e+00
1.800186e+00,5.765638e-01,6.125568e-06,1.545375e+00,6.595877e+00,3.282764e+00,1.245043e+00,2.298671e+00,1.533787e+00,2.038837e+00
0.000000e+00,1.425095e-03,3.124684e-05,5.996227e-02,0.000000e+00,4.403591e-01,0.000000e+00,8.031384e-01,0.000000e+00,8.383193e-11
7.813284e-03,4.898359e-01,5.993793e-01,2.486029e-06,3.076091e-01,6.346606e-01,1.461076e-01,0.000000e+00,2.166332e-15,1.023635e-01
5.472321e-02,6.879638e-02,9.824040e-05,2.559018e-01,2.393720e-01,0.000000e+00,3.922193e-01,3.894532e-01,8.799028e-03,2.649796e-02
4.388501e-01,5.317293e-01,2.940422e-01,7.750771e-01,5.718567e-04,6.345874e-01,5.572281e-07,3.065674e-01,1.675045e-01,0.000000e+00
2.052644e-01,0.000000e+00,1.935070e-01,2.001075e-01,2.558475e-01,6.364369e-02,0.000000e+00,2.097193e-01,2.761100e-01,7.840320e-01
1.569762e-01,1.269668e+00,5.519190e-01,1.571392e+00,1.514477e-04,3.996295e-01,6.066004e-15,3.398136e-01,8.922108e-01,3.614891e-01
1.640521e+00,4.856581e-01,1.740266e+00,2.864460e-02,4.451882e+00,1.192035e+00,1.936849e+00,1.281168e+00,1.076243e+00,2.232989e+00
1.111044e-01,6.293718e-02,1.603018e-11,3.081780e-01,0.000000e+00,2.747522e-01,0.000000e+00,0.000000e+00,1.237603e-01,6.922141e-01
1.348735e+00,1.296839e+01,1.907885e+01,2.211354e+01,6.106091e+00,8.226797e+00,2.159237e-03,7.764942e-05,2.028644e+00,2.695688e+00
5.654804e-01,0.000000e+00,7.624894e-09,2.643036e-16,1.279336e-01,3.336793e-01,9.303155e-03,6.093335e-09,7.794985e-01,3.988658e-01
3.489742e+00,3.531233e+00,1.669584e+00,1.175603e+00,9.718154e+00,5.944204e+00,2.206098e+00,2.279441e+00,1.674148e+00,5.594296e+00
9.757096e-01,1.463826e-01,7.245238e-04,3.045579e-08,2.570432e+00,9.825997e-01,1.431354e+00,8.832563e-01,3.809734e-01,2.397493e-01
8.098096e-01,3.973645e-01,3.893930e-01,5.118595e-01,2.325586e-01,2.456388e-01,1.326352e-01,1.485879e-14,7.775754e-01,0.000000e+00
1.605280e+00,2.748281e+00,1.443909e+00,2.503253e+00,5.427997e+00,5.413106e+00,7.375826e-01,1.060680e+00,2.237937e+00,1.984690e+00
1.557346e+00,1.961498e+00,2.711661e-03,6.186716e-01,3.313298e+00,3.539914e+00,9.556181e-01,2.379656e+00,5.468191e-01,9.174260e-01
1.906435e+00,3.296060e-07,2.189478e-09,3.471954e-01,1.251107e+00,7.044119e-06,1.909132e-11,3.592391e+00,1.647021e-03,1.698083e+00
2.754541e-02,1.594804e-01,2.290453e-09,1.804633e-01,2.184484e-01,9.179940e-02,2.488755e-01,1.889235e-01,2.612350e-01,0.000000e+00
1.260272e-01,0.000000e+00,0.000000e+00,2.914498e-01,1.452365e-04,2.247508e-01,0.000000e+00,9.361678e-01,1.088362e-10,2.177591e-08
2.151808e-01,1.419420e-01,3.197417e-01,4.910844e-16,8.678362e-10,6.138573e-01,0.000000e+00,1.228390e-01,6.984669e-02,0.000000e+00
5.977702e-01,0.000000e+00,1.626983e+00,2.034613e-02,1.183946e-01,8.053212e-01,5.355918e-02,0.000000e+00,0.000000e+00,0.000000e+00
1.957441e-01,3.164982e+00,7.078813e-07,6.296146e-01,5.849258e-01,1.706191e+00,5.142646e-13,2.514665e+00,2.361145e-01,0.000000e+00
3.404792e+00,8.933210e-06,1.650909e-10,7.742695e-01,3.236139e+00,2.572360e-13,6.486570e-04,3.563612e+00,1.644201e+00,5.057744e+00
1.957519e-01,9.313786e-02,3.754652e-01,2.055443e-02,2.390230e-01,2.220426e-03,0.000000e+00,4.411096e-01,2.823819e-01,4.200770e-02
6.813524e-02,3.641666e+00,1.231196e+00,1.127183e+00,1.157004e+00,1.767564e-01,4.890620e-08,5.296872e-01,8.239355e-01,1.188219e-01
4.052787e-01,1.439850e+00,1.384895e+00,1.626644e+00,6.140045e-01,7.932454e-01,2.095822e-02,4.224040e-07,8.502474e-08,0.000000e+00
2.273358e-01,2.232712e-01,0.000000e+00,2.003102e-10,1.402301e-01,0.000000e+00,5.701965e-01,2.312499e-01,2.647542e-01,1.036295e-01
1.315934e-01,3.132193e-01,1.415435e-01,1.244423e-01,1.150732e-01,1.771097e-01,9.081461e-03,8.089962e-02,8.217526e-02,3.231491e-01
3.325681e-01,1.099940e-01,3.026767e-10,5.212767e-01,5.874095e-04,2.495414e-12,2.177285e-01,3.222341e-02,3.994694e-01,7.502725e-02
5.186411e-01,3.046160e-01,1.707970e-05,3.390924e-03,1.278333e-10,4.523231e-01,1.889426e-01,2.454469e-06,8.392096e-01,2.085680e-01
4.126498e-01,1.232871e+00,8.852559e-01,4.326614e-01,7.713530e-01,2.529090e+00,4.014666e+00,1.173148e+00,4.426498e-01,4.887921e-02
1.541133e-06,0.000000e+00,3.447649e-10,4.336838e-02,6.756038e-14,6.117136e-01,4.680280e+00,3.073738e-01,8.323506e-09,3.698799e-01
2.012781e+00,7.191145e-09,4.122044e-03,0.000000e+00,2.779188e-06,2.025065e-11,1.930736e+01,7.572125e+00,5.409051e-01,4.526173e-12
1.272420e-01,1.162681e-01,3.947380e-11,1.309991e+00,6.591194e-03,4.014996e-01,1.201052e+01,1.848674e+00,1.712607e-01,2.794620e-01
0.000000e+00,1.385840e-15,0.000000e+00,0.000000e+00,0.000000e+00,3.300473e-08,7.756298e+00,0.000000e+00,0.000000e+00,2.157134e-12
1.263106e+00,3.191752e-09,1.286578e+00,6.792518e-04,3.789683e-11,0.000000e+00,5.427148e+00,3.047047e+00,1.487006e-01,1.655625e-11
0.000000e+00,2.598894e-01,0.000000e+00,0.000000e+00,0.000000e+00,4.133823e-01,4.751330e-01,8.427759e-02,0.000000e+00,8.651260e-03
5.597418e-01,0.000000e+00,0.000000e+00,0.000000e+00,0.000000e+00,0.000000e+00,6.734294e+00,1.000368e+00,0.000000e+00,1.309431e-01
8.159110e-01,0.000000e+00,0.000000e+00,0.000000e+00,0.000000e+00,0.000000e+00,6.034536e+00,1.258276e+00,0.000000e+00,7.743453e-05
