3.353564e-01,2.627444e-01
5.045098e-01,8.517957e-02
3.812657e-01,2.829731e-01
4.753388e-01,7.797171e-02
4.015776e-01,2.974011e-01
2.579186e-01,5.433726e-01
1.408123e-01,6.664676e-01
3.895860e-01,1.511776e-01
4.164283e-01,2.123460e-01
4.326903e-01,1.840710e-01
4.442351e-01,1.380819e-01
5.228908e-01,4.628307e-02
2.452574e-01,4.423073e-01
2.872515e-01,4.670620e-01
3.400577e-01,3.443378e-01
5.157946e-01,2.427931e-02
2.540130e-01,5.158144e-01
3.958755e-01,2.258296e-01
4.474339e-01,1.807288e-01
4.425348e-01,1.637147e-01
4.051911e-01,1.852334e-01
0.000000e+00,9.338515e-01
4.068184e-01,1.930550e-01
4.761162e-01,1.323231e-01
4.032062e-01,2.734645e-01
3.698821e-01,2.971312e-01
4.619091e-01,1.357445e-01
3.958111e-01,2.966283e-01
5.224445e-01,0.000000e+00
3.335495e-01,3.422436e-01
4.819343e-01,7.125215e-02
1.792995e-01,5.742414e-01
3.477223e-01,3.342870e-01
4.252732e-01,2.188709e-01
4.536928e-01,1.676670e-01
4.135979e-01,1.853642e-01
4.652821e-01,8.033087e-02
4.240982e-01,1.970323e-01
4.250785e-01,1.309548e-01
2.565285e-01,4.843008e-01
1.872499e-01,6.414366e-01
5.470249e-01,0.000000e+00
3.904121e-01,2.227949e-01
3.588287e-01,3.648752e-01
3.036802e-01,3.590498e-01
3.592799e-01,3.319044e-01
4.522574e-01,1.695545e-01
4.509726e-01,1.255758e-01
3.475780e-01,3.357375e-01
1.194165e-01,7.560649e-01
2.534872e-01,4.487307e-01
3.361418e-01,3.655993e-01
4.463980e-01,1.754346e-01
5.047579e-01,0.000000e+00
4.962547e-01,1.047014e-01
2.863758e-01,3.350090e-01
3.334332e-01,3.446457e-01
4.014166e-01,2.172834e-01
4.904496e-01,7.997934e-02
3.096263e-01,4.183808e-01
4.405629e-01,2.053531e-01
4.065273e-01,2.610914e-01
2.883084e-01,4.219193e-01
1.997677e-01,5.962078e-01
3.482074e-01,3.343455e-01
3.171497e-01,3.901647e-01
3.673920e-01,2.816416e-01
3.693055e-01,2.433970e-01
3.961117e-01,2.452749e-01
2.065676e-01,5.878807e-01
2.831308e-01,3.944297e-01
3.682233e-01,2.579232e-01
2.091552e-01,5.840418e-01
3.326879e-01,4.064450e-01
4.170137e-01,1.852652e-01
4.786123e-01,9.047377e-02
3.068661e-01,4.238136e-01
1.865909e-01,5.979524e-01
4.335218e-01,1.161973e-01
2.805349e-01,4.755929e-01
3.317571e-01,3.942962e-01
5.217334e-01,2.425360e-02
4.432426e-01,6.448524e-02
3.720597e-01,2.954326e-01
4.946212e-01,7.434193e-02
5.317559e-01,1.487679e-02
4.642933e-01,1.569847e-01
2.924566e-01,3.709121e-01
3.147311e-01,3.496330e-01
3.814321e-01,2.676600e-01
4.192990e-01,1.842442e-01
7.754846e-02,8.194097e-01
5.498802e-01,0.000000e+00
4.132621e-01,2.133479e-01
0.000000e+00,9.118590e-01
0.000000e+00,9.151625e-01
3.296280e-01,3.579503e-01
3.967427e-01,1.310915e-01
3.891991e-01,2.972727e-01
5.143807e-01,0.000000e+00
2.375956e-01,4.776273e-01
4.203101e-01,1.997664e-01
3.809827e-01,2.692182e-01
4.248835e-01,2.197890e-01
2.733182e-01,4.161011e-01
0.000000e+00,9.370202e-01
4.261844e-01,1.636372e-01
0.000000e+00,9.310905e-01
0.000000e+00,9.224402e-01
2.868078e-01,4.482982e-01
4.828270e-01,5.299939e-02
2.958690e-01,3.390080e-01
5.277810e-01,0.000000e+00
2.103790e-01,5.893512e-01
4.916977e-01,6.143080e-02
0.000000e+00,9.149548e-01
3.440571e-01,3.019484e-01
0.000000e+00,9.422242e-01
2.101836e-01,5.388655e-01
4.764842e-01,1.303393e-01
1.763671e-01,5.938530e-01
3.533381e-01,2.984134e-01
4.296373e-01,1.734257e-01
2.828879e-01,4.657254e-01
4.058889e-01,2.273900e-01
3.260061e-01,3.602683e-01
4.960381e-01,0.000000e+00
3.176497e-01,3.901492e-01
2.991995e-01,3.834509e-01
5.078633e-01,5.842202e-02
3.444605e-01,3.587241e-01
3.187320e-01,2.114943e-01
4.233343e-01,2.004444e-01
3.890289e-01,2.787182e-01
4.245245e-01,2.141214e-01
4.145160e-01,1.959886e-01
3.130576e-01,4.298894e-01
4.734944e-01,6.010029e-02
4.449918e-01,1.179662e-01
2.998807e-01,3.445237e-01
4.414885e-01,5.402049e-02
3.250577e-01,3.916441e-01
2.496343e-01,5.217687e-01
5.236785e-01,4.230345e-02
1.751953e-01,5.220232e-01
3.690688e-01,3.115302e-01
3.415597e-01,3.392003e-01
3.437923e-01,3.044103e-01
1.622688e-01,6.391630e-01
4.011455e-01,2.369051e-01
3.106402e-01,3.767769e-01
4.587511e-01,1.335782e-01
4.692017e-01,1.260396e-01
4.678808e-01,1.224417e-01
3.373144e-01,2.967979e-01
4.311768e-01,2.103489e-01
2.355784e-01,5.082950e-01
5.429780e-01,0.000000e+00
4.229972e-01,1.718045e-01
4.438506e-01,1.890925e-01
2.926934e-01,4.345152e-01
3.447039e-01,2.928838e-01
4.829099e-01,8.925629e-02
2.250492e-01,5.930852e-01
4.839756e-01,9.857099e-02
5.274580e-01,4.954964e-02
2.578050e-01,5.107303e-01
2.397462e-01,4.488591e-01
4.259168e-01,2.533414e-01
3.286974e-01,4.155174e-01
4.412769e-01,1.368161e-01
3.498832e-01,3.357496e-01
4.769372e-01,1.177822e-01
4.505979e-01,1.540904e-01
5.192679e-01,0.000000e+00
5.170351e-01,3.250087e-02
4.563451e-01,1.945889e-01
3.827558e-01,3.331624e-01
5.129641e-01,0.000000e+00
3.152079e-01,3.601721e-01
4.614663e-01,2.597848e-02
5.445883e-01,0.000000e+00
4.050588e-01,1.153177e-01
2.811277e-01,4.623572e-01
4.412079e-01,2.008773e-01
4.214208e-01,2.433044e-01
4.453665e-01,9.868236e-02
3.145209e-01,4.380913e-01
4.610499e-01,5.657720e-02
4.663603e-01,8.656648e-02
4.785756e-01,6.302719e-02
4.183988e-01,1.436790e-01
4.343237e-01,2.151192e-01
4.130440e-01,2.016365e-01
3.225946e-01,3.867926e-01
1.579112e-01,6.606207e-01
3.093611e-01,4.117529e-01
4.438409e-01,1.247500e-01
1.944782e-01,4.685293e-01
3.432676e-01,2.752982e-01
4.535311e-01,1.497042e-01
4.798782e-01,9.592973e-02
4.814065e-01,1.043891e-01
3.408110e-01,3.935759e-01
4.479433e-01,2.129566e-01
4.654878e-01,1.004764e-01
4.665266e-01,1.392162e-01
4.555366e-01,1.149222e-01
0.000000e+00,9.291328e-01
5.367736e-01,4.150420e-03
2.769343e-01,3.667424e-01
5.247920e-01,2.019392e-02
5.269010e-01,0.000000e+00
4.401903e-01,1.571171e-01
4.923228e-01,4.180451e-02
2.882922e-01,3.836003e-01
2.861228e-01,4.862438e-01
4.763172e-01,6.046897e-02
4.267861e-01,2.023291e-01
4.920841e-01,0.000000e+00
3.310463e-01,3.002390e-01
4.357042e-01,2.039593e-01
3.771140e-01,2.652590e-01
5.242627e-01,0.000000e+00
3.833989e-01,1.894708e-01
4.114106e-01,2.084815e-01
5.352570e-01,3.500398e-02
3.041106e-01,4.007852e-01
3.204151e-01,4.474160e-01
4.387877e-01,1.395077e-01
4.821957e-01,1.145858e-01
4.358081e-01,1.784911e-01
4.571437e-01,1.209913e-01
4.153331e-01,2.317986e-01
3.858488e-01,2.541753e-01
3.670228e-01,2.782453e-01
2.911002e-01,4.222360e-01
3.840916e-01,2.548811e-01
2.240658e-01,5.616639e-01
3.895726e-01,2.750152e-01
4.475822e-01,1.493229e-01
2.256563e-01,5.858005e-01
2.062816e-01,5.639283e-01
3.339018e-01,3.330454e-01
2.600825e-01,4.541646e-01
4.759561e-01,1.546577e-01
4.600495e-01,1.088852e-01
3.798594e-01,2.647658e-01
2.430904e-01,5.266347e-01
0.000000e+00,9.251673e-01
3.848090e-01,2.351414e-01
4.019635e-01,2.309021e-01
3.640526e-01,2.657658e-01
3.646487e-01,3.195201e-01
4.485192e-01,1.624058e-01
4.563988e-01,1.547267e-01
3.854748e-01,2.504994e-01
4.292318e-01,2.113260e-01
5.102500e-01,0.000000e+00
4.822690e-01,0.000000e+00
4.107835e-01,2.426877e-01
3.894424e-01,2.787322e-01
3.189591e-01,3.840229e-01
4.814429e-01,6.589294e-02
3.154892e-01,4.218804e-01
3.157637e-01,3.647701e-01
3.279321e-01,3.487197e-01
1.858982e-01,6.337322e-01
3.593952e-01,2.801660e-01
4.111982e-01,2.363351e-01
5.062652e-01,0.000000e+00
2.811605e-01,4.636382e-01
4.868708e-01,1.090059e-01
2.886541e-01,4.863613e-01
4.931115e-01,5.010357e-02
5.069517e-01,8.160476e-02
4.517066e-01,1.329748e-01
2.545269e-01,5.041148e-01
4.657752e-01,8.947736e-02
1.861209e-01,6.493939e-01
4.846671e-01,1.013853e-01
4.596560e-01,5.446706e-02
4.756288e-01,5.178397e-02
3.595509e-01,3.181452e-01
4.500827e-01,1.019127e-01
3.199475e-01,4.003452e-01
4.117657e-01,2.534260e-01
4.715144e-01,5.801550e-02
4.221136e-01,2.555983e-01
4.956027e-01,8.581032e-02
5.119088e-01,0.000000e+00
4.093960e-01,1.775802e-01
4.065558e-01,2.735763e-01
4.088095e-01,2.262155e-01
3.477862e-01,3.491371e-01
4.090746e-01,2.069833e-01
9.666060e-02,6.889708e-01
2.464355e-01,5.233731e-01
5.063747e-01,0.000000e+00
0.000000e+00,9.345452e-01
3.586676e-01,2.954696e-01
5.010316e-01,6.870285e-02
1.934957e-01,5.828808e-01
3.036985e-01,4.226285e-01
4.081177e-01,1.985531e-01
4.417005e-01,1.271892e-01
3.003555e-01,3.840267e-01
3.941340e-01,2.113029e-01
2.993417e-01,4.383788e-01
4.574746e-01,1.508629e-01
2.639380e-01,4.793755e-01
4.057915e-01,2.080057e-01
4.101634e-01,1.906937e-01
3.884986e-01,2.492719e-01
3.330055e-01,3.517875e-01
2.402877e-01,5.426577e-01
3.276720e-01,3.776675e-01
0.000000e+00,9.350974e-01
2.948893e-01,4.627831e-01
1.793552e-01,6.245125e-01
3.409135e-01,3.537305e-01
5.118599e-01,7.298682e-02
4.254665e-01,1.683241e-01
5.287721e-01,0.000000e+00
5.241623e-01,1.107430e-02
2.812318e-01,4.179795e-01
5.592984e-01,0.000000e+00
3.935058e-01,2.541686e-01
3.467501e-01,4.021587e-01
4.724840e-01,1.230193e-01
0.000000e+00,9.356860e-01
1.955398e-01,5.976668e-01
3.618117e-01,3.277332e-01
4.337784e-01,1.565914e-01
4.320435e-01,1.598637e-01
4.751555e-01,9.114865e-02
4.069671e-01,1.902604e-01
1.425669e-01,7.170948e-01
3.981775e-01,2.448187e-01
5.076602e-01,0.000000e+00
3.318536e-01,3.917255e-01
4.341722e-01,1.514894e-01
1.764572e-01,6.616039e-01
3.973375e-01,2.490569e-01
4.109419e-01,1.770740e-01
3.288626e-01,3.358336e-01
5.254187e-01,0.000000e+00
5.058900e-01,2.221744e-02
3.754691e-01,2.466430e-01
2.762538e-01,3.457600e-01
4.987101e-01,3.204816e-02
4.717179e-01,1.078241e-01
3.035251e-01,3.589721e-01
4.115811e-01,2.182149e-01
3.878082e-01,2.614758e-01
3.229472e-01,3.426690e-01
1.963965e-01,6.237072e-01
4.375963e-01,2.181692e-01
3.988029e-01,1.941443e-01
4.745270e-01,7.099185e-02
0.000000e+00,9.157336e-01
4.347557e-01,1.341724e-01
0.000000e+00,9.384696e-01
0.000000e+00,9.291008e-01
5.021061e-01,0.000000e+00
5.097693e-01,6.353375e-03
4.084323e-01,1.982161e-01
2.491292e-01,5.219604e-01
2.085679e-01,5.489748e-01
4.208564e-01,1.958623e-01
2.402202e-01,4.393040e-01
1.274042e-01,7.466716e-01
3.692678e-01,2.419955e-01
2.260887e-01,5.706314e-01
3.757929e-01,2.721342e-01
4.235644e-01,1.954359e-01
3.793156e-01,2.144355e-01
1.455293e-01,6.557569e-01
4.692628e-01,1.538787e-01
2.686798e-01,4.099285e-01
3.220836e-01,3.847893e-01
4.480255e-01,1.050885e-01
3.696434e-01,2.937275e-01
4.189674e-01,2.150383e-01
3.196186e-01,4.406894e-01
3.568918e-01,3.684903e-01
5.259978e-01,2.081964e-02
4.929136e-01,4.764139e-02
3.742479e-01,2.162605e-01
2.925093e-01,3.535643e-01
5.046047e-01,6.796792e-02
5.188528e-01,2.541388e-03
3.957267e-01,2.374561e-01
3.948650e-01,2.149526e-01
3.702250e-01,2.640637e-01
5.025366e-01,1.904595e-02
0.000000e+00,9.128240e-01
3.166268e-01,3.617161e-01
0.000000e+00,9.018162e-01
4.107063e-01,2.366527e-01
2.857532e-01,4.540786e-01
4.619668e-01,8.152397e-02
4.500085e-01,1.202026e-01
4.848559e-01,3.240280e-02
3.296798e-01,3.141298e-01
4.147005e-01,1.884179e-01
2.731596e-01,4.642625e-01
2.643646e-01,4.923118e-01
2.310933e-01,5.560915e-01
3.843255e-01,2.952243e-01
4.291807e-01,1.918494e-01
1.349728e-01,6.925068e-01
9.848534e-02,7.542418e-01
3.930931e-01,2.860134e-01
3.206011e-01,3.766809e-01
3.557241e-01,3.285670e-01
4.393966e-01,1.402167e-01
3.941240e-01,2.149473e-01
0.000000e+00,9.342900e-01
4.509960e-01,1.483980e-01
4.386749e-01,1.544383e-01
3.307536e-01,3.522608e-01
3.639592e-01,3.677821e-01
4.168707e-01,1.520008e-01
4.536142e-01,1.894288e-01
3.472753e-01,2.941774e-01
3.552728e-01,2.818774e-01
1.812484e-01,6.195558e-01
3.484899e-01,3.499749e-01
3.914298e-01,2.497967e-01
4.709385e-01,7.494061e-02
3.243193e-01,3.494018e-01
0.000000e+00,9.362145e-01
3.941911e-01,1.858366e-01
4.207703e-01,1.815218e-01
3.949492e-01,2.775068e-01
3.624034e-01,3.027774e-01
5.557929e-01,0.000000e+00
3.952403e-01,2.565864e-01
4.779966e-01,9.166253e-02
4.141225e-01,1.974776e-01
3.468008e-01,3.873706e-01
4.796711e-01,4.758552e-02
4.063140e-01,2.176543e-01
3.214422e-01,3.752089e-01
2.263543e-01,5.037360e-01
3.653520e-01,3.065733e-01
3.615605e-01,2.764116e-01
4.306006e-01,1.854360e-01
1.344381e-01,5.990022e-01
2.779873e-01,4.671118e-01
0.000000e+00,9.272298e-01
4.665032e-01,1.032109e-01
4.555024e-01,1.454795e-01
5.120226e-01,4.313446e-02
3.781456e-01,3.253584e-01
4.427503e-01,1.517086e-01
1.405712e-01,6.869083e-01
3.803159e-01,2.099593e-01
1.507032e-01,6.175714e-01
4.142381e-01,2.061924e-01
4.739327e-01,1.260392e-01
3.587341e-01,3.072810e-01
3.585487e-01,3.110239e-01
4.502331e-01,1.358102e-01
4.465589e-01,1.622594e-01
4.181097e-01,1.878858e-01
4.195447e-01,1.324127e-01
4.310585e-01,1.253629e-01
5.006142e-01,0.000000e+00
3.389237e-01,3.691569e-01
1.770465e-01,6.454770e-01
4.753651e-01,7.371625e-02
1.819029e-01,6.075734e-01
4.029928e-01,2.033227e-01
1.974686e-01,3.657889e-01
4.615857e-01,9.111486e-02
3.365770e-01,3.004456e-01
4.050432e-01,2.080642e-01
5.498269e-01,0.000000e+00
3.333126e-01,3.046399e-01
3.096276e-01,3.615582e-01
4.216250e-01,1.917078e-01
3.601931e-01,3.082838e-01
4.390016e-01,1.845718e-01
4.867081e-01,9.681518e-02
3.687710e-01,3.027104e-01
3.663346e-01,2.894029e-01
4.500219e-01,1.504684e-01
5.029905e-01,7.176022e-02
2.842426e-01,4.672277e-01
0.000000e+00,9.302037e-01
3.946908e-01,2.405359e-01
2.889084e-01,4.687175e-01
3.744103e-01,2.734461e-01
3.663268e-01,3.001837e-01
3.634366e-01,3.026689e-01
3.663023e-01,2.384149e-01
4.868502e-01,6.675077e-02
3.309761e-01,3.322260e-01
1.935930e-01,5.256531e-01
3.695533e-01,2.930595e-01
1.036392e-01,6.504757e-01
4.786607e-01,1.398969e-03
3.687021e-01,2.649013e-01
3.207156e-01,4.066284e-01
3.399034e-01,3.686232e-01
2.646822e-01,4.648338e-01
4.699726e-01,1.359657e-01
3.959970e-01,2.811029e-01
3.949719e-01,2.784181e-01
0.000000e+00,9.068650e-01
2.803111e-01,4.568361e-01
4.528570e-01,1.225721e-01
4.907324e-01,7.024159e-02
2.486652e-01,5.152875e-01
0.000000e+00,9.204940e-01
4.734608e-01,1.361981e-01
4.265250e-01,1.595170e-01
4.222239e-01,2.136572e-01
4.387988e-01,1.965239e-01
3.749096e-01,2.883394e-01
3.500560e-01,3.773982e-01
5.198175e-01,6.237525e-02
3.291312e-01,3.293666e-01
4.772749e-01,7.258319e-02
4.213488e-01,2.203081e-01
4.664987e-01,1.366596e-01
3.960220e-01,2.345541e-01
0.000000e+00,9.330193e-01
2.086387e-01,6.205255e-01
3.745825e-01,2.286674e-01
3.734410e-01,2.764086e-01
4.403573e-01,1.244297e-01
2.554379e-01,4.978773e-01
5.009602e-01,0.000000e+00
3.783168e-01,2.729372e-01
4.288335e-01,1.479798e-01
3.912742e-01,2.050447e-01
4.139919e-01,2.154442e-01
3.272452e-01,3.924229e-01
4.110789e-01,2.348713e-01
1.576022e-01,6.731649e-01
3.761100e-01,3.186323e-01
4.156565e-01,2.557779e-01
3.979592e-01,2.171953e-01
5.009667e-01,8.511398e-02
3.155658e-01,3.210687e-01
4.904353e-01,4.826489e-02
3.804227e-01,2.356228e-01
4.818715e-01,8.226731e-02
4.127835e-01,2.141975e-01
4.067520e-01,2.527209e-01
2.666215e-01,4.929532e-01
2.220608e-01,5.934755e-01
2.777455e-01,4.137906e-01
3.797070e-01,2.424690e-01
4.197804e-01,2.021290e-01
4.905640e-01,3.656094e-02
4.089894e-01,2.361285e-01
3.075657e-01,4.030751e-01
4.437647e-01,1.107921e-01
4.598535e-01,1.321171e-01
2.085412e-01,6.112865e-01
4.140655e-01,2.122119e-01
4.649496e-01,1.263143e-01
4.321668e-01,2.161038e-01
4.245960e-01,2.027879e-01
3.898953e-01,2.711333e-01
4.130299e-01,1.901819e-01
3.624711e-01,3.057873e-01
4.937033e-01,2.931949e-05
5.603075e-02,8.294038e-01
4.101651e-01,2.493526e-01
3.536488e-01,3.456019e-01
2.558888e-01,4.839025e-01
3.643964e-01,2.680145e-01
4.428613e-01,1.624378e-01
2.526697e-01,5.514220e-01
4.754870e-01,1.312568e-01
5.149341e-01,9.504171e-03
3.127612e-02,8.940472e-01
1.588291e-01,6.138725e-01
4.916617e-01,9.445035e-02
4.532589e-01,1.390053e-01
4.396620e-01,1.174367e-01
4.727032e-01,1.063350e-01
4.156417e-01,2.436649e-01
3.470231e-01,3.460235e-01
4.972613e-01,1.122746e-01
4.217377e-01,1.712140e-01
4.462207e-01,1.033724e-01
3.437611e-01,3.498266e-01
4.329917e-01,1.441692e-01
4.706695e-01,9.256319e-02
3.123997e-01,4.309297e-01
4.855146e-01,2.002981e-02
4.866566e-01,7.598824e-02
4.362027e-01,1.701428e-01
3.523733e-01,3.818423e-01
4.331299e-01,1.804637e-01
2.287094e-01,5.660115e-01
4.909555e-01,5.984580e-02
3.963966e-01,2.195731e-01
4.360396e-01,1.729265e-01
3.334852e-01,2.943443e-01
4.528380e-01,1.814016e-01
3.503966e-01,3.020502e-01
2.376413e-01,5.393808e-01
4.025014e-01,2.174770e-01
4.387779e-01,1.514390e-01
4.362945e-01,1.398827e-01
4.524456e-01,1.229155e-01
4.091150e-01,2.494640e-01
4.039994e-01,2.215497e-01
3.884089e-01,2.473916e-01
4.034547e-01,2.573410e-01
4.075691e-01,2.056982e-01
4.679501e-01,9.432531e-02
3.689592e-01,2.734727e-01
3.836936e-01,1.903635e-01
3.750029e-01,2.763848e-01
3.601034e-01,2.385408e-01
4.697759e-01,1.337012e-01
3.152815e-01,3.562152e-01
3.670868e-01,3.233144e-01
2.829989e-01,4.500200e-01
4.890909e-01,9.169003e-02
4.399639e-01,1.633599e-01
3.739881e-01,2.509983e-01
4.644649e-01,9.336949e-02
0.000000e+00,9.018710e-01
3.284442e-01,3.287330e-01
3.872381e-01,2.403253e-01
2.971074e-01,4.443131e-01
4.373703e-01,1.264476e-01
3.159624e-01,3.952031e-01
3.761448e-01,3.211981e-01
4.813198e-01,9.769348e-02
3.329751e-01,4.109601e-01
3.353233e-01,3.104292e-01
3.826123e-01,2.563746e-01
4.822612e-01,1.069936e-01
4.441892e-01,1.279175e-01
5.126309e-01,0.000000e+00
2.939489e-01,4.443837e-01
3.082800e-01,3.400136e-01
3.539304e-01,2.955502e-01
3.951763e-01,2.268454e-01
5.083608e-01,7.816020e-02
4.244395e-01,1.955829e-01
1.162825e-01,6.440650e-01
1.629400e-01,6.733428e-01
2.806965e-01,3.889446e-01
4.462846e-01,1.532443e-01
3.372896e-01,3.527378e-01
4.336464e-01,1.656873e-01
3.837682e-01,2.257905e-01
3.078691e-01,4.593045e-01
4.342080e-01,1.590115e-01
3.572578e-01,3.476366e-01
2.073398e-01,5.654523e-01
4.315614e-01,1.655385e-01
5.130130e-01,2.883900e-02
3.829669e-01,2.412886e-01
4.439272e-01,1.929894e-01
3.691119e-01,2.806657e-01
4.905295e-01,9.539033e-02
3.968740e-01,2.191503e-01
4.536240e-01,1.276169e-01
5.127759e-01,1.439309e-02
4.565982e-01,1.583952e-01
4.609312e-01,6.483692e-02
4.093247e-01,2.353189e-01
4.319749e-01,1.789129e-01
3.918429e-01,2.407590e-01
4.067037e-01,1.768200e-01
4.107029e-01,2.323391e-01
3.856320e-01,2.921304e-01
4.500561e-01,1.639872e-01
1.461078e-01,6.232313e-01
4.397926e-01,1.710737e-01
4.575306e-01,1.400216e-01
0.000000e+00,9.269665e-01
4.187600e-01,2.361358e-01
2.106352e-01,5.683509e-01
3.482219e-01,3.552445e-01
3.458229e-01,3.604810e-01
4.673240e-01,1.382922e-01
3.073731e-01,4.615053e-01
2.943913e-01,3.898350e-01
3.504157e-01,2.755179e-01
4.140946e-01,2.073530e-01
4.685105e-01,7.572769e-02
4.890856e-01,2.814236e-02
4.828049e-01,1.032003e-01
4.819990e-01,4.835799e-02
4.640411e-01,1.253422e-01
4.542214e-01,1.124123e-01
4.134809e-01,2.314535e-01
4.345800e-01,1.489240e-01
3.687432e-01,3.010566e-01
5.443128e-01,9.270108e-03
3.763997e-01,2.172224e-01
3.905529e-01,2.495439e-01
5.060529e-01,8.529502e-02
2.648230e-01,4.946481e-01
3.710583e-01,2.325297e-01
4.281410e-01,1.334776e-01
4.048019e-01,2.186754e-01
4.093062e-01,2.572440e-01
4.186538e-01,1.772141e-01
4.974280e-01,5.336108e-02
4.603309e-01,1.110585e-01
4.275716e-01,2.077286e-01
4.296267e-01,2.023555e-01
2.972003e-01,4.071870e-01
4.517841e-01,1.598013e-01
3.265460e-01,3.226987e-01
3.527524e-01,3.132589e-01
0.000000e+00,9.250784e-01
4.241322e-01,1.901365e-01
3.351543e-01,2.773701e-01
2.918497e-01,4.220862e-01
1.927993e-01,5.779703e-01
0.000000e+00,9.325173e-01
3.506626e-01,2.691942e-01
3.948900e-01,2.606135e-01
0.000000e+00,9.230303e-01
3.246430e-01,4.231528e-01
4.550269e-01,1.587352e-01
4.578543e-01,1.475045e-01
2.773363e-01,4.730695e-01
5.099505e-01,5.161406e-02
4.505462e-01,9.145629e-02
3.500619e-01,3.138051e-01
4.737391e-01,9.699938e-02
4.226400e-01,1.773452e-01
3.639021e-01,3.175118e-01
3.533531e-01,2.930179e-01
2.211935e-01,5.937338e-01
5.306637e-01,4.136338e-02
2.604149e-01,4.921030e-01
3.953117e-01,2.810442e-01
1.594833e-01,6.327307e-01
1.089725e-01,7.567608e-01
3.324557e-01,3.424684e-01
3.568815e-01,2.610378e-01
2.441646e-01,5.620275e-01
4.111874e-01,2.066753e-01
4.194657e-01,2.078889e-01
4.745666e-01,6.989835e-02
2.390819e-01,5.284711e-01
4.948102e-01,0.000000e+00
4.684352e-01,9.514683e-02
4.161452e-01,1.800283e-01
2.767128e-01,4.549169e-01
3.666248e-01,2.636931e-01
5.541885e-01,0.000000e+00
3.835110e-01,2.350500e-01
4.148366e-01,1.982375e-01
3.898327e-01,2.475425e-01
2.034335e-01,5.839085e-01
4.703115e-01,7.636365e-02
4.510463e-01,1.731389e-01
3.463335e-01,3.248174e-01
2.682787e-01,4.646672e-01
4.872531e-01,1.328345e-01
5.069882e-01,6.375405e-02
6.635542e-02,8.217338e-01
4.473499e-01,1.318495e-01
2.063984e-01,5.715595e-01
3.900639e-01,1.718678e-01
4.517531e-01,1.988480e-01
3.017007e-01,3.605177e-01
3.331650e-01,3.213837e-01
4.510602e-01,1.582098e-01
2.462820e-01,5.325929e-01
4.308354e-01,1.845149e-01
3.774169e-01,2.442228e-01
3.227302e-01,3.441108e-01
2.489158e-01,5.519737e-01
4.609499e-01,1.128580e-01
4.820744e-01,4.987174e-02
4.046865e-01,2.759957e-01
3.891777e-01,2.840693e-01
3.957306e-01,2.606680e-01
0.000000e+00,9.090525e-01
4.206996e-01,2.080434e-01
3.696379e-01,2.869129e-01
5.106122e-01,3.016666e-02
3.820408e-01,1.789930e-01
0.000000e+00,9.305852e-01
4.707294e-01,1.529065e-01
4.714086e-01,1.091611e-01
4.760830e-01,7.282077e-02
2.182639e-01,5.742978e-01
3.333863e-01,3.269042e-01
3.216310e-01,3.759569e-01
4.856053e-01,9.034912e-02
3.630145e-01,2.939109e-01
3.367102e-01,2.770884e-01
4.363526e-01,2.152701e-01
2.572916e-01,5.223792e-01
4.739575e-01,1.112400e-01
3.030641e-01,3.713736e-01
4.186144e-01,1.999419e-01
2.159070e-01,5.273307e-01
4.471993e-01,1.318041e-01
4.659188e-02,8.023031e-01
5.336264e-01,1.191807e-02
1.768601e-01,6.518639e-01
0.000000e+00,9.310368e-01
5.031940e-01,7.181637e-02
4.073616e-01,2.252924e-01
1.804518e-01,6.068980e-01
3.516299e-01,3.688813e-01
4.193608e-01,2.285380e-01
4.188290e-01,1.360777e-01
5.027810e-01,3.778152e-02
3.736301e-01,2.638611e-01
5.054010e-01,7.108746e-02
2.555277e-01,5.295509e-01
4.814865e-01,1.097999e-01
3.532298e-01,3.617084e-01
5.174992e-01,3.116353e-02
4.878709e-01,0.000000e+00
5.150134e-01,0.000000e+00
4.887896e-01,4.324088e-02
1.751038e-01,6.287423e-01
1.958682e-01,6.306248e-01
3.139008e-01,3.672539e-01
5.199204e-01,1.432750e-02
4.128340e-01,1.376634e-01
0.000000e+00,9.287139e-01
4.718740e-01,8.412307e-02
5.203371e-01,4.215259e-02
4.588594e-01,8.608713e-02
4.746812e-01,1.398487e-01
4.011758e-01,2.239064e-01
4.567378e-01,1.561951e-01
4.413598e-01,1.550383e-01
3.100201e-01,4.270467e-01
5.193978e-01,0.000000e+00
4.844146e-01,9.495627e-02
3.621325e-01,2.084099e-01
2.352839e-01,4.661331e-01
3.722904e-01,2.453025e-01
3.712275e-01,2.321684e-01
3.481346e-01,2.947768e-01
3.121933e-01,3.952626e-01
2.768261e-01,4.569448e-01
3.829739e-01,2.343016e-01
4.930925e-01,1.037691e-01
3.027224e-01,4.343297e-01
2.727084e-01,4.704758e-01
7.826629e-02,5.817046e-01
3.699774e-01,3.240724e-01
4.170104e-01,1.846768e-01
2.537067e-01,5.232987e-01
3.009530e-01,4.025042e-01
4.926656e-01,0.000000e+00
4.890017e-01,1.337100e-01
4.131985e-01,2.131070e-01
3.909706e-01,2.172357e-01
3.351295e-01,3.709613e-01
2.428739e-01,5.421251e-01
4.450253e-01,1.516211e-01
4.612738e-01,7.172338e-02
3.199937e-01,2.962585e-01
3.996766e-01,2.537078e-01
3.984780e-01,2.183310e-01
4.131859e-01,2.019077e-01
4.395572e-01,1.819321e-01
3.057328e-01,4.223128e-01
4.226560e-01,2.209349e-01
4.527899e-01,1.812610e-01
2.313546e-01,5.588537e-01
3.644120e-01,3.140136e-01
5.233413e-01,0.000000e+00
3.811298e-01,1.486615e-01
2.474791e-01,5.405402e-01
4.250799e-01,2.142498e-01
3.542890e-01,2.684739e-01
4.145590e-01,2.264768e-01
4.100222e-01,2.025203e-01
4.784947e-01,7.140159e-02
3.889757e-01,2.234979e-01
3.583926e-01,2.434191e-01
3.749712e-01,2.621145e-01
3.283305e-01,3.262537e-01
3.290265e-01,3.541293e-01
1.041336e-01,7.542125e-01
3.485884e-01,3.176505e-01
4.699127e-01,6.982349e-02
4.883656e-01,5.254613e-02
3.592950e-01,2.845771e-01
3.995817e-01,2.223985e-01
4.161858e-01,1.650840e-01
4.973697e-01,0.000000e+00
3.438783e-01,3.317925e-01
4.579395e-01,1.139452e-01
4.792785e-01,8.523439e-02
0.000000e+00,9.210436e-01
3.722218e-01,3.007335e-01
3.942481e-01,2.551210e-01
4.296002e-01,1.802071e-01
2.765523e-01,4.723783e-01
4.581451e-01,1.406364e-01
3.647946e-01,3.124197e-01
4.462639e-02,8.689838e-01
4.214423e-01,1.814400e-01
4.873722e-01,1.089264e-01
1.152222e-01,6.953373e-01
3.331235e-01,3.151846e-01
2.956017e-01,3.664689e-01
5.042851e-01,3.819170e-02
3.449044e-01,2.670681e-01
1.745160e-01,5.908362e-01
4.723796e-01,1.130272e-01
3.341787e-01,3.962544e-01
3.222571e-01,3.875905e-01
4.458060e-01,1.583503e-01
4.465720e-01,1.691035e-01
4.555414e-01,1.342760e-01
3.841011e-01,2.156845e-01
3.171323e-01,3.964604e-01
4.214733e-01,2.274725e-01
2.401767e-01,5.083602e-01
2.068330e-01,6.075303e-01
3.730946e-01,2.661671e-01
5.152731e-01,2.166377e-02
5.295491e-01,0.000000e+00
2.672691e-01,4.547575e-01
4.117252e-01,2.000048e-01
5.080993e-01,3.978640e-03
3.665773e-01,3.302862e-01
2.269100e-01,5.320595e-01
3.814156e-01,2.779803e-01
4.326493e-01,1.764438e-01
3.818500e-01,2.376182e-01
3.213194e-01,3.606707e-01
3.752619e-01,3.206177e-01
4.877336e-01,1.045098e-01
4.375318e-01,2.017151e-01
2.974037e-01,4.597291e-01
4.387682e-01,1.350627e-01
4.466687e-01,8.429142e-02
3.009297e-01,4.501826e-01
5.320732e-01,1.554910e-02
4.950169e-01,1.217624e-01
4.690118e-01,1.296753e-01
2.318518e-01,5.419905e-01
4.710103e-01,7.957628e-02
4.585615e-01,1.913217e-01
4.903985e-01,1.116648e-01
3.516645e-01,3.175364e-01
5.246639e-01,0.000000e+00
4.053931e-01,1.458491e-01
3.302063e-01,3.491798e-01
5.175119e-01,0.000000e+00
3.180445e-01,2.861579e-01
3.378847e-01,3.601597e-01
3.756017e-01,2.215823e-01
4.673247e-01,1.226143e-01
1.035336e-01,7.554467e-01
5.375253e-01,0.000000e+00
3.471390e-01,3.071684e-01
5.233591e-01,0.000000e+00
4.369276e-01,1.885122e-01
3.154417e-01,3.466928e-01
5.155349e-01,0.000000e+00
3.788806e-01,2.208168e-01
5.291524e-01,0.000000e+00
2.847500e-01,4.477788e-01
4.186706e-01,1.928187e-01
3.710363e-01,2.608631e-01
5.206251e-01,1.639873e-02
4.646110e-01,9.669475e-02
4.039609e-01,1.948474e-01
3.137527e-01,3.530416e-01
7.726464e-02,7.827143e-01
5.269692e-01,4.123606e-02
2.056151e-01,5.958928e-01
4.077229e-01,1.763001e-01
4.074251e-01,1.756769e-01
3.785547e-01,2.739232e-01
3.796794e-01,2.637549e-01
3.921468e-01,2.680657e-01
3.896130e-01,2.984831e-01
2.906081e-01,4.465801e-01
2.077161e-01,6.037662e-01
3.719661e-01,2.455013e-01
4.383592e-01,1.847008e-01
3.446474e-01,3.089895e-01
4.296638e-01,2.359874e-01
3.770350e-01,2.695006e-01
4.246314e-01,1.762459e-01
3.545798e-01,3.508645e-01
3.267451e-01,4.086239e-01
3.646798e-01,2.478056e-01
1.404291e-01,6.015722e-01
4.929885e-01,2.823668e-02
4.554535e-01,1.674715e-01
2.240384e-01,5.273473e-01
5.414663e-01,0.000000e+00
4.183397e-01,2.021703e-01
5.322577e-01,0.000000e+00
3.785349e-01,2.214145e-01
3.480656e-01,3.401858e-01
3.529474e-01,1.997269e-01
3.873306e-01,2.420544e-01
3.267669e-01,4.048465e-01
2.981081e-01,3.841272e-01
9.940982e-02,6.981800e-01
4.610217e-01,7.121677e-02
5.039311e-01,8.593836e-02
4.590716e-01,1.488189e-01
4.301179e-01,1.640569e-01
4.363546e-01,1.741784e-01
2.043138e-01,5.594715e-01
4.921616e-01,4.702253e-02
3.919327e-01,2.255622e-01
2.064358e-01,6.019757e-01
5.465443e-01,8.097257e-03
4.218392e-01,2.259177e-01
3.787276e-01,2.372312e-01
3.261083e-01,3.511761e-01
3.153991e-01,3.488093e-01
0.000000e+00,9.312196e-01
5.379283e-01,2.417030e-04
4.405106e-01,1.698989e-01
4.571744e-01,1.710433e-01
4.996018e-01,9.654386e-02
4.678335e-01,8.792437e-02
3.531642e-01,2.223000e-01
3.486106e-01,3.457051e-01
4.881079e-01,0.000000e+00
4.172282e-01,1.449431e-01
4.739836e-01,5.994423e-02
5.412332e-01,0.000000e+00
4.847182e-01,9.550406e-02
2.802489e-01,4.093215e-01
2.806365e-01,4.788972e-01
4.700143e-01,9.324975e-02
1.071336e-02,8.801913e-01
2.688282e-01,4.699510e-01
2.578129e-01,3.608388e-01
3.057950e-01,3.975948e-01
3.785824e-01,3.048111e-01
3.414859e-01,3.412264e-01
3.590774e-01,2.991621e-01
1.909199e-01,6.180863e-01
4.463421e-01,1.403842e-01
4.807766e-01,1.156422e-01
5.015735e-01,2.173208e-02
3.392918e-01,3.247428e-01
3.127918e-01,4.130297e-01
4.810846e-01,1.058148e-01
1.841290e-01,6.511557e-01
3.884879e-01,2.817009e-01
3.448474e-01,2.641213e-01
2.302112e-01,5.991976e-01
5.244693e-01,7.538189e-02
4.957713e-01,7.097835e-02
4.353169e-01,1.656716e-01
2.364875e-01,5.536092e-01
3.799316e-01,2.768873e-01
4.792934e-01,6.553427e-02
3.256838e-01,3.158120e-01
5.106722e-01,4.855959e-02
2.890239e-01,4.126235e-01
3.443326e-01,2.823787e-01
3.491458e-01,3.150591e-01
4.003006e-01,2.750872e-01
4.405441e-01,1.926212e-01
4.048432e-01,1.913631e-01
0.000000e+00,9.239576e-01
4.084660e-01,2.358420e-01
4.747947e-01,5.387069e-02
2.774162e-01,4.795221e-01
4.932131e-01,1.068904e-01
2.715292e-01,4.469636e-01
4.326051e-01,1.878013e-01
4.583281e-01,1.391592e-01
0.000000e+00,9.063349e-01
4.866412e-01,2.655976e-02
4.170999e-01,2.298310e-01
4.318779e-01,2.054108e-01
9.871345e-03,9.124134e-01
3.987006e-01,2.355574e-01
3.253980e-01,4.126912e-01
4.301578e-01,1.176776e-01
3.790396e-01,2.517450e-01
4.824869e-01,1.240219e-01
4.347038e-01,2.084637e-01
3.871285e-01,2.200107e-01
1.684524e-02,9.127333e-01
3.803084e-01,2.601810e-01
2.000342e-01,5.744037e-01
4.141611e-01,2.178674e-01
4.886446e-01,5.444730e-02
2.553410e-01,4.835284e-01
3.466525e-01,2.725320e-01
5.429018e-01,0.000000e+00
4.534829e-01,1.379098e-01
4.309012e-01,1.623635e-01
2.074016e-01,5.829212e-01
4.900906e-01,0.000000e+00
4.261187e-01,1.658903e-01
5.099612e-01,3.010293e-02
2.885343e-01,4.083523e-01
4.875724e-01,1.324043e-01
2.806696e-01,4.561817e-01
4.364467e-01,2.271118e-01
4.599006e-01,1.294203e-01
2.237395e-01,5.568393e-01
1.368786e-01,6.717728e-01
4.399854e-01,1.476765e-01
3.917225e-01,2.344410e-01
3.741425e-01,2.909938e-01
4.997631e-01,0.000000e+00
4.655754e-01,1.248149e-01
3.445418e-01,3.080094e-01
3.292840e-01,3.040427e-01
3.965485e-01,1.953547e-01
2.640389e-01,4.047682e-01
3.568220e-01,2.858412e-01
4.365636e-01,2.011504e-01
4.987135e-01,7.290372e-02
3.408360e-01,3.335603e-01
2.305141e-01,5.707388e-01
4.680315e-01,8.668013e-02
5.193289e-01,1.005243e-02
0.000000e+00,9.273772e-01
4.105014e-01,1.897693e-01
5.115684e-01,5.168309e-02
4.002536e-01,2.331058e-01
1.814572e-01,6.323425e-01
3.566987e-01,2.697820e-01
4.223739e-01,2.275011e-01
4.423934e-03,9.128148e-01
5.112452e-01,2.390474e-02
4.321173e-01,2.255502e-01
3.243992e-01,3.659355e-01
4.043232e-01,2.470917e-01
4.079482e-01,1.846990e-01
3.864868e-01,2.529994e-01
2.822407e-01,4.216945e-01
4.518487e-01,1.276226e-01
4.712218e-01,1.167348e-01
4.121057e-01,2.012720e-01
4.056485e-01,1.969539e-01
3.903948e-01,3.007700e-01
3.222061e-01,4.046634e-01
4.226361e-01,1.557991e-01
4.696077e-01,1.430635e-01
3.658241e-01,2.761661e-01
3.943749e-01,2.090155e-01
4.034479e-01,2.007226e-01
4.497221e-01,1.453317e-01
4.689535e-01,1.504843e-01
4.842518e-01,7.362015e-02
2.515258e-01,4.929842e-01
5.277164e-01,0.000000e+00
3.069293e-01,4.187677e-01
3.863650e-01,2.905294e-01
3.548678e-01,3.262638e-01
4.779694e-01,1.002466e-01
4.978478e-01,2.756135e-02
4.276556e-01,1.620907e-01
2.310977e-01,4.861756e-01
2.943567e-01,3.727620e-01
4.345731e-01,2.291015e-01
2.002338e-01,6.126097e-01
4.614673e-01,9.972868e-02
3.344203e-01,2.899891e-01
4.623794e-01,7.868962e-02
2.058270e-01,5.719809e-01
4.874268e-01,8.381626e-04
4.424625e-01,1.293024e-01
5.382983e-01,7.427038e-03
3.940736e-01,2.333654e-01
3.448713e-01,3.302640e-01
2.301813e-01,5.591488e-01
4.511433e-01,1.380836e-01
4.335666e-01,1.710455e-01
2.518119e-01,5.043746e-01
3.558890e-01,2.823144e-01
4.958192e-01,4.715789e-02
2.294026e-01,5.629424e-01
3.544767e-01,3.248986e-01
3.387801e-01,3.166587e-01
5.108260e-01,0.000000e+00
3.934150e-01,3.247343e-01
2.798226e-01,4.453801e-01
3.598968e-01,2.854469e-01
4.920592e-01,1.956720e-02
4.144935e-01,1.948174e-01
3.208302e-01,3.568038e-01
5.171962e-01,3.033384e-02
4.212840e-01,2.164317e-01
4.117585e-01,2.010284e-01
4.549657e-01,1.219471e-01
3.220819e-01,4.197620e-01
3.410893e-01,2.142763e-01
4.458449e-01,1.488765e-01
2.523194e-01,5.084498e-01
3.886248e-01,2.327219e-01
3.129456e-01,3.925515e-01
4.620202e-01,1.201845e-01
2.438300e-01,4.942188e-01
3.059463e-01,3.943670e-01
3.926435e-01,2.131323e-01
4.308136e-01,1.863386e-01
2.671625e-01,5.021772e-01
2.294623e-01,4.732730e-01
1.337814e-01,6.951433e-01
3.974980e-01,2.808189e-01
2.250777e-01,5.621216e-01
3.591243e-01,3.124388e-01
2.841971e-01,4.143578e-01
2.720663e-01,5.005964e-01
4.289654e-01,1.962971e-01
3.655379e-01,3.141888e-01
3.338190e-01,3.468433e-01
4.956720e-01,8.623514e-02
4.061344e-01,1.549909e-01
0.000000e+00,9.364250e-01
4.857464e-01,9.149510e-02
3.883543e-01,2.471876e-01
1.380419e-01,5.424772e-01
3.984307e-01,2.048124e-01
3.907914e-01,2.203322e-01
3.583184e-01,3.226547e-01
3.967611e-01,2.460275e-01
3.182042e-01,3.521092e-01
3.995327e-01,2.696780e-01
2.666678e-01,4.556441e-01
2.893414e-01,4.269408e-01
4.752821e-01,1.067854e-01
7.884869e-02,8.174794e-01
3.754907e-01,2.920139e-01
4.469366e-01,8.573904e-02
4.156136e-01,1.899076e-01
4.936372e-01,5.738004e-02
4.551144e-01,6.657610e-02
3.492194e-01,3.381831e-01
4.091710e-01,1.811375e-01
4.607118e-01,1.367491e-01
2.315866e-01,4.901535e-01
5.271440e-01,1.737663e-02
2.775669e-01,4.242883e-01
4.736971e-01,1.115347e-01
4.226088e-01,1.721161e-01
2.574451e-01,5.127194e-01
4.865478e-01,8.238504e-02
4.859148e-01,9.322024e-02
4.529716e-01,9.729954e-02
4.516321e-01,1.307365e-01
4.578534e-01,1.360728e-01
4.105818e-01,2.382544e-01
4.859742e-01,2.932511e-02
3.665679e-01,2.955023e-01
4.036310e-01,1.531796e-01
4.195373e-01,2.007089e-01
3.842036e-01,2.483836e-01
4.844278e-01,9.225180e-02
3.452702e-01,3.029765e-01
3.815058e-01,2.653240e-01
5.475989e-01,0.000000e+00
3.866385e-01,2.664639e-01
3.795680e-01,2.836171e-01
1.679218e-01,5.914948e-01
4.012156e-01,1.700574e-01
0.000000e+00,9.250447e-01
4.925489e-01,0.000000e+00
4.352770e-01,1.801218e-01
4.466698e-01,9.137264e-02
4.004709e-01,2.569642e-01
3.841358e-01,2.671023e-01
3.997759e-01,1.935901e-01
4.203896e-01,2.367581e-01
4.456525e-01,1.329337e-01
2.465895e-01,4.967726e-01
3.212117e-01,4.023139e-01
3.543364e-01,3.349356e-01
2.355204e-01,5.078462e-01
3.367074e-01,4.122055e-01
4.668542e-01,6.442800e-02
4.408388e-01,1.198291e-01
4.432527e-01,1.612137e-01
3.585518e-01,3.120571e-01
3.931866e-01,2.383274e-01
4.784995e-01,9.188438e-02
4.199179e-01,1.965096e-01
3.694301e-01,2.987289e-01
3.775327e-01,3.012453e-01
5.066208e-01,3.419150e-02
3.137791e-01,4.017456e-01
4.459658e-01,1.717710e-01
3.795642e-01,2.129796e-01
1.494843e-01,6.830795e-01
4.851800e-01,6.158717e-02
3.509707e-01,3.322928e-01
5.278180e-01,0.000000e+00
4.885417e-01,1.027362e-01
4.251979e-01,2.123275e-01
4.784038e-01,7.690867e-02
4.411942e-01,1.092088e-01
4.193419e-01,1.636245e-01
4.043315e-01,2.487397e-01
2.258866e-02,8.785199e-01
3.100593e-01,4.203663e-01
4.365069e-01,1.983413e-01
5.242874e-01,9.696554e-03
3.687250e-01,2.912715e-01
5.238237e-01,3.132885e-02
3.386476e-01,3.429437e-01
4.785782e-01,9.214302e-02
2.567907e-01,4.115662e-01
3.635686e-01,3.025154e-01
4.780545e-01,1.152380e-01
3.549727e-01,3.734739e-01
1.813163e-01,6.514096e-01
4.763679e-01,1.356888e-01
2.633690e-01,4.938147e-01
4.416170e-01,1.428573e-01
2.980912e-01,4.780385e-01
3.567452e-01,3.026814e-01
3.834092e-01,2.738774e-01
4.558146e-01,1.139108e-01
3.947618e-01,2.779291e-01
4.516545e-01,1.169775e-01
3.452123e-01,3.489108e-01
3.259614e-01,4.012617e-01
4.711449e-01,1.026649e-01
4.924153e-01,1.268155e-01
5.204243e-01,0.000000e+00
3.954002e-01,2.408286e-01
3.051070e-01,3.917071e-01
3.907479e-01,2.146347e-01
0.000000e+00,9.369717e-01
3.051610e-01,3.328100e-01
5.032774e-01,4.925570e-02
3.895773e-01,3.042523e-01
4.861428e-01,6.511021e-02
2.518653e-01,5.390847e-01
3.598645e-01,2.621715e-01
4.379113e-01,1.398528e-01
3.777615e-01,2.743154e-01
3.993596e-01,2.274530e-01
5.241079e-01,1.325227e-03
2.501521e-01,4.968112e-01
5.274079e-01,0.000000e+00
3.192935e-01,3.577182e-01
3.893148e-01,2.820770e-01
4.338429e-01,1.838766e-01
4.571809e-01,1.051976e-01
4.643792e-01,1.626653e-01
2.688667e-01,5.015829e-01
2.124909e-01,4.822169e-01
4.102650e-01,1.910602e-01
4.121189e-01,1.784968e-01
4.356914e-01,2.072517e-01
2.053302e-01,5.697379e-01
1.391940e-04,9.247362e-01
3.655520e-01,3.083806e-01
3.156504e-01,3.609544e-01
4.406818e-01,1.371959e-01
4.787019e-01,1.318522e-01
0.000000e+00,9.256068e-01
2.326895e-01,5.776841e-01
4.628982e-01,1.190036e-01
4.467911e-01,1.560774e-01
4.805837e-01,8.512204e-02
4.015411e-01,3.226755e-01
4.850971e-01,4.228577e-02
2.173116e-01,6.016005e-01
4.991814e-01,3.332728e-02
1.516830e-01,6.873109e-01
6.315587e-02,8.233260e-01
4.674966e-01,1.919928e-01
4.792889e-01,2.987860e-02
1.310813e-01,6.616906e-01
3.072763e-01,4.691000e-01
5.083755e-01,3.903153e-02
5.034948e-01,2.559866e-02
0.000000e+00,9.310973e-01
4.101526e-01,2.110392e-01
0.000000e+00,9.308680e-01
0.000000e+00,9.293915e-01
5.197296e-01,1.840561e-02
4.715488e-01,1.294710e-01
2.118721e-01,5.169256e-01
3.244737e-01,3.291809e-01
3.311771e-01,3.454242e-01
4.127980e-01,1.373434e-01
2.032346e-01,5.918585e-01
4.877390e-01,1.115848e-01
3.960983e-01,2.725940e-01
4.535501e-01,1.689950e-01
3.888739e-01,2.146486e-01
2.785594e-01,4.512242e-01
4.418212e-01,1.789650e-01
4.059520e-01,1.974491e-01
4.468794e-01,1.332700e-01
4.963577e-01,4.951427e-02
1.723994e-01,6.607321e-01
1.586273e-01,6.953715e-01
3.936848e-01,3.002879e-01
3.657415e-01,3.056752e-01
3.584060e-01,3.274870e-01
1.701308e-01,6.659332e-01
3.633289e-01,2.773311e-01
4.853206e-01,8.824247e-02
4.569091e-01,8.323234e-02
3.691103e-01,3.265208e-01
2.635173e-01,4.576433e-01
3.158952e-01,4.208595e-01
3.368565e-01,3.117970e-01
4.184093e-01,1.522204e-01
4.285582e-01,1.699089e-01
2.155160e-01,6.080454e-01
4.353045e-01,1.670167e-01
4.114170e-01,1.790992e-01
3.796013e-01,3.155745e-01
0.000000e+00,9.252853e-01
4.408577e-01,1.280407e-01
3.787685e-01,2.672373e-01
4.930634e-01,1.549954e-02
4.172216e-01,2.154126e-01
1.522897e-01,5.556779e-01
5.151341e-01,6.616195e-02
4.446471e-01,1.551933e-01
4.554000e-01,1.808436e-01
3.428462e-01,3.321636e-01
3.785020e-01,3.041621e-01
5.041774e-01,4.470858e-02
4.184558e-01,1.698255e-01
3.250545e-01,3.889932e-01
1.869512e-01,6.139317e-01
4.628544e-01,1.328923e-01
4.394997e-01,1.652672e-01
4.354169e-01,2.154349e-01
3.957264e-01,2.596497e-01
5.152602e-01,2.677547e-03
5.150041e-01,6.017628e-02
4.461773e-01,1.066958e-01
3.227668e-01,3.794824e-01
1.201018e-01,7.298920e-01
4.526279e-01,1.840339e-01
4.608875e-01,1.355859e-01
2.683780e-01,4.802320e-01
2.696186e-01,4.611279e-01
4.103460e-01,2.350353e-01
1.389648e-01,7.083210e-01
1.606717e-01,6.712837e-01
4.523929e-01,1.358171e-01
3.811986e-01,2.046551e-01
3.691100e-01,3.522106e-01
3.601436e-01,2.875723e-01
3.371702e-01,3.711880e-01
3.832641e-01,2.561132e-01
1.861743e-01,6.130641e-01
2.528526e-01,4.654268e-01
3.620337e-01,2.464679e-01
4.261936e-01,1.924391e-01
4.414464e-01,1.674523e-01
3.739542e-01,2.666678e-01
2.069243e-01,5.216194e-01
4.530694e-01,1.563360e-01
4.550377e-01,1.338433e-01
3.634683e-01,3.330552e-01
4.223419e-01,2.058803e-01
4.363559e-01,1.597662e-01
4.225352e-01,2.314828e-01
5.085309e-01,0.000000e+00
4.902612e-01,8.950518e-02
4.509883e-01,1.685557e-01
5.048885e-01,3.724234e-02
2.290639e-01,5.435150e-01
4.092743e-01,2.415295e-01
4.132281e-01,2.340357e-01
5.064235e-01,6.497699e-02
3.961689e-01,1.690868e-01
4.617001e-01,1.689870e-01
5.220619e-01,3.642259e-03
4.597220e-01,7.066919e-02
2.871208e-01,4.514860e-01
4.310852e-01,8.761165e-02
4.987085e-01,0.000000e+00
3.892177e-01,2.138063e-01
4.772029e-01,4.474749e-02
5.248923e-01,3.707964e-03
3.186153e-01,3.450802e-01
3.362455e-01,3.399267e-01
4.435694e-01,9.689666e-02
0.000000e+00,9.235201e-01
5.339467e-01,0.000000e+00
3.290481e-01,3.273954e-01
3.319563e-01,2.979032e-01
4.521502e-01,1.355056e-01
3.271138e-01,3.242667e-01
2.498050e-01,5.052640e-01
2.517451e-01,5.099723e-01
4.023996e-01,1.466948e-01
3.685388e-01,2.609551e-01
4.260496e-01,1.885667e-01
3.807592e-01,2.714643e-01
4.399230e-01,2.299515e-01
4.318040e-01,1.484521e-01
4.463232e-01,1.196795e-01
3.937660e-01,2.022252e-01
0.000000e+00,9.332271e-01
4.455424e-01,1.267565e-01
4.442485e-01,1.911379e-01
3.736724e-01,2.835667e-01
0.000000e+00,9.299222e-01
4.397690e-01,2.015122e-01
3.523101e-01,3.652007e-01
5.188436e-01,0.000000e+00
3.638945e-01,3.416758e-01
3.623328e-01,3.245738e-01
9.149368e-03,9.064600e-01
3.877138e-01,1.740652e-01
5.245773e-01,5.832943e-02
1.709593e-01,5.762422e-01
4.988944e-01,3.412822e-02
3.815861e-01,2.495211e-01
3.975712e-01,2.420830e-01
2.243356e-01,5.829548e-01
4.697763e-01,6.643073e-02
3.345983e-01,2.886773e-01
4.688134e-01,8.338878e-02
4.771094e-01,1.070276e-01
3.837410e-01,2.960360e-01
3.756681e-01,2.204812e-01
3.983531e-01,2.128713e-01
4.251125e-01,1.856577e-01
5.283343e-01,1.508136e-02
4.931600e-01,5.276377e-02
3.364241e-01,3.298939e-01
4.585810e-01,1.720814e-01
3.044171e-01,4.300230e-01
4.443251e-01,1.839792e-01
4.187244e-01,2.318380e-01
1.532877e-01,6.948298e-01
3.515101e-01,2.883081e-01
4.113216e-01,1.459101e-01
4.392437e-01,1.445186e-01
2.305339e-01,5.539529e-01
3.465009e-01,3.118185e-01
4.763926e-01,7.660511e-02
2.653370e-01,4.844382e-01
2.625165e-01,4.633201e-01
4.408255e-01,1.748373e-01
4.066831e-01,2.350581e-01
4.863421e-01,6.105175e-02
1.119641e-01,7.078926e-01
4.241075e-01,1.915792e-01
4.676957e-01,1.354022e-01
5.078372e-01,0.000000e+00
4.167398e-01,1.998750e-01
3.820099e-01,2.471900e-01
9.208013e-03,9.062126e-01
3.675586e-01,2.537662e-01
3.188698e-01,3.924707e-01
5.129911e-01,2.629069e-02
4.454848e-01,1.961192e-01
2.996606e-01,4.283283e-01
0.000000e+00,9.210285e-01
4.889042e-01,3.265889e-02
3.795478e-01,2.693963e-01
1.680863e-01,6.260288e-01
3.663625e-01,2.626231e-01
3.331041e-01,3.059085e-01
2.912311e-01,3.828815e-01
4.083544e-01,2.322600e-01
5.386264e-01,1.352469e-02
4.176014e-01,1.990362e-01
3.023908e-01,4.126074e-01
3.546810e-01,3.329818e-01
4.614357e-01,1.452646e-01
4.950145e-01,1.079511e-01
0.000000e+00,9.251166e-01
2.726560e-01,4.906814e-01
5.055056e-01,8.373164e-02
3.812557e-01,2.200699e-01
5.229893e-01,0.000000e+00
4.006477e-01,1.605450e-01
3.814867e-01,2.492365e-01
3.567020e-01,2.284982e-01
4.921979e-01,6.980112e-02
4.804652e-01,9.228149e-02
3.991572e-01,2.593470e-01
3.684885e-01,2.761697e-01
4.462477e-01,1.445703e-01
3.112208e-01,4.637079e-01
4.409685e-01,2.011891e-01
3.235691e-01,3.756075e-01
3.368630e-01,3.405001e-01
4.839719e-01,5.513011e-02
4.322684e-01,1.625037e-01
3.780619e-01,2.583852e-01
4.876976e-01,1.158081e-01
4.340768e-01,1.377042e-01
4.460417e-01,1.972008e-01
4.789652e-01,1.015529e-01
2.709609e-01,5.106734e-01
4.726776e-01,1.441698e-01
4.337644e-01,1.833667e-01
4.675362e-01,5.606541e-02
3.994351e-01,2.161858e-01
0.000000e+00,9.168266e-01
1.543647e-01,6.320693e-01
3.566323e-01,3.916530e-01
4.657415e-01,1.275556e-01
5.144548e-01,3.990209e-02
4.101261e-01,2.007642e-01
1.222940e-01,7.267267e-01
0.000000e+00,9.254397e-01
4.083040e-01,1.905483e-01
7.617098e-03,9.213131e-01
2.641182e-01,5.078815e-01
4.053635e-01,2.036546e-01
3.915753e-01,2.624152e-01
3.637314e-01,2.944771e-01
4.263074e-01,1.388920e-01
4.078629e-01,1.859385e-01
3.901740e-01,2.925017e-01
4.273804e-01,1.460159e-01
1.683490e-01,6.310498e-01
1.221458e-01,6.553820e-01
4.050585e-01,2.644485e-01
4.103788e-01,2.102116e-01
4.412917e-01,1.185771e-01
4.618139e-01,1.008317e-01
4.268300e-01,1.890586e-01
4.113953e-01,2.492706e-01
5.247017e-01,0.000000e+00
4.268043e-01,1.859244e-01
2.411059e-02,8.866560e-01
5.150898e-01,4.308236e-03
3.698586e-01,2.610464e-01
3.898206e-01,2.472507e-01
5.011347e-01,0.000000e+00
4.037477e-01,2.442311e-01
3.351379e-01,3.287752e-01
5.200190e-01,3.467495e-02
3.313954e-01,3.880956e-01
3.308463e-01,3.506740e-01
4.113018e-01,2.269690e-01
4.145022e-01,1.864690e-01
2.405721e-01,5.685408e-01
4.863102e-01,6.875194e-02
2.320174e-01,5.416082e-01
3.337146e-01,4.144607e-01
2.840933e-01,3.595146e-01
3.697564e-01,2.406116e-01
4.963253e-01,9.061691e-02
4.084568e-01,2.625334e-01
4.370446e-01,1.538012e-01
3.816100e-01,2.498599e-01
3.768245e-01,2.801337e-01
2.154977e-01,5.696582e-01
3.763144e-01,3.182086e-01
2.216076e-01,5.486481e-01
2.871379e-01,4.128205e-01
2.117239e-01,5.390935e-01
5.014782e-01,3.745573e-02
5.252680e-01,4.027461e-02
3.617232e-01,3.314620e-01
3.501195e-01,3.228979e-01
3.728921e-01,2.355401e-01
3.701281e-01,2.478601e-01
3.395530e-01,3.301547e-01
3.877824e-01,2.466545e-01
3.725529e-01,2.490940e-01
3.364677e-01,3.379635e-01
0.000000e+00,9.373018e-01
3.542512e-01,3.013793e-01
3.090993e-01,3.931521e-01
5.294427e-01,4.782147e-03
5.416860e-01,0.000000e+00
3.208276e-01,3.786634e-01
4.868721e-01,6.457771e-02
2.960226e-01,4.685749e-01
4.960564e-01,3.774562e-02
3.847847e-01,2.806118e-01
4.662445e-01,1.176662e-01
4.273392e-01,2.167517e-01
2.835738e-01,4.446317e-01
3.498289e-01,2.966657e-01
5.120335e-01,3.689633e-02
2.617493e-01,4.626449e-01
3.525032e-01,2.926000e-01
4.792188e-01,8.354821e-02
2.056314e-01,5.541112e-01
2.256858e-01,5.309582e-01
3.974542e-01,2.695920e-01
3.735358e-01,2.723384e-01
4.365183e-01,2.023373e-01
4.826243e-01,1.377003e-01
5.054768e-01,0.000000e+00
3.440184e-01,3.586258e-01
0.000000e+00,9.221944e-01
3.459230e-01,2.644884e-01
3.906579e-01,2.142741e-01
3.679630e-01,3.327977e-01
4.211800e-01,1.630346e-01
3.522507e-01,3.091430e-01
5.374517e-01,0.000000e+00
5.157686e-01,2.965085e-02
0.000000e+00,9.204580e-01
3.901075e-01,2.632935e-01
4.516547e-01,1.588826e-01
4.489463e-01,1.479950e-01
3.243242e-01,3.286635e-01
3.045154e-01,4.586359e-01
3.999873e-01,2.591798e-01
3.814823e-01,2.651903e-01
3.370583e-01,3.237611e-01
2.616751e-01,4.361226e-01
4.805158e-01,7.541244e-02
4.906100e-01,7.627584e-02
2.262139e-01,4.657449e-01
2.966837e-01,4.082481e-01
4.937912e-01,3.886597e-02
2.999770e-01,4.222574e-01
5.015327e-01,5.081633e-02
0.000000e+00,9.276549e-01
5.019738e-01,0.000000e+00
3.920905e-02,8.716655e-01
4.695245e-01,8.692031e-02
4.273086e-01,2.324916e-01
4.751509e-01,1.315301e-01
4.471256e-01,2.308865e-01
4.309685e-01,2.068293e-01
0.000000e+00,9.364431e-01
4.403734e-01,1.565522e-01
3.803016e-01,2.643728e-01
5.217390e-01,3.609930e-02
2.281808e-01,5.545841e-01
5.056803e-01,3.801315e-02
2.797396e-01,4.645169e-01
5.313963e-01,0.000000e+00
5.291180e-01,0.000000e+00
3.408116e-01,3.145204e-01
6.225584e-02,8.418624e-01
3.515002e-01,3.338897e-01
2.280649e-01,5.291300e-01
1.764187e-01,5.882800e-01
4.109251e-01,1.909285e-01
5.343420e-01,0.000000e+00
4.345222e-01,1.809765e-01
1.542281e-02,7.652492e-01
3.727731e-01,2.541429e-01
4.448215e-01,1.447602e-01
4.116425e-01,2.113937e-01
3.483671e-01,3.801397e-01
3.892136e-01,2.654464e-01
3.193491e-01,4.249454e-01
3.797055e-01,2.717710e-01
3.858306e-01,2.604134e-01
3.675285e-01,3.212137e-01
5.171966e-01,5.802946e-02
4.624390e-01,1.104568e-01
4.338291e-01,2.004872e-01
3.132867e-01,3.640598e-01
4.322915e-01,1.513477e-01
3.409989e-01,3.737469e-01
4.890078e-01,2.030675e-02
4.065405e-01,2.234066e-01
3.362561e-01,3.811222e-01
4.690025e-01,1.281161e-01
4.983039e-01,0.000000e+00
3.625521e-01,2.296704e-01
3.081332e-01,4.155281e-01
1.464376e-01,6.602051e-01
4.270581e-01,2.356196e-01
0.000000e+00,9.425779e-01
4.921509e-01,0.000000e+00
2.142937e-01,5.785269e-01
2.990205e-01,4.398671e-01
2.583217e-01,5.028676e-01
3.497093e-01,3.559228e-01
2.061652e-01,5.408127e-01
3.965158e-01,2.561211e-01
2.432715e-01,4.941636e-01
3.994683e-01,2.603652e-01
4.160727e-01,1.899859e-01
3.681232e-01,2.904108e-01
4.206573e-01,2.132221e-01
0.000000e+00,9.293692e-01
4.686151e-01,1.098595e-01
4.516545e-01,1.430895e-01
3.851230e-01,2.652919e-01
2.368511e-01,4.711978e-01
4.642030e-01,1.124454e-01
2.814404e-01,4.096550e-01
3.353074e-01,3.556157e-01
3.449555e-01,3.245478e-01
4.853904e-01,4.934512e-02
4.671956e-01,6.964138e-02
4.245725e-01,1.940561e-01
4.805726e-01,7.058322e-02
3.565680e-01,2.825791e-01
4.187265e-01,1.737039e-01
4.781120e-01,1.338315e-01
4.445354e-01,1.553001e-01
3.696692e-01,2.636736e-01
2.927549e-01,4.344689e-01
3.606786e-01,3.520316e-01
3.937370e-01,2.250479e-01
4.406814e-01,1.911715e-01
2.934432e-01,4.452857e-01
3.770492e-01,2.581415e-01
3.184467e-01,4.308544e-01
2.242241e-01,5.677372e-01
3.602171e-01,3.292529e-01
3.445207e-01,2.910668e-01
3.614192e-01,2.944907e-01
3.221257e-01,3.369406e-01
3.067031e-01,4.306420e-01
3.271360e-01,3.573732e-01
3.440629e-01,3.129175e-01
4.513059e-01,1.340072e-01
3.089936e-01,4.216863e-01
4.057608e-01,2.742307e-01
4.280304e-01,1.802475e-01
4.398512e-01,1.502068e-01
4.955518e-01,2.800336e-02
9.309436e-02,8.096719e-01
3.492978e-01,3.822992e-01
3.847520e-01,2.357736e-01
3.393630e-01,3.500354e-01
4.087938e-01,2.617529e-01
3.723267e-01,2.920671e-01
4.387822e-01,1.713782e-01
3.922848e-01,2.140049e-01
5.057409e-01,4.998661e-02
4.051563e-01,1.817757e-01
2.105760e-01,5.189465e-01
2.206249e-01,5.196102e-01
4.933998e-01,3.290116e-03
4.993198e-01,0.000000e+00
4.984564e-01,0.000000e+00
4.432799e-01,8.468000e-02
4.383401e-01,1.787644e-01
4.429710e-01,1.578653e-01
3.513719e-01,2.956717e-01
3.327638e-01,3.951937e-01
5.270501e-01,3.315104e-03
5.090507e-01,8.947909e-02
4.406645e-01,1.409348e-01
2.743920e-01,4.414764e-01
1.194246e-01,7.492015e-01
4.295228e-01,1.661246e-01
4.344329e-01,1.778263e-01
5.139288e-01,5.238290e-02
3.913768e-01,2.329446e-01
3.475860e-01,2.853631e-01
3.438550e-01,3.390778e-01
3.004893e-01,4.318660e-01
4.786040e-01,8.813748e-02
3.113212e-01,4.122012e-01
4.118902e-01,2.220553e-01
3.985931e-01,2.198825e-01
4.295832e-01,1.970255e-01
5.235125e-01,6.539906e-02
1.807215e-01,6.345895e-01
2.797041e-01,4.268084e-01
4.102793e-01,2.319163e-01
4.404206e-01,2.007637e-01
2.966250e-01,3.893722e-01
3.307607e-01,3.535039e-01
4.112912e-01,2.718258e-01
4.667472e-01,1.318984e-01
4.168174e-01,2.125792e-01
5.108917e-01,9.016374e-02
4.349181e-01,1.620363e-01
3.618029e-01,2.878578e-01
2.923711e-01,4.393668e-01
4.914581e-01,3.960369e-02
4.049257e-01,1.623599e-01
4.639197e-01,1.175481e-01
4.064846e-01,1.799508e-01
3.474057e-01,3.534944e-01
3.780557e-01,2.986941e-01
3.716856e-01,3.351867e-01
4.859690e-01,8.086614e-02
4.368024e-01,1.375056e-01
5.166771e-01,0.000000e+00
3.398990e-01,3.862415e-01
3.721477e-01,3.376088e-01
4.574587e-01,5.626270e-02
4.206916e-01,1.756612e-01
3.669923e-01,1.888188e-01
0.000000e+00,9.225238e-01
3.939074e-01,2.422215e-01
3.533543e-01,2.897879e-01
3.611888e-01,2.196717e-01
4.167534e-01,2.055531e-01
2.780227e-01,4.837762e-01
4.690189e-01,7.048010e-02
4.237088e-01,2.413984e-01
3.756714e-01,2.529121e-01
2.957225e-01,4.279359e-01
4.423035e-01,1.789037e-01
3.075814e-01,3.949976e-01
4.496159e-01,1.232459e-01
4.486241e-01,1.076224e-01
4.621522e-01,1.304321e-01
2.910601e-01,4.792806e-01
4.030031e-01,2.567300e-01
4.216669e-01,2.428049e-01
0.000000e+00,9.322776e-01
4.308772e-01,1.657612e-01
0.000000e+00,9.225583e-01
5.166909e-01,0.000000e+00
4.153272e-01,2.260958e-01
5.280795e-01,0.000000e+00
3.992658e-01,2.336178e-01
4.747722e-01,1.229014e-01
4.517754e-01,1.721258e-01
3.537688e-01,3.866346e-01
4.713793e-01,1.065551e-01
4.222334e-01,2.177519e-01
3.657072e-01,2.783872e-01
1.952727e-01,5.097169e-01
4.274556e-01,1.828461e-01
4.196810e-01,1.527634e-01
4.002741e-01,2.659964e-01
4.068716e-01,2.372817e-01
4.497122e-01,1.242209e-01
3.938972e-01,2.552038e-01
0.000000e+00,9.295781e-01
3.429334e-01,2.915047e-01
4.409304e-01,1.529415e-01
3.394092e-01,3.912290e-01
4.414916e-01,1.526581e-01
4.403321e-01,1.662365e-01
3.749753e-01,3.400323e-01
5.179703e-01,0.000000e+00
3.383818e-01,3.100023e-01
4.471500e-01,1.567910e-01
4.645688e-01,1.203717e-01
3.170248e-01,3.223918e-01
3.260221e-01,2.952579e-01
5.168409e-01,7.620312e-03
4.500540e-01,8.590767e-02
3.605845e-01,3.730965e-01
3.146742e-01,4.029050e-01
4.900496e-01,4.737513e-02
5.168361e-01,0.000000e+00
3.774576e-01,2.525242e-01
4.880244e-01,7.303414e-02
4.434178e-01,1.744386e-01
2.915550e-01,4.519200e-01
4.668043e-01,1.193188e-01
3.403304e-01,3.684025e-01
3.660368e-01,2.956196e-01
4.653635e-01,1.137908e-01
3.875018e-01,2.583935e-01
3.237199e-01,3.732043e-01
1.340700e-01,6.477341e-01
4.095103e-01,2.285542e-01
3.192284e-01,3.909378e-01
3.389989e-01,3.499610e-01
3.396091e-01,3.538261e-01
2.996981e-01,3.346087e-01
4.167321e-01,1.871777e-01
4.189017e-01,1.798022e-01
3.284237e-01,3.510110e-01
3.665836e-01,3.191321e-01
0.000000e+00,8.828507e-01
3.449058e-01,3.392788e-01
4.035893e-01,2.385088e-01
4.571497e-01,1.252315e-01
3.647109e-01,3.227964e-01
3.448152e-01,3.560005e-01
3.859274e-01,2.825819e-01
4.113512e-01,1.867290e-01
3.716142e-01,2.258035e-01
3.326176e-01,3.783931e-01
2.142702e-01,5.297469e-01
3.943732e-01,2.806167e-01
4.956527e-01,5.635862e-02
3.783187e-01,2.812912e-01
3.445877e-01,3.071437e-01
4.000919e-01,9.106585e-02
3.282204e-01,3.581481e-01
1.492326e-01,6.505991e-01
5.183560e-01,0.000000e+00
0.000000e+00,9.226313e-01
5.282955e-01,0.000000e+00
3.916051e-01,2.666690e-01
3.489678e-01,2.833895e-01
1.392798e-01,6.742467e-01
4.458274e-01,1.483789e-01
4.395103e-01,1.650656e-01
3.345443e-01,3.409806e-01
5.163002e-01,0.000000e+00
4.276346e-01,2.274262e-01
3.364192e-01,3.001269e-01
4.063107e-01,2.763780e-01
3.917263e-01,2.266564e-01
4.472151e-01,1.382209e-01
7.161486e-02,8.133357e-01
4.324115e-01,1.916003e-01
4.978223e-01,4.716004e-02
4.384851e-01,1.249193e-01
4.444495e-01,1.120300e-01
4.804796e-01,6.446571e-02
4.014902e-01,2.039697e-01
3.503828e-01,3.961432e-01
3.404939e-01,3.651028e-01
3.296151e-01,4.075935e-01
3.243743e-01,3.861410e-01
3.558029e-01,2.523817e-01
0.000000e+00,9.380462e-01
3.205985e-01,3.875026e-01
3.961176e-01,1.736060e-01
4.673515e-01,5.418467e-02
0.000000e+00,9.196292e-01
2.339513e-01,5.376901e-01
4.786028e-01,1.527389e-01
0.000000e+00,9.334919e-01
4.162312e-01,2.165278e-01
3.806523e-01,2.584212e-01
4.069988e-01,2.105486e-01
5.197770e-01,0.000000e+00
3.554793e-01,2.713410e-01
3.955512e-01,2.093116e-01
4.801132e-01,1.155399e-01
4.470821e-01,1.366294e-01
4.934448e-01,6.910355e-02
4.960348e-01,5.374031e-02
4.991110e-01,5.478257e-02
4.876289e-01,7.391674e-02
2.532322e-01,5.282229e-01
3.846457e-01,2.299957e-01
4.816785e-01,8.448259e-02
3.780001e-01,1.719076e-01
4.989849e-01,5.885440e-02
4.334265e-01,1.500037e-01
4.776234e-01,5.546976e-02
4.177136e-01,1.924249e-01
4.510186e-01,1.108452e-01
0.000000e+00,9.085982e-01
5.090498e-01,3.111968e-02
4.942745e-01,0.000000e+00
4.188559e-01,1.656340e-01
0.000000e+00,9.186398e-01
4.140869e-01,2.036724e-01
4.925659e-01,9.472470e-02
3.753631e-01,2.324626e-01
3.434138e-01,3.085799e-01
4.212093e-01,1.352492e-01
4.465912e-01,1.471455e-01
0.000000e+00,7.496188e-01
4.690729e-01,1.631484e-01
4.622044e-01,7.479140e-02
5.017333e-01,4.760688e-02
5.290227e-01,2.153733e-02
3.754554e-01,3.168996e-01
3.429622e-01,3.365425e-01
4.993481e-01,9.294045e-02
4.083232e-01,2.370747e-01
4.698585e-01,1.240892e-01
3.699573e-01,2.536898e-01
1.801909e-01,6.136619e-01
3.986690e-01,2.582920e-01
3.336407e-01,4.013811e-01
2.305974e-01,4.899313e-01
4.430244e-01,1.943424e-01
4.784283e-01,8.594569e-02
3.619702e-01,2.916044e-01
3.125137e-01,3.482763e-01
3.860387e-01,2.936261e-01
4.895760e-01,5.884260e-02
5.288231e-01,0.000000e+00
5.138150e-01,0.000000e+00
3.642966e-01,3.385445e-01
4.057342e-01,2.304297e-01
4.814209e-01,1.251149e-01
3.631211e-01,2.735604e-01
3.185118e-01,4.017146e-01
3.963010e-01,2.431831e-01
4.661680e-01,1.050209e-01
3.614419e-01,3.324869e-01
1.212923e-01,6.738579e-01
4.122820e-01,1.919605e-01
3.783046e-01,3.102025e-01
4.071585e-01,1.968228e-01
4.695910e-01,7.164845e-02
2.370442e-01,5.656578e-01
3.432368e-01,2.978242e-01
5.063243e-01,0.000000e+00
3.289241e-01,4.233644e-01
5.031110e-01,8.206897e-03
3.182922e-01,3.793475e-01
4.426648e-01,1.688644e-01
3.853524e-01,2.281322e-01
2.840018e-01,3.884878e-01
4.488100e-01,1.325948e-01
3.716093e-01,2.492569e-01
4.759860e-01,4.135445e-02
3.169616e-01,4.009361e-01
3.720231e-01,2.912534e-01
4.512195e-01,8.636262e-02
3.541669e-01,2.811827e-01
4.255393e-01,1.241541e-01
5.052512e-01,0.000000e+00
3.838062e-01,2.850102e-01
3.626373e-01,2.735916e-01
5.339374e-01,0.000000e+00
2.683697e-01,4.966962e-01
4.817593e-01,4.389044e-02
3.739118e-01,2.635208e-01
5.206062e-01,0.000000e+00
3.654080e-01,3.145467e-01
3.616326e-01,3.365619e-01
4.494086e-01,1.790953e-01
3.633195e-01,3.664051e-01
1.147313e-01,7.732048e-01
4.864908e-01,7.829660e-02
3.641699e-01,3.123448e-01
2.876541e-01,3.924993e-01
3.360768e-01,3.661121e-01
4.298230e-01,1.799070e-01
4.768554e-01,8.943933e-02
4.287567e-01,1.874427e-01
5.087747e-01,4.363043e-02
4.592285e-01,1.492148e-01
4.727837e-01,1.433100e-01
3.214575e-01,3.483220e-01
4.745903e-01,1.207855e-01
4.091402e-01,1.910783e-01
2.532326e-01,5.349868e-01
3.667225e-01,3.111713e-01
5.011237e-01,7.667449e-02
4.935186e-01,6.880819e-02
4.884592e-01,0.000000e+00
4.550712e-01,1.332136e-01
3.252751e-01,3.842700e-01
3.977323e-01,2.694316e-01
4.894896e-01,6.418517e-02
4.400546e-01,1.840201e-01
2.601859e-01,4.944880e-01
4.949923e-01,6.839613e-02
3.872100e-01,2.907965e-01
3.714472e-01,2.596896e-01
4.455964e-01,1.751402e-01
3.331312e-01,3.751984e-01
4.265931e-01,1.704263e-01
4.763329e-01,1.046124e-01
1.101294e-01,6.205619e-01
1.634531e-01,6.116719e-01
3.489683e-01,3.591449e-01
3.470892e-01,2.827579e-01
2.773619e-01,1.684731e-01
4.151155e-01,2.597107e-01
4.443573e-01,1.851499e-01
3.933053e-01,2.204763e-01
4.533045e-01,1.168033e-01
2.989467e-01,4.413910e-01
2.438469e-01,4.943501e-01
5.044053e-01,1.670489e-02
3.240289e-01,3.893136e-01
4.666655e-01,1.035655e-01
4.511309e-01,1.191993e-01
2.031261e-01,5.968073e-01
3.390760e-01,3.414704e-01
4.290489e-01,1.778708e-01
4.538351e-01,1.407504e-01
4.654181e-01,1.323499e-01
3.631002e-01,2.956375e-01
5.369297e-01,0.000000e+00
4.555954e-01,1.388904e-01
4.642652e-01,9.868946e-02
4.933300e-01,4.102019e-02
3.007245e-01,4.475602e-01
4.556702e-01,1.416032e-01
4.276827e-01,1.991855e-01
4.190222e-01,1.934506e-01
5.164111e-01,2.077931e-03
4.338802e-01,1.844908e-01
3.638633e-01,2.938658e-01
2.909400e-01,3.785982e-01
4.002274e-01,2.800562e-01
3.451025e-01,3.238949e-01
2.498688e-01,5.236857e-01
4.001969e-01,2.220988e-01
2.356702e-01,4.710184e-01
3.510483e-01,3.665347e-01
4.572620e-01,1.158533e-01
4.265962e-01,2.169349e-01
1.634463e-01,6.789304e-01
4.427655e-01,1.510131e-01
4.385182e-01,1.654455e-01
4.321193e-01,1.760095e-01
5.393904e-01,8.134939e-03
5.009704e-01,0.000000e+00
3.900949e-01,2.432616e-01
3.488187e-01,2.968471e-01
3.021785e-01,4.197548e-01
2.990549e-01,3.740151e-01
4.646734e-01,1.009235e-01
5.020798e-01,6.122536e-02
4.558919e-01,1.690041e-01
4.372733e-01,2.024807e-01
4.280553e-01,1.266743e-01
4.744759e-01,1.255682e-01
4.703069e-01,9.160812e-02
3.141160e-01,4.046596e-01
1.396002e-01,6.735659e-01
3.756142e-01,2.636728e-01
4.649336e-01,1.158554e-01
2.505759e-02,8.229441e-01
4.432624e-01,1.223294e-01
7.884920e-02,7.992276e-01
4.258082e-01,1.703917e-01
4.921242e-01,1.120540e-01
4.160505e-01,2.185932e-01
4.123674e-01,1.691172e-01
4.495045e-01,1.318709e-01
2.422154e-01,5.071043e-01
4.546164e-01,8.220283e-02
4.016534e-01,1.802139e-01
5.232877e-01,2.671697e-02
4.393959e-01,2.064933e-01
3.791549e-01,2.551969e-01
4.572632e-01,8.521213e-02
4.688820e-01,6.202444e-02
3.472733e-01,3.355231e-01
2.904964e-01,4.146562e-01
3.792913e-01,2.660125e-01
3.681386e-01,2.605554e-01
3.873189e-01,2.616537e-01
5.014014e-01,6.584268e-02
4.202873e-01,2.113831e-01
4.550435e-01,1.334967e-01
2.835640e-01,4.796247e-01
5.187246e-01,3.736102e-02
3.233410e-01,4.043364e-01
4.487954e-01,1.430633e-01
3.315321e-01,3.502801e-01
3.715144e-01,2.713863e-01
3.918875e-01,2.361761e-01
5.271470e-01,0.000000e+00
2.532314e-01,5.112214e-01
4.341667e-01,1.918525e-01
7.564618e-02,8.004757e-01
4.319072e-01,1.428699e-01
3.558737e-01,3.035940e-01
5.137945e-01,2.680343e-02
3.885746e-01,2.426415e-01
2.987848e-01,3.171322e-01
4.422318e-01,1.482000e-01
4.634164e-01,9.934552e-02
3.995101e-01,2.654241e-01
5.007567e-01,5.242970e-02
3.969722e-01,2.075401e-01
4.315397e-01,1.863816e-01
4.513129e-01,1.466755e-01
3.926394e-01,2.290316e-01
4.335798e-01,1.779706e-01
1.438770e-01,6.707284e-01
3.373354e-01,3.265890e-01
4.273582e-01,1.492276e-01
4.464607e-01,8.601732e-02
4.286000e-01,2.201274e-01
3.243749e-01,3.589264e-01
4.927417e-01,1.033993e-01
4.226860e-01,2.014679e-01
3.783490e-01,2.318323e-01
2.129418e-01,5.705405e-01
3.398633e-01,3.420806e-01
3.877258e-01,3.337059e-01
4.181310e-01,2.383602e-01
3.937277e-01,2.321576e-01
4.458687e-01,1.511284e-01
3.993601e-01,2.282630e-01
3.906868e-01,1.932530e-01
4.498479e-01,1.342775e-01
3.002538e-01,3.638004e-01
4.047271e-01,1.824086e-01
3.628002e-01,3.105418e-01
3.957192e-01,1.806503e-01
0.000000e+00,8.530732e-01
3.332840e-01,3.367150e-01
4.695108e-01,1.007645e-01
3.391991e-01,3.573759e-01
4.478713e-01,1.072447e-01
4.612333e-01,8.675936e-02
3.807041e-01,2.548428e-01
2.087852e-01,5.913812e-01
4.445256e-01,1.410072e-01
3.229855e-01,3.648796e-01
3.359200e-01,3.355222e-01
3.913368e-01,2.509806e-01
4.932147e-01,0.000000e+00
3.737617e-01,3.073790e-01
3.929542e-01,2.351358e-01
3.297557e-01,3.678518e-01
4.929293e-01,5.634036e-02
4.884799e-01,7.047902e-02
4.270602e-01,1.476913e-01
3.083997e-01,4.201018e-01
3.819601e-01,2.614585e-01
4.700473e-01,1.050350e-01
3.360199e-01,3.374723e-01
4.108234e-01,2.419780e-01
2.097544e-01,5.705198e-01
3.018502e-01,4.028322e-01
4.462253e-01,1.052401e-01
3.632865e-01,2.991578e-01
5.152983e-01,0.000000e+00
1.185994e-01,7.425209e-01
4.714152e-01,6.271108e-02
2.420416e-01,5.244721e-01
3.715975e-01,3.062159e-01
3.260570e-01,3.872634e-01
0.000000e+00,9.322808e-01
3.985467e-01,2.224401e-01
4.144090e-01,2.562232e-01
4.427282e-01,1.317513e-01
4.423023e-01,9.847171e-02
3.833240e-01,2.168435e-01
4.011651e-01,2.368377e-01
3.599930e-01,2.169008e-01
3.358604e-01,3.242130e-01
3.078431e-01,4.083839e-01
2.504383e-01,5.231030e-01
3.020318e-01,3.931629e-01
4.141389e-01,1.941242e-01
4.881648e-01,4.839248e-02
4.628739e-01,9.468438e-02
0.000000e+00,9.016488e-01
4.622951e-01,7.517329e-02
2.890199e-01,4.047125e-01
4.258765e-01,2.090772e-01
2.008570e-01,6.164011e-01
4.555049e-01,1.675944e-01
3.325270e-01,3.434001e-01
2.880119e-01,3.800933e-01
4.244192e-01,1.914311e-01
3.155868e-01,3.797533e-01
5.135188e-01,0.000000e+00
3.059358e-01,3.706137e-01
3.662837e-01,2.376317e-01
0.000000e+00,9.255767e-01
4.311985e-01,1.307162e-01
1.147265e-02,8.952609e-01
4.338573e-01,1.444244e-01
4.463425e-01,1.362602e-01
4.447325e-01,1.608515e-01
4.082293e-01,2.313784e-01
2.622738e-01,4.147008e-01
4.868383e-01,1.031490e-01
3.411579e-01,3.545700e-01
5.220474e-01,0.000000e+00
4.937884e-01,4.954973e-02
5.291517e-01,0.000000e+00
3.798122e-01,2.751343e-01
4.482798e-01,2.161850e-01
4.424282e-01,1.259681e-01
4.913321e-01,4.443940e-02
4.758454e-01,9.234634e-02
3.202582e-01,3.364801e-01
4.101907e-01,1.781484e-01
3.620009e-01,3.682769e-01
3.288521e-01,3.328123e-01
3.208111e-01,3.568736e-01
4.247299e-01,1.578309e-01
4.377923e-01,1.751921e-01
3.758856e-01,3.342933e-01
4.360217e-01,1.920417e-01
1.689621e-01,6.733458e-01
5.050943e-01,1.082944e-01
3.855176e-01,2.890633e-01
2.964900e-01,4.508394e-01
3.562160e-01,2.965651e-01
5.257131e-01,0.000000e+00
3.709141e-01,3.124630e-01
3.074490e-01,4.151228e-01
4.106484e-01,2.319079e-01
4.646618e-01,1.027147e-01
4.329178e-01,1.847301e-01
0.000000e+00,9.270659e-01
2.492108e-01,5.183757e-01
4.173727e-01,2.106509e-01
4.891424e-01,1.568377e-02
4.261064e-01,1.429360e-01
5.293518e-01,0.000000e+00
0.000000e+00,9.229401e-01
2.222987e-01,5.438235e-01
4.050320e-01,2.085634e-01
2.963278e-01,3.537760e-01
4.581890e-01,1.646828e-01
4.469413e-01,1.260456e-01
4.013689e-01,2.117179e-01
0.000000e+00,9.312089e-01
2.935267e-01,3.939106e-01
4.391232e-01,1.510456e-01
3.432630e-01,3.052843e-01
4.175133e-01,1.559374e-01
3.973822e-01,2.332633e-01
3.305394e-01,3.617008e-01
4.114770e-01,2.102160e-01
3.743234e-01,3.059375e-01
5.071207e-01,5.058069e-02
3.354690e-01,3.250977e-01
3.805968e-01,2.244934e-01
3.954733e-01,2.627660e-01
1.639623e-01,5.845631e-01
4.545753e-01,1.865578e-01
4.543568e-01,1.573788e-01
3.590599e-01,3.221800e-01
3.362754e-01,3.785871e-01
3.762246e-01,2.735688e-01
3.435836e-01,3.493947e-01
3.851181e-01,2.448952e-01
4.353312e-01,1.730838e-01
4.347934e-01,1.734811e-01
1.914949e-01,6.212999e-01
3.580202e-01,2.549366e-01
4.798516e-01,1.090748e-01
5.089425e-01,2.533383e-02
1.968846e-01,5.803876e-01
4.886510e-01,0.000000e+00
2.900344e-01,4.101243e-01
3.919109e-01,2.522892e-01
3.658803e-01,2.999171e-01
5.101961e-01,4.973119e-02
4.229488e-01,1.956262e-01
2.883626e-01,4.211985e-01
4.430909e-01,1.899693e-01
3.473755e-01,3.568743e-01
4.674286e-01,1.056534e-01
2.751830e-01,4.728694e-01
4.632090e-01,6.287851e-02
4.099638e-01,2.219404e-01
4.233216e-01,2.082848e-01
4.002841e-01,2.206177e-01
2.479919e-01,4.592662e-01
3.269893e-01,3.532393e-01
3.757741e-01,2.820844e-01
2.836399e-01,4.389975e-01
3.869774e-01,2.177635e-01
3.932758e-01,2.471106e-01
3.399608e-01,3.195712e-01
4.762634e-01,7.109685e-02
3.301934e-01,3.337176e-01
2.912339e-01,3.386187e-01
4.040974e-01,2.660883e-01
5.024454e-01,0.000000e+00
4.407913e-01,1.342191e-01
4.792338e-01,1.067852e-01
2.784337e-01,4.507819e-01
4.701924e-01,8.700755e-02
4.489687e-01,1.348163e-01
3.130600e-01,3.657188e-01
1.605817e-01,5.985366e-01
5.045000e-01,4.872399e-02
2.748030e-01,4.723415e-01
2.852441e-01,3.867066e-01
5.094753e-01,8.538110e-03
0.000000e+00,9.292590e-01
4.096486e-01,2.339969e-01
4.198616e-01,1.847710e-01
3.134115e-01,3.778066e-01
4.231396e-01,2.240058e-01
2.831875e-01,4.670775e-01
4.207488e-01,2.037841e-01
0.000000e+00,9.314028e-01
3.853565e-01,3.192964e-01
2.709391e-01,4.990894e-01
4.421351e-01,1.536502e-01
1.465077e-01,6.736458e-01
3.930428e-01,2.470315e-01
1.890786e-01,6.202002e-01
3.475016e-01,2.844004e-01
4.353880e-01,1.854291e-01
4.061524e-01,2.008042e-01
4.534878e-01,8.657604e-02
3.756640e-01,2.737453e-01
2.149356e-01,5.695562e-01
3.963586e-01,2.776730e-01
2.858682e-01,4.562479e-01
4.631643e-01,9.615879e-02
4.347716e-01,1.116342e-01
2.957666e-01,4.140405e-01
4.311769e-01,1.267050e-01
3.536063e-01,2.934970e-01
3.248745e-01,3.317993e-01
2.236345e-01,5.971280e-01
4.839867e-01,7.160923e-02
3.675558e-01,2.511240e-01
2.923700e-01,4.535481e-01
3.002835e-01,4.037570e-01
0.000000e+00,9.393340e-01
4.459291e-01,1.280318e-01
7.299543e-02,8.169931e-01
4.566196e-01,8.582053e-02
3.628429e-01,2.948108e-01
3.345439e-01,3.993371e-01
3.073735e-01,3.867600e-01
1.042819e-01,7.609136e-01
3.819228e-01,2.557829e-01
2.093767e-01,5.822557e-01
3.800150e-01,3.254400e-01
0.000000e+00,9.042161e-01
3.399580e-01,3.802438e-01
4.259608e-01,1.343547e-01
4.509467e-01,1.503191e-01
3.533003e-01,3.406698e-01
2.186593e-01,4.586281e-01
2.774864e-01,4.112962e-01
4.444748e-01,1.676282e-01
3.720804e-01,2.983844e-01
4.493702e-01,1.427977e-01
4.427824e-01,1.622673e-01
4.287911e-01,2.326066e-01
4.858041e-01,1.043413e-01
3.535500e-01,3.183668e-01
5.338895e-01,1.287313e-03
4.322100e-01,1.915373e-01
1.599063e-01,6.770997e-01
3.098633e-01,4.275813e-01
2.776093e-01,5.007979e-01
3.890053e-01,2.463350e-01
4.123614e-01,2.074938e-01
4.812439e-01,8.454894e-02
3.237515e-01,3.409522e-01
3.179985e-01,3.746297e-01
3.628480e-01,2.726217e-01
1.624689e-01,6.358513e-01
3.297215e-01,2.980857e-01
2.875024e-01,3.888427e-01
0.000000e+00,9.181260e-01
3.530722e-01,2.824780e-01
2.228777e-01,4.881837e-01
2.740151e-01,4.918501e-01
1.048784e-01,7.688206e-01
3.072911e-01,3.777662e-01
2.905988e-01,4.649200e-01
0.000000e+00,9.320077e-01
1.754872e-01,6.518230e-01
3.806111e-01,3.240295e-01
4.080238e-01,2.598781e-01
2.712763e-01,4.800432e-01
4.088403e-01,2.102640e-01
3.723051e-01,2.834689e-01
3.725283e-01,2.471718e-01
4.173543e-01,1.298939e-01
2.822947e-01,3.698854e-01
4.896575e-01,9.289587e-02
4.652188e-01,1.206152e-01
3.597054e-01,3.108735e-01
4.786700e-01,8.660486e-02
3.839707e-01,1.719098e-01
3.776345e-01,2.662887e-01
4.045830e-01,2.797976e-01
4.468292e-01,9.905053e-02
5.082437e-01,4.286992e-02
4.330433e-01,1.647863e-01
4.412287e-01,2.016054e-01
4.073821e-01,2.272634e-01
2.039520e-01,5.952674e-01
3.995219e-01,2.483654e-01
3.505326e-01,3.083459e-01
3.266156e-01,3.271137e-01
3.579211e-01,2.942122e-01
5.129998e-01,0.000000e+00
1.518104e-01,5.827955e-01
5.328475e-01,1.469149e-02
5.002456e-01,8.156185e-02
5.001002e-01,7.691007e-02
4.561808e-01,1.699623e-01
4.252061e-01,1.698098e-01
3.476190e-01,3.551264e-01
4.097623e-01,2.436805e-01
3.339330e-01,3.304175e-01
4.740420e-01,1.016287e-01
4.931686e-01,8.465507e-02
1.691473e-01,6.597189e-01
4.323235e-01,1.014701e-01
4.133599e-01,2.026484e-01
3.091750e-01,4.190932e-01
4.195073e-01,1.857324e-01
4.194109e-01,2.002736e-01
4.309867e-01,1.781373e-01
4.678988e-01,1.174956e-01
5.079655e-01,8.421098e-02
2.812609e-01,4.009297e-01
2.177354e-01,5.713505e-01
3.683716e-01,2.856290e-01
3.511107e-01,3.054631e-01
3.440601e-01,3.071847e-01
2.751044e-01,3.738399e-01
3.082986e-01,4.143415e-01
2.778985e-02,8.762907e-01
2.116926e-01,6.172126e-01
3.579168e-01,2.922602e-01
4.193308e-01,1.953148e-01
4.781996e-01,6.994585e-02
1.499913e-01,7.050912e-01
4.371357e-01,1.611403e-01
3.917804e-01,2.883576e-01
