9.265130e-02,4.150799e-01
3.134938e-02,5.461061e-01
1.486024e-01,4.969930e-01
4.618549e-03,5.747658e-01
3.899380e-01,9.313544e-01
9.977020e-01,9.058510e-01
2.678510e+00,3.318127e-01
4.567997e-02,4.693166e-01
1.184533e-01,6.473079e-01
1.300169e-01,6.490325e-01
4.741048e-02,4.925638e-01
2.670936e-02,4.893667e-01
1.735411e-01,3.352561e-01
3.958572e-01,6.574024e-01
1.581087e-01,5.990740e-01
1.275321e-07,5.359483e-01
5.412545e-01,6.995629e-01
1.132506e-01,4.183606e-01
1.008433e-01,8.097592e-01
7.609035e-02,5.273363e-01
6.069681e-02,3.986914e-01
4.348322e+00,2.713499e-01
1.300822e-01,6.041296e-01
6.343066e-02,6.969383e-01
1.616069e-01,5.917188e-01
1.122426e-01,6.905256e-01
4.836495e-02,8.214226e-01
1.058302e-01,6.913019e-01
6.247104e-06,5.247310e-01
1.635578e-01,5.004196e-01
3.686205e-02,5.079460e-01
9.051376e-01,2.417865e-01
2.732404e-01,6.391575e-01
1.073358e-01,6.070955e-01
7.129891e-02,5.649046e-01
4.700717e-02,4.278633e-01
4.198496e-02,5.239249e-01
1.176076e-01,7.578824e-01
1.961979e-02,4.660316e-01
5.100715e-01,5.659335e-01
1.232483e+00,7.446107e-01
1.670321e-02,5.401834e-01
2.896336e-02,4.740625e-01
3.866480e-01,8.712650e-01
1.682219e-01,4.607133e-01
2.369616e-01,5.792253e-01
2.901901e-02,6.175344e-01
3.882540e-02,5.399721e-01
1.987797e-01,4.872177e-01
2.022111e+00,7.403168e-01
2.340806e-01,3.461306e-01
2.183417e-01,5.115316e-01
7.250622e-02,6.536125e-01
1.401649e-02,5.042659e-01
1.956956e-02,7.463805e-01
1.280799e-01,4.084358e-01
2.159638e-01,5.516045e-01
9.114772e-02,5.755284e-01
7.390217e-03,6.420080e-01
3.881941e-01,5.717490e-01
1.166721e-01,8.640458e-01
1.702284e-01,6.093120e-01
2.925546e-01,5.627639e-01
6.586066e-01,5.629127e-01
1.854675e-01,4.914128e-01
2.161835e-01,5.581516e-01
1.006235e-01,6.507248e-01
9.526144e-02,4.308781e-01
1.096444e-01,5.042905e-01
5.913404e-01,6.338010e-01
2.311482e-01,4.808419e-01
1.530423e-01,4.305612e-01
6.439237e-01,5.816872e-01
4.330571e-01,6.851844e-01
9.742203e-02,5.232887e-01
3.427094e-02,5.952856e-01
2.636601e-01,5.909565e-01
4.429731e-01,4.124379e-01
7.390817e-02,4.461557e-01
4.441214e-01,6.671364e-01
2.596233e-01,7.400287e-01
5.635391e-02,6.197736e-01
8.947915e-04,4.813952e-01
1.510787e-01,5.061736e-01
4.245423e-02,5.728741e-01
5.068931e-06,5.516415e-01
3.548986e-02,5.068295e-01
1.959673e-01,3.572199e-01
2.285263e-01,4.179617e-01
1.650656e-01,4.633031e-01
9.087848e-02,5.712644e-01
2.672728e+00,7.962615e-01
1.271408e-02,5.075770e-01
7.986256e-02,6.744862e-01
4.963587e+00,4.235552e-02
3.415124e+00,3.252568e-03
3.193049e-01,5.609978e-01
2.010442e-02,4.566641e-01
2.150970e-01,7.272278e-01
1.586316e-02,4.713563e-01
3.816455e-01,4.672414e-01
8.112384e-02,4.962969e-01
1.023399e-01,4.430100e-01
8.180843e-02,6.235555e-01
1.330678e-01,4.648898e-01
5.689801e+00,3.851584e-02
8.770518e-02,4.976244e-01
5.018028e+00,8.514307e-02
4.240753e+00,9.784877e-03
4.681446e-01,6.384558e-01
2.699228e-02,4.487702e-01
1.922496e-01,3.692401e-01
7.910376e-17,5.000691e-01
5.345336e-01,4.001025e-01
1.210661e-03,6.067139e-01
3.335628e+00,1.914359e-02
1.785888e-01,4.544499e-01
5.825355e+00,2.147894e-02
1.002569e+00,4.062735e-01
5.917146e-02,7.654643e-01
4.580818e-01,2.901607e-01
1.730426e-01,4.477882e-01
7.521607e-02,4.114456e-01
4.390337e-01,6.645834e-01
1.275131e-01,5.726006e-01
2.788668e-01,6.995725e-01
1.175369e-04,4.977302e-01
2.845837e-01,5.401520e-01
2.026281e-01,4.100588e-01
2.193608e-02,5.269200e-01
3.117087e-01,6.658988e-01
2.728758e-02,4.283458e-01
8.786162e-02,6.410136e-01
1.208954e-01,4.277854e-01
3.714405e-02,4.740777e-01
9.150615e-02,4.631112e-01
3.710526e-01,7.674527e-01
5.851632e-02,4.632694e-01
3.812470e-02,4.643033e-01
8.131650e-02,4.535320e-01
8.807987e-03,4.569628e-01
2.025505e-01,4.504869e-01
6.312395e-01,6.795505e-01
2.361104e-02,5.659100e-01
6.525402e-01,2.225509e-01
1.485394e-01,6.114103e-01
1.731897e-01,3.960909e-01
1.443604e-01,4.623517e-01
2.850566e+00,8.162893e-01
1.882798e-02,5.586222e-01
1.703111e-01,4.163924e-01
7.063481e-02,5.049030e-01
5.504357e-02,6.320610e-01
6.639333e-02,5.285652e-01
1.350833e-01,4.004472e-01
1.584521e-01,7.602494e-01
4.406089e-01,5.915322e-01
3.445925e-02,5.928886e-01
5.365759e-02,4.717409e-01
8.301202e-02,5.082024e-01
2.879815e-01,5.351217e-01
1.239557e-01,4.432141e-01
1.465826e-04,5.537679e-01
1.161981e+00,1.087249e+00
4.441797e-02,5.600505e-01
2.428950e-02,8.030544e-01
4.714702e-01,6.020903e-01
2.345031e-01,3.121470e-01
2.620825e-01,1.004864e+00
4.526194e-01,8.844101e-01
5.479757e-02,4.640782e-01
1.473011e-01,5.698196e-01
5.753435e-02,4.416505e-01
1.562271e-02,5.298576e-01
8.849837e-09,5.067964e-01
3.024108e-04,5.872770e-01
7.225040e-02,7.076415e-01
2.582938e-01,1.007972e+00
1.443504e-02,4.792554e-01
1.660243e-01,4.086973e-01
2.179964e-02,4.395759e-01
1.913863e-07,6.884357e-01
3.619105e-02,4.210406e-01
3.988181e-01,5.742444e-01
1.247974e-01,7.833778e-01
1.932420e-01,7.384322e-01
2.857765e-02,5.259556e-01
3.752298e-01,8.873608e-01
1.200053e-03,4.587201e-01
1.137162e-02,6.746207e-01
4.979261e-02,4.614573e-01
3.993365e-02,4.134849e-01
8.870888e-02,6.134089e-01
3.025636e-02,4.483345e-01
2.452714e-01,6.262264e-01
1.008646e+00,8.116578e-01
3.816738e-01,8.551641e-01
6.229182e-02,4.938086e-01
3.996461e-01,1.788916e-01
8.850624e-02,4.117535e-01
9.092729e-02,5.734668e-01
2.459956e-02,4.686731e-01
5.637743e-02,5.210859e-01
4.155196e-01,6.547244e-01
1.518896e-01,6.781779e-01
4.939581e-02,5.043896e-01
4.150870e-02,5.983169e-01
3.337046e-03,5.287255e-01
5.498462e+00,4.750396e-02
4.295824e-03,7.678823e-01
1.886719e-01,3.519934e-01
2.105820e-02,6.150963e-01
2.669691e-06,5.157641e-01
5.653545e-02,5.523507e-01
2.761976e-02,4.639526e-01
1.708850e-01,4.540434e-01
5.267801e-01,7.944101e-01
7.650167e-02,5.965152e-01
7.618915e-02,5.765894e-01
5.556090e-12,4.843718e-01
1.289371e-01,4.099750e-01
5.148974e-02,6.237646e-01
1.495682e-01,6.015964e-01
4.266160e-10,4.238253e-01
5.257699e-02,4.031112e-01
1.037920e-01,4.261213e-01
6.029677e-02,6.434480e-01
2.440601e-01,5.061272e-01
7.145990e-01,1.337713e+00
4.562773e-03,4.380213e-01
6.445047e-02,6.041606e-01
5.622453e-02,4.629074e-01
5.024284e-02,3.982989e-01
1.663402e-01,6.371693e-01
5.732656e-02,4.418210e-01
8.255538e-02,4.256060e-01
2.824926e-01,5.867169e-01
1.737002e-01,4.831281e-01
6.552717e-01,5.006175e-01
2.061793e-01,6.762406e-01
2.687859e-02,5.565017e-01
1.203334e+00,6.676161e-01
4.483809e-01,4.730322e-01
1.610751e-01,4.127581e-01
3.638023e-01,4.549719e-01
6.278322e-02,6.055285e-01
2.800756e-02,4.748467e-01
1.126145e-01,4.883989e-01
4.203693e-01,6.148659e-01
3.559695e+00,5.730325e-02
1.306045e-01,3.906672e-01
1.072203e-01,3.963989e-01
9.616651e-02,3.583767e-01
2.326470e-01,6.904036e-01
4.668015e-02,5.021329e-01
1.040865e-01,6.860053e-01
8.681650e-02,4.961110e-01
1.849863e-01,6.465375e-01
4.449963e-05,4.910627e-01
8.565742e-05,4.304824e-01
1.333712e-01,6.238557e-01
1.414395e-01,5.118400e-01
3.071593e-01,6.180548e-01
1.032708e-04,5.067117e-01
4.761628e-01,7.193330e-01
2.711813e-01,5.937553e-01
2.231403e-01,7.049311e-01
9.327190e-01,8.313484e-01
1.884050e-01,3.925767e-01
1.442938e-01,5.543473e-01
1.469250e-05,4.686625e-01
3.639466e-01,6.297656e-01
4.803146e-02,7.656347e-01
6.864396e-01,8.360810e-01
8.670296e-02,6.240245e-01
1.812444e-03,6.129475e-01
3.801040e-02,5.271860e-01
3.621548e-01,4.720209e-01
4.243071e-02,4.831949e-01
1.612934e+00,9.549491e-01
4.331799e-02,5.587106e-01
3.180861e-03,4.683072e-01
3.750064e-02,6.105754e-01
1.717567e-01,5.968458e-01
9.329563e-03,4.385952e-01
2.962169e-01,6.741246e-01
1.475795e-01,8.409291e-01
1.351785e-02,5.091600e-01
1.292904e-01,8.312680e-01
2.909346e-02,6.197158e-01
1.805382e-08,4.866143e-01
6.324324e-02,4.750883e-01
1.422672e-01,8.183782e-01
1.023767e-01,5.371632e-01
3.039025e-01,7.597596e-01
1.127359e-01,5.286636e-01
1.277336e+00,8.216194e-02
4.071291e-01,6.548814e-01
2.943266e-06,5.112790e-01
4.794100e+00,3.565711e-02
1.381661e-01,5.481627e-01
1.502871e-02,5.325874e-01
4.979568e-01,5.893281e-01
3.739816e-01,8.233536e-01
5.506012e-02,4.974997e-01
6.201118e-02,4.155527e-01
1.968103e-01,4.574391e-01
8.098787e-02,6.264712e-01
3.664493e-01,6.882586e-01
3.097256e-02,6.361137e-01
3.700983e-01,5.664141e-01
6.307764e-02,4.774666e-01
1.004627e-01,5.880678e-01
1.222356e-01,4.760200e-01
1.571079e-01,5.079542e-01
4.770383e-01,6.266737e-01
3.402409e-01,8.757045e-01
5.165521e+00,2.691585e-02
4.150278e-01,7.739785e-01
2.323907e+00,8.178541e-01
1.797754e-01,4.983256e-01
7.594249e-02,6.126712e-01
4.310730e-02,5.140342e-01
9.968285e-06,5.023033e-01
2.079527e-02,5.794327e-01
2.136596e-01,4.548267e-01
2.292367e-09,7.041331e-01
1.370725e-01,6.320311e-01
6.127504e-01,1.158910e+00
9.583869e-03,6.872998e-01
5.125551e+00,1.225000e-01
5.136098e-01,4.688469e-01
2.496942e-01,7.190233e-01
7.348714e-02,4.285614e-01
7.970444e-02,4.683095e-01
3.598528e-03,5.150562e-01
8.749225e-02,4.888292e-01
2.054525e+00,6.464479e-01
1.060779e-01,4.377005e-01
1.541018e-02,4.627581e-01
3.125613e-01,6.943512e-01
6.274205e-02,5.315611e-01
8.136652e-01,6.711475e-01
1.488454e-01,5.685525e-01
5.750169e-02,5.179210e-01
1.342256e-01,4.504851e-01
1.504747e-05,5.247238e-01
1.536580e-02,6.332216e-01
9.674076e-02,4.991806e-01
1.587794e-01,3.249433e-01
3.918121e-05,5.605834e-01
7.194720e-02,5.329782e-01
1.893011e-01,3.671744e-01
9.727048e-02,5.749897e-01
1.615344e-01,6.164453e-01
2.156667e-01,4.845744e-01
1.048059e+00,7.524110e-01
1.649531e-01,7.167936e-01
3.142529e-02,4.630727e-01
3.160793e-02,5.189844e-01
2.718184e+00,4.137709e-02
2.222202e-02,4.235321e-01
6.000054e+00,1.158409e-01
3.751232e+00,6.160643e-02
1.685505e-02,4.817548e-01
5.597992e-02,5.191696e-01
2.116921e-02,4.782150e-01
6.034845e-01,5.677754e-01
3.964079e-01,4.080373e-01
5.669950e-02,4.490629e-01
2.081336e-01,3.876020e-01
2.271351e+00,8.542481e-01
1.120635e-01,4.327894e-01
6.001063e-01,5.301828e-01
1.474591e-01,4.844763e-01
7.808322e-02,5.100040e-01
1.913417e-03,4.536499e-01
6.714653e-01,3.841776e-01
7.276146e-02,7.027372e-01
2.025359e-01,3.585579e-01
3.629309e-01,6.395688e-01
6.249930e-02,4.712138e-01
1.073533e-01,4.568362e-01
8.010339e-02,5.285286e-01
4.156789e-01,9.775083e-01
3.668564e-01,9.413228e-01
2.946030e-02,4.400178e-01
2.509466e-02,4.794792e-01
6.421605e-02,3.868341e-01
1.511716e-01,4.433084e-01
4.260345e-02,4.830531e-01
4.158672e-05,5.560965e-01
1.510957e-01,5.218569e-01
1.106824e-01,4.720444e-01
1.079578e-01,4.922197e-01
4.265312e-02,4.605878e-01
3.336819e+00,3.522933e-01
1.825065e-01,4.310533e-01
2.490905e+00,1.852505e-01
2.710002e-02,7.200197e-01
2.854831e-01,5.416565e-01
6.172408e-02,4.382129e-01
5.913172e-02,4.313700e-01
2.081257e-02,6.444499e-01
1.432311e-01,4.206716e-01
3.540563e-02,4.822315e-01
3.134149e-01,5.994674e-01
4.439695e-01,5.192585e-01
6.860857e-01,6.928538e-01
1.523347e-01,5.836293e-01
1.268758e-01,5.080921e-01
5.955564e-01,4.419750e-01
3.012833e+00,4.633905e-01
1.922005e-01,6.608005e-01
2.571826e-01,5.514220e-01
2.001978e-01,4.456899e-01
2.711863e-02,4.800610e-01
7.368783e-02,4.171845e-01
5.008636e+00,9.733419e-02
1.037441e-01,6.257397e-01
6.385113e-02,5.463483e-01
1.847499e-01,6.175795e-01
3.928420e-01,8.773952e-01
4.115799e-02,4.102379e-01
1.127725e-01,8.089413e-01
1.012567e-01,5.470520e-01
1.159902e-01,4.878716e-01
2.299135e+00,9.615146e-01
2.349715e-01,6.369198e-01
7.472159e-02,5.329443e-01
4.815813e-02,5.547393e-01
2.109862e-01,5.063544e-01
4.953159e+00,1.114580e-01
1.045348e-02,4.825223e-01
5.597694e-02,5.774761e-01
1.724915e-01,7.532152e-01
1.348717e-01,4.230454e-01
2.993463e-10,7.601947e-01
1.786831e-01,5.037067e-01
5.488265e-03,5.090208e-01
6.971330e-02,4.563249e-01
3.255331e-01,8.720748e-01
3.158283e-02,5.347022e-01
5.484234e-02,6.187713e-01
2.172931e-01,4.697852e-01
3.077163e-01,4.225036e-01
9.854616e-02,6.681264e-01
1.307868e-01,3.748204e-01
8.556317e-02,5.397462e-01
8.103681e-01,9.753996e-02
5.169400e-01,7.845441e-01
5.973396e+00,1.108043e-01
9.881089e-03,6.579039e-01
5.260023e-02,5.510946e-01
6.894081e-03,5.168372e-01
3.365897e-01,8.091839e-01
7.101699e-02,5.628934e-01
8.292941e-01,5.192915e-01
1.225371e-02,5.393492e-01
5.822425e-01,2.578047e-01
6.644174e-02,4.814338e-01
6.247269e-02,5.295396e-01
1.168798e-01,5.633854e-01
1.536777e-01,5.017987e-01
7.888807e-02,6.371639e-01
6.740219e-02,5.815566e-01
9.383776e-02,6.047157e-01
3.788534e-02,4.757120e-01
6.236072e-03,4.971949e-01
2.436342e-02,5.092312e-01
3.085841e-01,6.505228e-01
9.696447e-01,7.651720e-01
2.339550e-02,5.414198e-01
1.980471e+00,7.946643e-01
8.681165e-02,4.288412e-01
4.529348e-01,3.728699e-01
2.758540e-02,4.931328e-01
9.431453e-02,3.957756e-01
4.558878e-02,5.703022e-01
2.227767e-08,5.875251e-01
1.296937e-01,3.891720e-01
2.109958e-01,4.906493e-01
1.099850e-01,5.824973e-01
1.700286e-01,5.892938e-01
7.533920e-02,5.862567e-01
6.455052e-03,5.351371e-01
1.205532e-01,4.258237e-01
1.502215e-01,7.445779e-01
3.594554e-02,5.625171e-01
2.648670e-02,6.285820e-01
3.363965e-01,5.178224e-01
4.692756e+00,4.929263e-02
1.089737e-01,5.227805e-01
5.838226e-01,9.135496e-01
1.630222e-01,4.134030e-01
1.696732e-01,5.537060e-01
1.825615e-01,5.498587e-01
5.574703e-02,4.745115e-01
3.520436e-02,5.160336e-01
2.471298e-01,4.699717e-01
3.998668e-01,2.706515e-01
1.357149e-01,6.174477e-01
7.173660e-01,1.020882e-01
1.896211e-02,4.553589e-01
8.940681e-02,4.424091e-01
2.997863e-01,8.909573e-01
2.742000e-01,6.226729e-01
3.301043e-01,6.934121e-01
4.587166e-02,6.597686e-01
1.504917e-01,5.559894e-01
1.664373e-01,5.473912e-01
3.867624e+00,3.921761e-01
3.754226e-01,7.414426e-01
3.471356e-02,5.231636e-01
9.721138e-03,5.840339e-01
4.783202e-01,6.121671e-01
4.299100e+00,2.276203e-03
4.129650e-02,8.070400e-01
8.784309e-02,5.490878e-01
8.612293e-02,5.504992e-01
1.185131e-01,6.001672e-01
1.770339e-01,5.521515e-01
5.746549e-01,1.082529e+00
2.467681e-02,8.543132e-01
2.151301e-01,4.760449e-01
4.973371e-02,4.502933e-01
1.185915e-01,6.337398e-01
7.562233e-02,5.837819e-01
1.294050e-01,4.342582e-01
5.910488e+00,4.696366e-01
1.191072e+00,8.503470e-01
1.040897e-01,3.563607e-01
1.424005e-01,4.235955e-01
3.250407e-03,5.287966e-01
4.071484e-01,5.023781e-01
5.110080e-06,4.574581e-01
1.448233e-01,6.346415e-01
9.895675e-04,4.768325e-01
3.494861e-02,4.175751e-01
1.132123e-01,5.058481e-01
2.794228e-01,5.533562e-01
1.465644e-01,6.152732e-01
9.977830e-01,8.026313e-01
2.518502e-01,9.616828e-01
1.395777e-01,6.815522e-01
9.910669e-02,4.209957e-01
4.361871e-02,7.961648e-01
1.405252e-01,3.511329e-01
3.531698e-04,5.580833e-01
1.395755e-01,3.384574e-01
6.869942e-03,4.473406e-01
4.838148e-02,4.962520e-01
1.616631e-01,5.445810e-01
3.805343e-01,7.731279e-01
1.257050e+00,1.065308e+00
1.880982e-01,4.309504e-01
1.013765e-01,5.088318e-01
8.238217e-02,5.602958e-01
2.784157e-03,4.731176e-01
1.042460e-01,4.773254e-01
3.043297e-01,5.643149e-01
3.630914e-02,4.770052e-01
6.619135e-02,5.466707e-01
7.282239e-01,5.528842e-01
7.895115e-02,5.317165e-01
3.292593e-02,4.640839e-01
1.019345e-01,5.240713e-01
6.768346e-02,5.207793e-01
1.696094e-01,5.178789e-01
5.888462e-02,5.100590e-01
2.059629e-01,6.091443e-01
1.305870e-02,4.624450e-01
2.355161e+00,4.917208e-01
1.240720e-01,6.382129e-01
2.993948e-01,7.208514e-01
3.097847e-01,4.791105e-01
1.057562e-01,4.245097e-01
1.121104e-01,4.888125e-01
7.260049e-01,9.807727e-01
1.978323e-02,5.286864e-01
2.223919e-03,5.341237e-01
3.994439e+00,4.361290e-01
4.837569e-01,2.197604e-01
6.419567e-02,7.075229e-01
5.960616e-02,6.238325e-01
6.305774e-02,3.945119e-01
4.316729e-02,6.440478e-01
1.477897e-01,7.106938e-01
2.463557e-01,6.769133e-01
1.088731e-01,7.583216e-01
3.572447e-02,4.281508e-01
3.802103e-05,5.471296e-01
2.488632e-01,6.546738e-01
4.691277e-02,5.378214e-01
9.888783e-03,5.345622e-01
4.109423e-01,6.495102e-01
8.250970e-04,5.801207e-01
3.001221e-02,5.359909e-01
1.059025e-03,5.507768e-01
4.765864e-01,1.048627e+00
9.726743e-02,5.884470e-01
1.035067e+00,8.662238e-01
4.970697e-02,4.077085e-01
1.271003e-01,4.944532e-01
5.426112e-02,5.138525e-01
1.168717e-01,4.288443e-01
2.971179e-02,6.730276e-01
1.768799e-01,5.455505e-01
5.642372e-01,6.134321e-01
1.023226e-01,5.484199e-01
6.211420e-02,4.154682e-01
3.289705e-03,4.973699e-01
4.669157e-02,4.460620e-01
1.432792e-01,5.865743e-01
1.030551e-01,4.312108e-01
1.425973e-01,5.333147e-01
1.521346e-01,7.699178e-01
6.952948e-02,6.672672e-01
4.582629e-02,4.714390e-01
1.639620e-01,5.583920e-01
4.211728e-02,5.058767e-01
1.404690e-01,5.462732e-01
8.352337e-02,4.449939e-01
2.070860e-02,6.826570e-01
1.943804e-01,4.414931e-01
2.803847e-01,7.925105e-01
3.037714e-01,5.849552e-01
5.046498e-02,5.236946e-01
7.359525e-02,5.002315e-01
1.095693e-01,3.944715e-01
5.398405e-06,5.426714e-01
3.225039e+00,4.608265e-08
1.321943e-01,4.588791e-01
1.498695e-01,5.251055e-01
4.678179e-01,7.822414e-01
1.029209e-02,5.005944e-01
1.658078e-01,4.133599e-01
2.884681e-01,7.477563e-01
1.013596e-03,6.629371e-01
3.583274e-01,7.195896e-01
1.570239e-01,4.228095e-01
1.575120e-01,5.748964e-01
3.135864e-04,6.209047e-01
1.170715e-01,4.578324e-01
1.359207e-02,5.180689e-01
3.121707e-01,5.690938e-01
7.318003e-02,4.714202e-01
1.274641e-01,4.246383e-01
4.042650e-02,5.117488e-01
3.956158e-04,1.089512e+00
9.916576e-02,5.375553e-01
8.688117e-01,2.379545e-01
1.009870e+00,7.590775e-01
1.253333e-01,3.613552e-01
5.111413e-02,5.680112e-01
2.562323e-01,5.208072e-01
6.394609e-02,4.946938e-01
5.752657e-02,4.528692e-01
5.097500e-01,8.352926e-01
1.387227e-03,5.191130e-01
2.218949e-01,7.530446e-01
7.822122e-01,7.036817e-01
8.689561e-02,4.691366e-01
7.618802e-03,5.050302e-01
9.709590e-02,5.347686e-01
1.548819e-01,6.286310e-01
1.382903e-01,5.009691e-01
3.521535e-02,5.720861e-01
6.669331e-02,3.803166e-01
6.647520e-02,4.993461e-01
1.755268e-07,6.032222e-01
4.408693e-02,4.840784e-01
2.709989e-03,4.731785e-01
8.317094e-02,7.345607e-01
4.773060e-02,4.900587e-01
1.200630e-01,4.262259e-01
5.601738e-02,4.496226e-01
1.354185e-01,5.818116e-01
1.843536e-01,7.838468e-01
4.765662e-02,6.695164e-01
1.110936e+00,1.245078e-01
6.950099e-02,6.224413e-01
5.575400e-02,4.610510e-01
5.266240e+00,9.676467e-02
1.276581e-01,5.635118e-01
5.540266e-01,6.509618e-01
3.145135e-01,8.003876e-01
2.198291e-01,5.843125e-01
6.995859e-02,5.727317e-01
5.050834e-01,8.839708e-01
1.679207e-01,3.219279e-01
1.483279e-01,5.106731e-01
1.157235e-01,5.710615e-01
1.910526e-02,4.754236e-01
2.511356e-02,4.323720e-01
2.321414e-02,5.572658e-01
2.728413e-02,4.485308e-01
4.763062e-02,6.000214e-01
4.161715e-02,5.130144e-01
7.576470e-02,4.715420e-01
1.981381e-03,5.320803e-01
2.190160e-01,5.782522e-01
5.624545e-08,7.175878e-01
6.061659e-02,4.480914e-01
9.655033e-02,4.836396e-01
3.704215e-03,6.248501e-01
5.278696e-01,7.823039e-01
6.789355e-02,4.443632e-01
6.802510e-02,4.935895e-01
1.176573e-01,5.515352e-01
1.170155e-01,6.753972e-01
8.097595e-02,4.291444e-01
1.875126e-02,4.398346e-01
4.353639e-02,5.809560e-01
9.322817e-02,5.513968e-01
1.095786e-01,3.899790e-01
2.227807e-01,4.697676e-01
5.069755e-02,8.239937e-01
1.365752e-01,4.373449e-01
1.890546e-01,4.279232e-01
4.925120e+00,1.165234e-01
6.207314e-02,6.307782e-01
1.004662e-01,4.736994e-01
2.423494e-01,5.052884e-01
1.262472e+00,2.894519e-01
4.606917e+00,3.675123e-02
6.342318e-02,3.964545e-01
1.527149e-01,6.528337e-01
3.736506e+00,3.024205e-01
5.235199e-01,8.396918e-01
8.115158e-02,5.030015e-01
8.772014e-02,4.505204e-01
4.006005e-01,6.647229e-01
3.275803e-03,5.848373e-01
3.558699e-02,4.484457e-01
1.663841e-01,6.707702e-01
5.642048e-02,5.232931e-01
1.209525e-01,4.479207e-01
2.137117e-01,7.126672e-01
9.059098e-02,5.916825e-01
8.330254e-01,8.279323e-01
9.085920e-08,5.471607e-01
3.850526e-01,5.810539e-01
1.601424e-01,6.063751e-01
2.407848e+00,5.359472e-01
2.315241e+00,8.518737e-01
1.814386e-01,5.350828e-01
1.099098e-01,3.919497e-01
8.364521e-01,8.834247e-01
4.973312e-02,4.861732e-01
5.960487e-02,5.274077e-01
2.127775e-05,5.067790e-01
5.736492e-01,5.855275e-01
1.724749e-02,4.455534e-01
2.695743e-02,4.846782e-01
7.739992e-02,4.186237e-01
3.424121e-01,5.128866e-01
1.361999e-01,4.085008e-01
6.551740e-08,6.301318e-01
1.062547e-01,3.456145e-01
1.061192e-01,5.340925e-01
1.234498e-01,4.346594e-01
6.794923e-01,6.623842e-01
9.187105e-03,5.104708e-01
9.870752e-02,6.478119e-01
1.519434e-01,4.314629e-01
2.995437e-01,4.763009e-01
3.799187e-02,7.357502e-01
2.153441e-02,4.644606e-01
3.118135e+00,9.106974e-01
5.680249e-02,4.803729e-01
4.820497e-01,4.566197e-01
6.773959e-02,3.637609e-01
8.187390e-02,7.602920e-01
1.543177e-01,4.026053e-01
1.693328e-01,5.068936e-01
1.079351e-01,6.290285e-01
6.246973e-01,8.844974e-01
7.268845e-02,5.929165e-01
9.176212e-02,4.763560e-01
2.583936e-01,6.378844e-01
6.598551e-01,7.502551e-01
1.840892e-03,4.918312e-01
4.765609e-02,4.318158e-01
2.405739e-01,7.197791e-01
1.084743e-01,6.330710e-01
1.923026e-01,5.844730e-01
4.400232e+00,2.742002e-05
8.915535e-02,5.323139e-01
1.538553e-01,3.626203e-01
2.129761e-04,5.402586e-01
6.185929e-02,4.111924e-01
4.897985e+00,3.114977e-02
8.375991e-02,6.398940e-01
6.489697e-02,5.791271e-01
3.041959e-02,4.414732e-01
8.350778e-01,7.634593e-01
1.322794e-01,3.691108e-01
2.233664e-01,5.320760e-01
5.875870e-02,5.236170e-01
1.315292e-01,4.145756e-01
9.474058e-02,4.088808e-01
1.226909e-01,7.178323e-01
5.189870e-01,7.021359e-01
1.625891e-02,6.123067e-01
1.393530e-01,4.687027e-01
1.506963e-01,7.509157e-01
2.929880e-01,3.493745e-01
4.348981e-02,5.563271e-01
1.298837e+00,2.013113e-01
2.133185e-02,6.215992e-01
1.181492e+00,7.528115e-01
4.892962e+00,6.890812e-02
8.500554e-05,9.372794e-01
5.253522e-02,6.004821e-01
2.704690e+00,8.687055e-01
2.522665e-01,7.034580e-01
9.104336e-02,6.720399e-01
5.011823e-02,3.961587e-01
2.390924e-02,5.409983e-01
1.417198e-01,5.609442e-01
5.929761e-02,6.532377e-01
4.886032e-01,6.239122e-01
2.111619e-02,7.383842e-01
2.480439e-01,6.867405e-01
6.044543e-05,5.381413e-01
2.039289e-02,4.855794e-01
2.965864e-08,5.045540e-01
1.178792e-05,4.574526e-01
7.161597e-01,6.861181e-01
8.364322e-01,7.018016e-01
1.875685e-01,5.233259e-01
3.751587e-04,5.715200e-01
1.302846e-01,4.021420e-01
4.792230e+00,7.082821e-02
1.829510e-02,4.312391e-01
2.703212e-02,6.931659e-01
7.528269e-04,5.936348e-01
4.979484e-03,6.260463e-01
1.375891e-01,4.409979e-01
8.054120e-02,6.223528e-01
9.071091e-04,6.361150e-01
3.115754e-01,6.951601e-01
1.234320e-02,4.832142e-01
1.245933e-03,6.246247e-01
3.319773e-02,4.257390e-01
1.970174e-01,3.967227e-01
7.504225e-02,3.779513e-01
9.922756e-02,4.276239e-01
1.609318e-01,4.936044e-01
3.569261e-01,4.920082e-01
4.007122e-01,6.758435e-01
1.302812e-01,4.985706e-01
2.638787e-02,7.990902e-01
3.343375e-01,5.195118e-01
3.952031e-01,6.848486e-01
3.969952e-01,3.044021e-01
3.004071e-01,8.074768e-01
8.685000e-02,4.288097e-01
5.725428e-01,5.819504e-01
1.401583e-01,6.317417e-01
2.376511e-02,4.603879e-01
2.701786e-02,8.837869e-01
1.293827e-01,6.876746e-01
7.385710e-02,3.923785e-01
3.184307e-01,6.536560e-01
7.405709e-01,7.916669e-01
2.902935e-02,5.681918e-01
3.982299e-02,4.741222e-01
1.241826e-01,4.071486e-01
8.346316e-02,5.504390e-01
1.133148e-01,4.967941e-01
1.091873e-01,4.216945e-01
6.518210e-02,6.663492e-01
3.754332e-01,6.494929e-01
1.646073e-01,7.238047e-01
1.551324e-01,7.383062e-01
5.172218e-01,5.757639e-01
2.314248e-01,5.770409e-01
1.476312e-08,5.000690e-01
7.523953e-02,3.800319e-01
6.860585e-01,5.986928e-01
1.983970e-01,7.072930e-01
1.386916e-01,3.638497e-01
1.060807e-01,4.668502e-01
7.420736e-02,5.176690e-01
4.708082e-05,5.179701e-01
1.332614e-02,4.891351e-01
4.208472e-02,5.686923e-01
8.890528e-02,4.630027e-01
1.438413e-01,5.592035e-01
2.680071e-01,6.389664e-01
1.334112e+00,5.109806e-01
1.977872e-01,5.037293e-01
1.231544e-02,6.132998e-01
3.337331e-02,5.848098e-01
1.458519e-01,3.669446e-01
9.454353e-03,4.407352e-01
3.054971e-02,4.480938e-01
1.241295e-09,5.337060e-01
1.660431e-01,3.436505e-01
5.077491e-02,4.359842e-01
4.690711e-02,3.741263e-01
4.053395e+00,8.053892e-02
2.165700e-01,4.860758e-01
8.059592e-02,5.303670e-01
1.144333e-01,3.949656e-01
5.520938e-01,7.489735e-01
3.362622e-02,6.137543e-01
2.179367e-01,5.567132e-01
2.535227e+00,5.973770e-01
7.540705e-02,5.301394e-01
4.406225e-02,5.625848e-01
6.560980e-01,4.102411e-01
1.280966e-01,3.433907e-01
2.575799e-01,2.932128e-01
2.636035e-02,6.959595e-01
1.307640e-01,3.703542e-01
1.065676e+00,1.930379e-01
3.165848e-02,5.368826e-01
4.370443e-01,6.751855e-01
3.628345e-01,7.024368e-01
4.299629e-02,5.926115e-01
1.075385e-01,5.598375e-01
4.791565e-02,5.123315e-01
9.545241e-02,3.925995e-01
2.903121e-01,7.866076e-01
1.097297e-01,7.710736e-01
3.277725e-01,4.105327e-01
8.139960e-01,7.381500e-01
1.391215e-01,5.406514e-01
2.206570e-02,5.492383e-01
4.252223e-08,6.032223e-01
2.862360e-01,5.006744e-01
1.380035e-01,4.922346e-01
1.378191e-02,5.829446e-01
2.487795e-01,7.130465e-01
4.663192e-01,3.574033e-01
1.320554e-01,5.912984e-01
8.684023e-02,4.803943e-01
1.229552e-01,4.283378e-01
1.660372e-01,5.118400e-01
2.680335e-01,8.340389e-01
2.736700e-02,7.444678e-01
8.830873e-02,5.868276e-01
5.166296e-01,8.184357e-01
2.655142e-02,5.007086e-01
1.950524e-02,4.369735e-01
4.220085e-01,7.592810e-01
2.318053e-02,5.528085e-01
8.016948e-02,7.078714e-01
7.424238e-02,6.140661e-01
5.264572e-01,5.659439e-01
3.688557e-04,4.549172e-01
1.162108e-01,6.939971e-01
1.039331e-03,7.391597e-01
9.917363e-02,4.478503e-01
1.337355e-02,5.115208e-01
7.709865e-02,4.569927e-01
1.553913e-01,3.927545e-01
1.890628e-02,4.441924e-01
9.418804e-02,3.779397e-01
2.442484e-01,6.001561e-01
1.386120e-01,4.625833e-01
4.594711e-02,6.641916e-01
1.955057e+00,9.410941e-01
1.185899e-02,5.441580e-01
1.682691e-01,3.754611e-01
1.207052e-04,5.560316e-01
3.925910e-02,7.100434e-01
1.767113e-01,3.954439e-01
2.051949e-09,5.000691e-01
1.185550e-01,3.983112e-01
7.491829e-07,5.449177e-01
3.587462e-01,4.030588e-01
9.435732e-02,5.527128e-01
1.094044e-01,4.573958e-01
1.179337e-04,4.663354e-01
6.621158e-02,5.175020e-01
6.497735e-02,3.906944e-01
2.106120e-01,4.797519e-01
1.592764e+00,5.723401e-01
5.602578e-08,7.826192e-01
7.056138e-01,5.826478e-01
8.774075e-02,5.200198e-01
9.054290e-02,4.706290e-01
1.346758e-01,5.487840e-01
1.376799e-01,5.059549e-01
1.114001e-01,4.333337e-01
2.553710e-01,6.919409e-01
3.995819e-01,6.857408e-01
9.579798e-01,7.568032e-01
8.691585e-02,4.825748e-01
9.398071e-02,6.539326e-01
1.550945e-01,4.692417e-01
2.059766e-01,1.021746e+00
1.198250e-01,5.654538e-01
8.327812e-02,4.676198e-01
2.601144e-01,6.633820e-01
4.250168e-01,7.769949e-01
9.271559e-02,4.553915e-01
8.716279e-01,1.594002e-01
1.592443e-05,5.179957e-01
8.889624e-02,6.581044e-01
3.797021e-01,5.495645e-01
2.710499e-02,5.338913e-01
7.039234e-02,5.723758e-01
4.572614e-08,5.359484e-01
1.039710e-01,4.416717e-01
2.287247e-01,7.496833e-01
4.831040e-02,4.133393e-01
9.225605e-02,5.163150e-01
3.894647e-01,6.581624e-01
1.938489e-01,4.508990e-01
1.564359e+00,5.745489e-02
6.295001e-04,5.466443e-01
9.177462e-03,8.513330e-01
5.328267e-02,5.595045e-01
8.934881e-02,3.819102e-01
1.509235e-01,6.991527e-01
5.056192e-01,7.041342e-01
7.453239e-03,5.096510e-01
1.241398e-01,4.340933e-01
6.959074e-01,5.569749e-01
4.455052e-05,6.345802e-01
6.891696e-02,5.937685e-01
6.631577e-02,7.125108e-01
1.352817e-01,4.563460e-01
2.011707e-01,3.821027e-01
4.493894e+00,6.893883e-02
1.412925e-07,5.538880e-01
1.249317e-02,6.153964e-01
5.002626e-03,8.054242e-01
1.271540e-02,7.520043e-01
3.797206e-02,5.473996e-01
1.141175e-01,3.571029e-01
2.560738e-01,7.205164e-01
1.859419e-02,5.005100e-01
4.806650e-02,4.023271e-01
2.954213e-02,4.646178e-01
2.048306e-04,5.380228e-01
2.770658e-02,7.352193e-01
2.031273e-01,4.388013e-01
3.685566e-01,6.730748e-01
4.399306e-02,5.491868e-01
1.709129e+00,2.010411e-01
4.569504e-01,6.072762e-01
5.564680e-01,8.642350e-01
3.389592e-01,5.807511e-01
2.092953e-01,8.127166e-01
2.249188e-01,5.106201e-01
2.516260e-01,6.210124e-01
5.975824e-01,5.232838e-01
6.681144e-02,5.035551e-01
2.042512e-03,5.118480e-01
2.494076e-02,4.437261e-01
1.885871e-01,5.538846e-01
3.621832e-01,7.433355e-01
2.564382e-02,4.790286e-01
1.277147e+00,6.832972e-01
2.289729e-01,9.042095e-01
6.915665e-02,4.298721e-01
1.200975e+00,9.274350e-01
5.673595e-02,7.024312e-01
4.369163e-02,4.238563e-01
3.295828e-03,5.063347e-01
8.865401e-01,8.983897e-01
1.367684e-01,5.403397e-01
3.067707e-05,5.090137e-01
1.297736e-01,3.711668e-01
3.958915e-02,5.371030e-01
2.684860e-01,4.053574e-01
8.377319e-02,4.335766e-01
1.056198e-01,5.860789e-01
1.348934e-01,6.338190e-01
7.327236e-02,7.135304e-01
7.886213e-02,4.263938e-01
4.527196e+00,6.628228e-02
1.206653e-01,5.714918e-01
2.584650e-04,4.684625e-01
3.948168e-01,6.515286e-01
2.931579e-04,6.164366e-01
2.163575e-01,3.539448e-01
6.158891e-02,5.818414e-01
5.512285e-02,4.301743e-01
2.289595e+00,1.396308e-01
2.267453e-02,4.612827e-01
1.694015e-01,7.243560e-01
1.278351e-01,7.876127e-01
4.264078e+00,3.337438e-01
9.974707e-02,5.348358e-01
3.435286e-01,6.958524e-01
8.130678e-02,5.051166e-01
1.110287e-01,5.233369e-01
7.924438e-02,6.256593e-01
1.411185e-01,7.161674e-01
4.438976e-02,5.107395e-01
3.620059e+00,3.867511e-01
1.204309e-01,4.775007e-01
6.416275e-01,6.373903e-01
6.349298e-02,6.385831e-01
2.561508e-06,5.561285e-01
2.661895e-01,5.283346e-01
1.766260e-01,3.506647e-01
2.891187e-02,4.337404e-01
7.317828e-02,6.194241e-01
5.385955e-02,4.379382e-01
4.782751e-01,3.857155e-01
1.415552e-03,4.764830e-01
7.012229e-02,4.358072e-01
2.087465e-02,4.560321e-01
3.807344e-01,6.272037e-01
6.573968e-02,8.026819e-01
5.721608e-01,8.446318e-01
1.646454e-01,9.211101e-01
8.399347e-02,4.154562e-01
5.732480e-01,7.069496e-01
2.330647e+00,4.288626e-01
1.795528e-03,4.537466e-01
1.708753e-01,7.231468e-01
1.009793e-01,5.360672e-01
7.625984e-08,4.529773e-01
5.378224e-02,5.635796e-01
8.761212e-02,5.313376e-01
1.390409e-01,4.734437e-01
2.775218e-02,4.414193e-01
4.747191e-01,6.577286e-01
1.857835e-01,5.270329e-01
1.456752e-01,7.438232e-01
1.107141e-02,5.941384e-01
1.319210e-01,6.945619e-01
7.263269e-01,8.863251e-01
3.815945e-02,5.113665e-01
1.037403e-05,5.269701e-01
4.672259e+00,3.509025e-01
4.831967e-02,5.972135e-01
2.571524e-02,5.484863e-01
1.005584e-01,4.399867e-01
6.276938e-01,5.187600e-01
1.084180e-01,4.671750e-01
1.248716e-01,6.689514e-01
2.727461e+00,1.481314e-01
1.587872e-02,5.139503e-01
1.762642e-01,8.801825e-01
2.176304e-01,4.179318e-01
6.574824e-02,5.761862e-01
9.223215e-02,4.042115e-01
9.925550e-02,4.388133e-01
2.374454e-01,3.994314e-01
1.271402e-03,5.932093e-01
4.697013e-02,7.485658e-01
6.694879e-02,5.393218e-01
5.234522e-02,4.638478e-01
2.217842e-01,6.634370e-01
3.513591e-01,6.737304e-01
4.733283e-02,4.141413e-01
1.625609e-02,7.894635e-01
1.521923e-01,6.218679e-01
1.225472e-02,5.348635e-01
8.636469e-02,4.179956e-01
6.098959e-02,4.567552e-01
7.035594e-02,5.656783e-01
2.740630e-02,5.134619e-01
2.868125e-01,6.414766e-01
1.016189e-05,6.054564e-01
2.559276e-01,4.806928e-01
2.096511e-01,6.958167e-01
1.838012e-01,7.215111e-01
6.153703e-02,6.469153e-01
9.044819e-05,5.179345e-01
1.469332e-03,5.706223e-01
2.511319e-01,2.805636e-01
1.596554e-01,3.847710e-01
1.365827e-01,6.257056e-01
8.154566e-01,6.158586e-01
3.549894e-02,4.530029e-01
9.774650e-02,5.432047e-01
9.644854e-04,4.409737e-01
1.235621e+00,4.034243e-01
3.603490e-05,4.933121e-01
6.048779e-02,4.145602e-01
3.188011e-02,6.757334e-01
1.025622e-01,4.585248e-01
1.867142e-01,4.589955e-01
5.782583e-01,8.015070e-01
5.124692e-02,4.445668e-01
4.211102e-02,4.520627e-01
8.761453e-01,5.593369e-01
1.316446e-01,4.301781e-01
4.473329e-02,4.723358e-01
6.920031e-01,6.229673e-01
2.455814e-01,6.797911e-01
1.695264e-01,3.542473e-01
2.347475e-02,4.897782e-01
2.716814e-01,1.102384e+00
3.815155e-01,5.144397e-01
8.117313e-02,4.177703e-01
4.571306e-02,4.760168e-01
8.591883e-02,5.551516e-01
1.715261e-01,5.387309e-01
1.528831e-02,5.615264e-01
1.069180e-01,6.993793e-01
9.760107e-02,3.930790e-01
8.235942e-02,5.625570e-01
2.857659e-01,6.042134e-01
7.768885e-02,4.318414e-01
9.182843e-02,6.041219e-01
5.191036e-01,6.414938e-01
7.415667e-02,4.549216e-01
3.349483e-01,6.692555e-01
1.614385e-02,4.419740e-01
3.591865e-01,5.619124e-01
2.355748e-01,4.861798e-01
1.133772e-01,3.756500e-01
1.062019e-01,4.779631e-01
6.570107e-01,9.230160e-01
2.488843e-01,3.698638e-01
3.694267e+00,6.465368e-01
2.162888e-01,9.886180e-01
6.956952e-01,7.141213e-01
1.908671e-01,5.049222e-01
1.709177e-01,3.957125e-01
4.701772e-01,8.296398e-01
1.223746e-01,4.355416e-01
1.819926e-01,6.759033e-01
2.157274e-01,5.719806e-01
3.068611e-02,4.973161e-01
8.917056e-02,3.887838e-01
4.523918e+00,6.182337e-03
6.936358e-03,5.302573e-01
6.084627e-02,6.003904e-01
5.680527e-01,9.902012e-02
1.060248e-01,4.870782e-01
1.327846e-01,4.404550e-01
1.418838e-01,4.576564e-01
1.258276e-01,4.596180e-01
2.138660e-01,3.739288e-01
1.437552e-01,5.256373e-01
3.290567e-01,5.148747e-01
2.767835e-01,5.084301e-01
5.385769e-02,5.769724e-01
2.368192e+00,7.478816e-01
1.778166e-01,5.851463e-01
5.259901e-02,4.389725e-01
9.053555e-02,4.257857e-01
1.292069e-05,4.619366e-01
1.687715e-02,4.817366e-01
1.721863e-01,5.449166e-01
4.019810e-05,4.977936e-01
6.602120e-02,5.894170e-01
4.915982e-01,5.115742e-01
2.123379e-02,5.970126e-01
2.477316e-01,5.479641e-01
6.436489e-02,4.876228e-01
1.001236e-01,4.784653e-01
5.104149e-01,5.118325e-01
6.380591e-02,5.822648e-01
3.616649e-04,5.648037e-01
1.576308e-02,5.162877e-01
2.517952e-02,4.838945e-01
4.419343e-02,7.486016e-01
7.665385e-02,6.457245e-01
2.860449e-02,4.474474e-01
1.937606e-01,5.518823e-01
5.044295e-02,4.362566e-01
1.167584e-01,6.240315e-01
1.091647e-01,6.145648e-01
2.143239e-02,4.555745e-01
1.287305e-01,5.132978e-01
1.563819e-01,6.520674e-01
2.670057e-10,6.368592e-01
1.143668e-01,5.945993e-01
1.768534e-01,4.469040e-01
1.141638e+00,2.428348e-01
4.255113e-02,4.158222e-01
4.897418e+00,1.367521e-02
4.276350e-07,5.269782e-01
6.449843e-02,6.310308e-01
5.660760e-02,4.110164e-01
1.113683e-01,5.656651e-01
1.146022e-01,4.800406e-01
7.369546e-02,4.485727e-01
9.383585e-02,9.500565e-01
4.614562e-02,4.666921e-01
4.140132e-01,6.963247e-01
2.533679e-01,4.536410e-01
1.713472e-01,4.671189e-01
3.215811e-01,4.245825e-01
4.373170e-01,9.036929e-01
3.807508e-02,4.822837e-01
5.048988e-02,5.976754e-01
2.424152e-02,5.227860e-01
1.767721e-01,6.443073e-01
8.943660e-02,4.715367e-01
4.478696e-02,4.521096e-01
1.072832e-01,5.062279e-01
2.116457e-01,7.098774e-01
1.337341e-01,7.154988e-01
7.641267e-06,5.695791e-01
3.149722e-01,7.663744e-01
8.845101e-02,5.059823e-01
9.440314e-02,4.091577e-01
1.171822e+00,7.338359e-01
2.469574e-02,4.910188e-01
2.031723e-01,4.925835e-01
1.053745e-07,5.494031e-01
1.161718e-03,6.157239e-01
4.866473e-02,8.009945e-01
5.752158e-05,5.112342e-01
2.970253e-02,4.039397e-01
5.481359e-02,4.102459e-01
1.165403e-01,6.219680e-01
2.528997e+00,3.109687e-01
2.735668e-01,6.030103e-01
7.392486e-02,6.995402e-01
1.616144e-06,4.798856e-01
1.869055e-01,6.158108e-01
3.163747e-02,4.875657e-01
2.380507e-01,6.613028e-01
2.745574e-02,5.851801e-01
1.892550e-01,3.089083e-01
1.366321e-01,4.776626e-01
3.147009e-02,5.258249e-01
3.856127e-01,8.743569e-01
1.338199e+00,9.987259e-01
1.036228e-01,6.549913e-01
5.687051e-01,7.914056e-01
4.017664e-02,4.895292e-01
1.036721e+00,1.124992e+00
1.722720e-01,4.775725e-01
1.697536e-01,6.074591e-01
4.945282e-02,6.030112e-01
1.574416e-01,7.655635e-01
4.141750e-02,5.737247e-01
2.076062e-01,4.754908e-01
3.967425e-01,7.665567e-01
6.536468e-02,4.980148e-01
5.335266e-02,8.218152e-01
2.026852e-02,4.968937e-01
6.838489e-02,5.269312e-01
1.786019e-01,4.342570e-01
1.073715e-01,4.186995e-01
5.920417e+00,7.802867e-02
1.893718e-01,5.353011e-01
2.614108e-03,4.822270e-01
2.785665e-01,7.469106e-01
6.319893e-04,5.802792e-01
7.584329e-01,8.689523e-01
8.992402e-02,4.935614e-01
3.551838e-03,5.285493e-01
1.518982e-01,5.211985e-01
1.384825e-01,4.828717e-01
4.356355e-08,4.731595e-01
4.255196e-01,5.770032e-01
2.222958e-02,5.221943e-01
2.194451e-01,3.872909e-01
1.732907e-01,5.552228e-01
8.168678e-02,6.079581e-01
1.445248e-02,4.747562e-01
1.084895e-01,8.640321e-01
5.538387e-01,7.251172e-01
2.308352e-01,3.936427e-01
1.372445e-01,5.309792e-01
7.172573e-02,4.389765e-01
9.120605e-02,6.046326e-01
5.531242e-01,4.969723e-01
4.144849e+00,2.813243e-01
1.448365e-01,6.660252e-01
2.560747e-01,5.478460e-01
5.785426e-02,4.144785e-01
3.340701e-02,6.251464e-01
3.933021e+00,6.634520e-03
6.520014e-01,6.692430e-01
5.057838e-02,5.863905e-01
7.883269e-02,5.990875e-01
5.771250e-02,5.424151e-01
4.183894e-01,1.441716e+00
4.639507e-03,5.007473e-01
9.009373e-01,8.484551e-01
3.375866e-05,4.529497e-01
1.675647e+00,1.325077e+00
1.825068e+00,6.328927e-01
1.241153e-01,1.232430e+00
5.438004e-06,4.753975e-01
1.987518e+00,3.897236e-01
6.471548e-01,9.109205e-01
8.173196e-07,5.292204e-01
2.801378e-02,5.533278e-01
4.794635e+00,4.418813e-02
8.195537e-02,5.427063e-01
4.645563e+00,3.195181e-02
5.646530e+00,1.762459e-05
1.974205e-02,4.793860e-01
5.212739e-02,5.514826e-01
3.127428e-01,3.757727e-01
1.818197e-01,4.248895e-01
2.635046e-01,5.619321e-01
6.294420e-03,4.993895e-01
8.117011e-01,8.297313e-01
5.715775e-02,8.994218e-01
7.716565e-02,6.026978e-01
7.965691e-02,4.907731e-01
9.177045e-02,3.619836e-01
3.328903e-01,5.834881e-01
4.290569e-02,7.205061e-01
7.857020e-02,4.423305e-01
5.171663e-02,5.383648e-01
4.151967e-02,4.256384e-01
1.401365e+00,8.213214e-01
1.713831e+00,8.295573e-01
2.386253e-01,8.962899e-01
1.994412e-01,6.884966e-01
1.819459e-01,6.535170e-01
8.884488e-01,6.411829e-01
1.017837e-01,5.174675e-01
3.563574e-02,5.896809e-01
2.842919e-02,4.072269e-01
2.291950e-01,4.420802e-01
3.087748e-01,4.440597e-01
2.804865e-01,6.533943e-01
1.698781e-01,4.055354e-01
7.869857e-02,3.771938e-01
7.001506e-02,4.919567e-01
1.062569e+00,6.171699e-01
4.187956e-02,4.298280e-01
4.258518e-02,4.359764e-01
2.512888e-01,6.123193e-01
4.908456e+00,4.498296e-02
5.513168e-02,4.503493e-01
1.777688e-01,5.896704e-01
2.992665e-03,4.774314e-01
4.660364e-02,5.963791e-01
3.948635e-01,2.500896e-01
3.229908e-02,6.193281e-01
5.135878e-02,4.646572e-01
5.962995e-03,8.113636e-01
1.436668e-01,4.382538e-01
1.705595e-01,5.888582e-01
6.720392e-04,5.107300e-01
1.481333e-01,4.256192e-01
2.308652e-01,6.582286e-01
1.135030e+00,8.043877e-01
7.995625e-02,5.847109e-01
7.633936e-02,4.822828e-01
7.715697e-02,7.237979e-01
1.630251e-01,5.501908e-01
2.628266e-02,4.179580e-01
3.817816e-02,6.212318e-01
1.273343e-03,4.631449e-01
4.197912e-01,7.880098e-01
1.499502e+00,6.712846e-01
8.159987e-02,6.416663e-01
5.894387e-02,6.445581e-01
3.550831e-01,5.428545e-01
3.091967e-01,4.795930e-01
9.578957e-02,6.210540e-01
1.282713e+00,8.289756e-01
1.177594e+00,6.595839e-01
6.055237e-02,4.795386e-01
1.275213e-01,4.201064e-01
2.576833e-01,6.810739e-01
1.278348e-01,4.803957e-01
4.032844e-01,7.118549e-01
1.316999e-01,5.758928e-01
6.622642e-01,5.845787e-01
3.576047e-01,7.426072e-01
8.471366e-02,4.350475e-01
3.934055e-02,5.328220e-01
1.165646e-01,6.959493e-01
1.309532e-01,4.240180e-01
3.296011e-01,2.767271e-01
8.377443e-02,5.098193e-01
3.367990e-02,4.141311e-01
1.915745e-01,4.684624e-01
9.841382e-02,5.718091e-01
2.401742e-02,6.059409e-01
1.062660e-01,5.720939e-01
1.564666e-02,4.805038e-01
3.408808e-02,5.864658e-01
7.626663e-02,5.406465e-01
1.538805e-03,5.481407e-01
5.279666e-01,6.185245e-01
1.683134e-01,6.198531e-01
1.548796e-01,6.376028e-01
2.841289e-02,9.297340e-01
7.268702e-03,4.537409e-01
2.496081e-02,7.060777e-01
1.967438e-03,5.971231e-01
2.310162e-02,4.205680e-01
4.130335e-01,6.433095e-01
2.959222e-02,4.847588e-01
2.354749e-12,4.910992e-01
7.788644e-02,4.204669e-01
2.240672e-05,5.807793e-01
1.971759e-02,6.408634e-01
1.797090e-01,3.436502e-01
1.374769e-01,4.276353e-01
6.526528e-03,4.857443e-01
4.643100e+00,4.294270e-02
7.335331e-07,4.955835e-01
1.865932e-01,3.626688e-01
1.577627e-01,4.648101e-01
7.017721e-02,5.882495e-01
1.429118e-01,4.142062e-01
5.749043e-01,7.504399e-01
4.768082e-01,5.618311e-01
4.168486e-02,4.299877e-01
1.103271e-01,4.342141e-01
1.064615e-01,4.755076e-01
1.200041e-01,5.182152e-01
1.664218e-01,8.254692e-01
3.433605e-02,4.427447e-01
5.900446e-02,4.337169e-01
7.402588e-02,4.034523e-01
4.869048e+00,1.266509e-01
3.766806e-02,5.140121e-01
2.836430e-02,7.032852e-01
6.061876e-02,6.409414e-01
4.081819e+00,1.984922e-01
9.107903e-02,6.899503e-01
3.098980e-01,7.570829e-01
4.606179e-08,5.000690e-01
1.855231e-01,5.833081e-01
1.568395e-01,6.718741e-01
3.804852e+00,3.965880e-01
1.319968e-03,4.474094e-01
4.352502e-02,7.132706e-01
8.683341e-01,1.598602e-01
2.784625e-02,5.063735e-01
1.180605e-01,5.489619e-01
7.518255e-02,5.168689e-01
9.032634e-01,7.703028e-01
3.135326e-02,4.698592e-01
1.469927e-01,3.727360e-01
2.741591e-07,5.449181e-01
3.539866e-02,4.822372e-01
3.248174e-01,6.573857e-01
6.109705e-02,4.589095e-01
1.068994e-01,4.706634e-01
7.470237e-02,4.365342e-01
7.984541e-06,5.942459e-01
5.317344e-02,4.990477e-01
1.408759e-01,3.777547e-01
7.678318e-02,7.913784e-01
3.344966e-01,6.516864e-01
1.083250e-01,5.973140e-01
7.638421e-02,7.154620e-01
1.395230e+00,5.998663e-01
1.539737e-01,5.464051e-01
5.476351e-02,4.641061e-01
4.497247e-02,4.990491e-01
5.558821e-01,5.844079e-01
1.762226e-01,4.967557e-01
2.667079e-03,4.059398e-01
4.856689e-01,5.478336e-01
2.299610e-01,4.392092e-01
6.237445e-02,4.645888e-01
1.340017e-01,6.659451e-01
1.138736e-05,5.359391e-01
1.226605e+00,3.749421e-01
4.469512e-02,5.104890e-01
1.780785e-02,6.715823e-01
1.268676e-04,4.842677e-01
8.932676e-02,4.335049e-01
9.193048e-02,3.708221e-01
3.716958e+00,4.911289e-01
6.657165e-02,4.364780e-01
3.231335e-01,6.318578e-01
2.680942e-02,6.552268e-01
7.447596e-02,7.125428e-01
2.633978e-01,6.719003e-01
6.036703e+00,1.508026e-01
2.246918e-04,5.290367e-01
1.385818e-01,4.469109e-01
6.772155e-01,6.104332e-01
1.185122e-01,4.544079e-01
1.222501e-01,4.244314e-01
2.474096e-01,5.033790e-01
1.562563e-01,6.656252e-01
1.908010e-02,5.853249e-01
7.087315e-02,5.921635e-01
2.129011e-01,4.935709e-01
1.630661e-01,6.398557e-01
3.885267e-02,5.803140e-01
4.167221e-05,8.341617e-01
4.678468e+00,2.962146e-02
5.562123e-01,7.747463e-01
3.623650e-02,6.990686e-01
7.832490e-02,4.133798e-01
1.009929e-07,4.933416e-01
1.047590e-01,4.365402e-01
1.673411e-01,4.210717e-01
4.589540e-02,4.265330e-01
3.495278e-02,4.444812e-01
4.518652e-02,6.939677e-01
1.793397e-01,6.623828e-01
2.085426e-01,6.003003e-01
8.240655e-02,5.266389e-01
8.450243e-01,1.271065e+00
7.231791e-02,7.658901e-01
2.367639e-01,5.188410e-01
1.575437e-01,4.022008e-01
3.527252e-02,4.576736e-01
7.760114e-03,5.228540e-01
1.159962e-01,4.093805e-01
3.113953e-02,6.000973e-01
4.606198e-02,5.519742e-01
8.699246e-02,6.193021e-01
8.067187e-02,6.244881e-01
9.174912e-01,7.877811e-01
4.261221e-02,5.884417e-01
8.782408e-02,5.289213e-01
8.558437e-05,4.327250e-01
1.489694e-01,5.303289e-01
4.405043e+00,9.250604e-02
9.452150e-01,1.775090e-01
4.241816e-01,9.525922e-01
3.007173e-02,5.875187e-01
3.215795e-02,5.992617e-01
8.157757e-02,4.869547e-01
2.107019e+00,1.233509e+00
5.015711e+00,5.789259e-02
8.459927e-02,5.405370e-01
3.714327e+00,4.035895e-01
4.654761e-01,6.496151e-01
1.184139e-01,4.096393e-01
9.526536e-02,6.596060e-01
1.542688e-01,5.528904e-01
1.465500e-02,4.970147e-01
8.756179e-02,3.542244e-01
1.676554e-01,8.334269e-01
5.675494e-02,4.490174e-01
2.402785e+00,5.557989e-01
1.017418e+00,1.294793e-01
1.959201e-01,6.644760e-01
1.104073e-01,5.843932e-01
1.852324e-02,4.355368e-01
4.508300e-02,6.424760e-01
9.104302e-02,4.679761e-01
9.640939e-02,6.205455e-01
1.341649e-03,4.339368e-01
6.863100e-02,5.334566e-01
2.709535e+00,3.960554e-01
6.623546e-04,4.412216e-01
9.657972e-02,4.096143e-01
1.635601e-01,5.273273e-01
1.834576e-07,4.574621e-01
1.569675e-01,5.147967e-01
2.231006e-01,5.322941e-01
2.183977e-02,4.888772e-01
3.326156e-01,7.877775e-01
2.265896e-01,4.621576e-01
9.304474e-02,4.865159e-01
2.513079e-02,4.906619e-01
8.105332e-01,7.746280e-01
4.993731e-02,4.658235e-01
3.679347e-01,4.246718e-01
5.928348e-01,1.025006e+00
1.798993e-01,3.502214e-01
6.508370e-02,5.139425e-01
4.099655e-02,5.449181e-01
2.085031e-01,8.447611e-01
4.831298e-02,4.223070e-01
1.460865e-01,4.362684e-01
1.416045e-01,4.421883e-01
4.932401e-01,6.201077e-01
2.959758e-01,7.685059e-01
5.418928e-01,6.003709e-01
2.679493e-01,3.699184e-01
4.216199e-01,6.317795e-01
6.133822e-05,5.224433e-01
3.082972e-02,5.824118e-01
2.532387e-01,9.336340e-01
1.537288e-01,6.093950e-01
7.643527e-02,4.665069e-01
1.326854e-01,4.831433e-01
1.107484e-01,4.675053e-01
9.361500e-02,4.972603e-01
1.159170e-01,4.229002e-01
1.506137e-01,3.787348e-01
5.416212e+00,4.547316e-02
1.579741e-01,4.422120e-01
2.006912e-01,5.035890e-01
1.542839e-04,4.640631e-01
9.075092e-09,5.023115e-01
2.604083e-01,6.115642e-01
3.433691e-02,4.741385e-01
5.213503e-01,8.728665e-01
1.870419e-04,5.111279e-01
1.854318e-01,7.852046e-01
3.877917e-03,5.708885e-01
2.730131e-02,5.516699e-01
3.648161e-01,6.425070e-01
1.050885e-01,4.183301e-01
5.607553e-06,5.471562e-01
2.848894e-01,6.408119e-01
1.690879e-01,5.362466e-01
4.753979e-02,5.776713e-01
3.638484e-01,4.661464e-01
4.369215e-01,6.080124e-01
1.492259e-01,4.561172e-01
1.412734e-01,5.231886e-01
1.417675e-01,6.618159e-01
6.211619e-02,9.110507e-01
2.002703e-05,5.157499e-01
1.378753e-01,4.699151e-01
4.358104e+00,3.235027e-02
1.431565e-01,5.463107e-01
7.881084e-02,4.757700e-01
2.442249e-01,6.382973e-01
8.444316e-03,4.325941e-01
1.419255e-01,5.024714e-01
2.413753e-05,5.538683e-01
3.356985e-02,5.487691e-01
3.865914e+00,9.981650e-02
1.599665e-01,6.132469e-01
9.396866e-02,4.835154e-01
3.648860e-02,6.158906e-01
1.766305e-01,5.143607e-01
4.020177e-01,7.465312e-01
1.924191e-01,7.256525e-01
1.303139e-01,4.828466e-01
1.640558e-01,5.134658e-01
2.564593e-01,4.084979e-01
3.049213e-03,5.222343e-01
3.756041e-03,5.126845e-01
1.691930e-01,3.724606e-01
3.322328e-01,6.131795e-01
4.221522e-02,5.842825e-01
2.713649e-01,5.263307e-01
6.440721e-03,5.194516e-01
4.441174e+00,7.161779e-05
3.559222e-02,4.260168e-01
2.890576e+00,4.605475e-01
4.122202e-05,5.403996e-01
1.795766e-01,8.617675e-01
6.563319e-02,5.628258e-01
1.821726e-01,1.056974e+00
1.331278e-01,6.038732e-01
5.150785e+00,5.918834e-02
6.744689e-02,4.223051e-01
1.174657e-01,3.902351e-01
1.981613e-02,4.972649e-01
8.225329e-01,7.849646e-01
4.870686e-02,4.892577e-01
3.618682e-01,5.619545e-01
1.394205e-07,5.224936e-01
1.757246e-02,4.991058e-01
1.590165e-01,3.942650e-01
3.358384e+00,6.821810e-01
2.438315e-01,7.440158e-01
4.341816e-01,6.349275e-01
1.358599e+00,4.056754e-01
1.063242e-01,7.065939e-01
7.845494e-06,5.269722e-01
2.119342e-02,4.647404e-01
8.739951e-01,3.144303e-01
1.070525e-01,4.974474e-01
1.692470e-02,6.050330e-01
7.213348e-02,4.498543e-01
4.312623e-01,1.081330e+00
1.384418e-01,5.569064e-01
4.024929e-01,6.228059e-01
1.299630e-01,4.651948e-01
1.012964e-01,4.528360e-01
1.846136e-01,6.602980e-01
3.028076e-02,5.402555e-01
1.520488e-03,5.773077e-01
1.322776e-01,6.471776e-01
1.889457e-01,4.908015e-01
6.743078e-02,5.792906e-01
3.855220e-01,8.789162e-01
4.407781e-02,4.549339e-01
8.076659e-02,5.257420e-01
2.775025e-01,8.105725e-01
3.867459e-02,5.311260e-01
1.791445e-02,5.324622e-01
6.080050e-02,3.761817e-01
2.713277e-01,5.756955e-01
2.240952e+00,6.100950e-01
1.201924e-01,5.853346e-01
5.772320e+00,5.602341e-02
4.021444e-14,4.619472e-01
9.298374e-01,9.817153e-01
4.823742e-01,7.994501e-01
5.252871e-01,8.090899e-01
2.813987e-01,6.817979e-01
3.655040e-01,3.481800e-01
1.071640e-01,5.444476e-01
2.870628e-01,5.112083e-01
1.855912e-01,6.527686e-01
8.212222e-02,4.416586e-01
1.749305e-01,4.798761e-01
2.691402e-02,6.730806e-01
5.266609e+00,1.300990e-01
2.265986e-02,6.563890e-01
3.486580e-02,5.387360e-01
1.068480e-01,6.164656e-01
2.695783e-01,4.291283e-01
4.366732e-04,6.454708e-01
2.307370e-01,5.125738e-01
2.144504e-01,5.550887e-01
9.090490e-02,5.488181e-01
3.323943e-02,5.311005e-01
3.418466e-02,4.608086e-01
7.917431e-02,4.866841e-01
8.964606e-02,4.534251e-01
1.343707e-01,4.167291e-01
3.543902e-02,4.485672e-01
4.520397e-02,5.526782e-01
7.587988e-03,7.113620e-01
1.225514e-01,4.869731e-01
4.107745e-01,6.092835e-01
2.395920e-01,6.174314e-01
9.867049e-02,4.392933e-01
1.700368e-01,6.408637e-01
3.708275e-01,5.680583e-01
1.061167e-01,4.870028e-01
4.495986e-01,7.411286e-01
7.127777e-01,7.359848e-01
2.072103e-01,8.009726e-01
1.431336e-01,4.947528e-01
1.409726e-01,5.099806e-01
1.100397e-01,3.873582e-01
3.313877e-01,6.946016e-01
1.781429e-01,4.211788e-01
2.022923e-01,4.888205e-01
3.570572e-02,5.492591e-01
3.921987e-01,7.299205e-01
1.603558e-01,7.564450e-01
7.772445e-02,5.753297e-01
5.824962e-02,4.477910e-01
3.391634e-02,4.004823e-01
4.159845e+00,1.026973e+00
3.149662e-01,6.094069e-01
9.312921e-02,4.528097e-01
2.378855e-01,5.807098e-01
1.293782e-01,6.361017e-01
1.658387e-01,4.716386e-01
5.927735e-02,4.693724e-01
8.158433e-02,4.510698e-01
3.568685e-03,5.397478e-01
9.133658e-02,4.744627e-01
4.260145e-01,2.918045e-01
1.494623e+00,9.645656e-01
2.691581e-03,4.821634e-01
2.258015e-08,5.135238e-01
1.225550e-10,5.628580e-01
1.452403e-04,4.707979e-01
8.030330e-02,6.786095e-01
6.590316e-02,4.930880e-01
1.329224e-01,5.300405e-01
3.591646e-01,7.211452e-01
1.358051e-07,4.776443e-01
2.150558e-03,7.158234e-01
8.757117e-02,4.349454e-01
2.717163e-01,3.556153e-01
1.574854e+00,6.318837e-01
8.869515e-02,5.573586e-01
8.722140e-02,6.594786e-01
2.571387e-02,6.247312e-01
6.877299e-02,3.987924e-01
1.330799e-01,4.133032e-01
2.054671e-01,4.413664e-01
3.525815e-01,5.785440e-01
1.289546e-02,6.397335e-01
1.997125e-01,6.075453e-01
1.605838e-01,6.822567e-01
1.455199e-01,6.721918e-01
9.693903e-02,5.752616e-01
4.694659e-02,8.494959e-01
9.593059e-01,7.288056e-01
2.569949e-01,4.349679e-01
1.158014e-01,4.656019e-01
1.518203e-01,6.378704e-01
2.863733e-01,6.081999e-01
3.180814e-01,7.638233e-01
2.343941e-01,9.737628e-01
4.914757e-03,5.947049e-01
7.000743e-02,4.471137e-01
7.445962e-02,8.829833e-01
4.573597e-02,4.961802e-01
2.219337e-01,6.543444e-01
2.807124e-01,5.926625e-01
3.196724e-05,4.439813e-01
7.142730e-02,4.280091e-01
1.409929e-02,5.849266e-01
9.055497e-02,4.347397e-01
1.892799e-01,6.183475e-01
1.755488e-01,5.309454e-01
2.608586e-01,8.713203e-01
3.298849e-02,5.761557e-01
3.019087e-02,5.470566e-01
2.550322e-02,4.970837e-01
3.832342e-01,8.695810e-01
2.118929e-01,7.007047e-01
6.324356e-02,4.526634e-01
4.673323e-02,4.662099e-01
5.511806e-02,4.055112e-01
4.278287e+00,1.023241e-01
1.688237e-01,4.804017e-01
1.561404e-01,4.526864e-01
8.679429e-02,4.445526e-01
7.955778e-02,4.033984e-01
5.933438e-01,7.465228e-01
5.066699e-02,5.571657e-01
1.429617e-01,7.998687e-01
6.394535e-02,5.799079e-01
3.660768e-01,5.697137e-01
8.208513e-02,6.412682e-01
2.018637e-01,5.429913e-01
6.122793e-02,4.789843e-01
3.878937e-02,4.704853e-01
9.530555e-02,5.519348e-01
6.249206e-01,9.807400e-01
7.835260e-02,4.806309e-01
1.268175e-01,6.695972e-01
4.805542e+00,1.729924e-02
4.672916e-02,7.353087e-01
3.511537e+00,4.075500e-02
2.861182e-09,4.888567e-01
8.674353e-02,5.746571e-01
2.236872e-02,5.669293e-01
1.695746e-01,5.919088e-01
6.845851e-02,4.708092e-01
7.022846e-02,5.792376e-01
2.567161e-01,8.186577e-01
2.276090e-02,5.464254e-01
1.180611e-01,7.283583e-01
9.907553e-02,6.430250e-01
9.184178e-01,2.869518e-01
8.137283e-02,5.745788e-01
5.860370e-02,4.093787e-01
1.639371e-01,7.714463e-01
9.408427e-02,5.888163e-01
4.419763e-02,4.727753e-01
1.889287e-01,5.536043e-01
5.643171e+00,1.238670e-01
9.148573e-02,5.034923e-01
5.157545e-02,4.129028e-01
4.782072e-01,8.365061e-01
4.975143e-02,4.749458e-01
3.797664e-02,4.846069e-01
3.190065e-01,8.550052e-01
3.586217e-02,4.213104e-01
1.841031e-01,5.194418e-01
4.230622e-02,5.169339e-01
5.525349e-02,5.623724e-01
1.497158e-01,3.368648e-01
1.134925e-01,3.643431e-01
3.369377e-02,5.352127e-01
3.190037e-02,4.402583e-01
2.510535e-01,6.932409e-01
1.836665e-01,4.323441e-01
5.258830e-04,5.265471e-01
1.758677e-02,5.125489e-01
1.300058e-01,4.382501e-01
1.789049e-03,5.613901e-01
5.076868e-02,6.265986e-01
4.754983e-01,7.647274e-01
4.860805e-02,4.758840e-01
2.751121e-01,8.035640e-01
1.928897e-01,4.763531e-01
2.626242e-02,6.040989e-01
1.074412e-01,5.150681e-01
2.986324e-01,5.443224e-01
6.317529e-01,2.396066e-01
1.292172e-01,6.115667e-01
2.842172e-01,5.673623e-01
1.859804e-01,5.896603e-01
2.651378e-01,7.063521e-01
1.295438e-01,3.848101e-01
1.038565e-01,4.395232e-01
1.188887e-01,5.191303e-01
1.803120e-01,3.790348e-01
1.712077e-01,6.399030e-01
2.672926e+00,2.488003e-05
1.812008e-01,7.236448e-01
1.326666e-01,4.697039e-01
4.576648e-02,5.320345e-01
1.390079e-01,5.811090e-01
2.192588e-01,5.242339e-01
1.273339e-01,6.803859e-01
5.720554e-02,4.576175e-01
1.245720e-02,4.719084e-01
4.191076e-01,7.616612e-01
3.790545e-01,4.267604e-01
1.491686e-01,6.916227e-01
2.438902e-02,6.146059e-01
1.979100e-01,6.538735e-01
8.278099e-02,4.545729e-01
4.904545e-02,4.172211e-01
2.324619e-01,6.748582e-01
7.085218e-01,5.825043e-01
5.743980e-09,5.718278e-01
5.449826e+00,1.031065e-01
6.671422e-05,4.955294e-01
1.213397e-01,5.776658e-01
7.848492e-02,4.424005e-01
2.037378e+00,5.035443e-01
7.379816e-02,4.664281e-01
7.651857e-02,4.529837e-01
2.112387e-01,3.962666e-01
1.890818e-02,4.957674e-01
1.472634e-01,6.819736e-01
1.483979e-01,3.446735e-01
2.927258e-01,1.069420e+00
3.367196e-02,4.634718e-01
1.328125e-02,6.102649e-01
2.224284e+00,5.228599e-01
1.424582e-01,4.414879e-01
1.019732e-04,6.098660e-01
3.760749e-02,4.961221e-01
3.315041e-02,4.302628e-01
2.613423e-02,5.571124e-01
8.817258e-02,4.456642e-01
4.773622e-01,1.032294e+00
3.122080e-01,7.170657e-01
2.871027e-01,5.358427e-01
3.904212e-01,6.798023e-01
3.623347e-02,3.918538e-01
6.176741e+00,2.693313e-02
2.595438e-01,5.696668e-01
6.258092e-02,4.464797e-01
2.185062e-02,4.462615e-01
3.785387e+00,1.546759e-01
4.971642e-01,5.294320e-01
4.695360e-02,9.481585e-01
6.091120e+00,5.681993e-02
1.472288e-01,7.470334e-01
1.086412e-01,5.365082e-01
1.212977e-01,6.270344e-01
1.720097e-03,5.031427e-01
1.424428e-01,5.962304e-01
1.740245e-02,5.553069e-01
7.078781e-02,6.841744e-01
5.136719e-02,5.879857e-01
3.088544e-02,5.420018e-01
1.959458e-03,5.679777e-01
2.742617e-02,6.950850e-01
4.015645e-02,4.940307e-01
6.319067e-01,8.516726e-01
1.049981e-02,4.488473e-01
3.891441e-02,4.838375e-01
9.560896e-02,3.857437e-01
2.282940e-02,5.530966e-01
3.886054e-02,5.130337e-01
1.655363e-04,5.896317e-01
8.204511e-02,5.314204e-01
4.731216e-02,4.029460e-01
5.515250e+00,5.391204e-02
2.080784e-02,5.323306e-01
6.900803e-13,4.170980e-01
8.740470e-02,4.866586e-01
3.662039e+00,5.630207e-02
9.392986e-02,4.543952e-01
3.311106e-02,6.747234e-01
1.250645e-01,4.378194e-01
1.263175e-01,4.121244e-01
5.963519e-02,5.453225e-01
8.916516e-02,6.287317e-01
5.192859e-01,1.570458e-08
1.121229e-01,8.027469e-01
8.015541e-05,5.089731e-01
2.492742e-07,5.359482e-01
9.486280e-03,6.604703e-01
1.950111e-01,6.562520e-01
2.467061e-01,5.914123e-01
4.725942e-02,5.980835e-01
1.462177e-01,5.550113e-01
4.812626e-02,5.390682e-01
9.680149e-02,4.632514e-01
6.203155e-01,4.014783e-01
1.824832e-01,5.835599e-01
5.040363e-01,1.012650e+00
3.382745e-01,3.032476e-01
9.567524e-02,7.153312e-01
2.246153e-04,5.492189e-01
1.026383e-01,4.719171e-01
1.482303e-01,4.524492e-01
2.432276e-01,8.364522e-01
4.091593e-02,6.077731e-01
1.445367e-08,4.955841e-01
1.905994e-09,5.359484e-01
2.339661e-01,6.982911e-01
5.825619e-02,5.016047e-01
4.377618e-02,5.224552e-01
1.211453e-01,4.813994e-01
2.479615e-01,5.522603e-01
1.423998e-01,6.612971e-01
2.927233e-02,4.917487e-01
1.685396e-01,6.376072e-01
2.502911e+00,6.821954e-01
5.164036e-02,5.473973e-01
2.522559e-01,7.214064e-01
4.578273e-02,4.714747e-01
1.672503e-02,5.065285e-01
9.502804e-01,9.200928e-01
1.811352e-01,5.353317e-01
3.667993e-02,4.228819e-01
4.900778e-01,9.456168e-01
2.747838e-03,4.282982e-01
2.205366e-01,4.267597e-01
3.441359e-02,4.965002e-01
1.060769e-01,4.242465e-01
3.132632e-01,4.897112e-01
2.195146e-02,5.852114e-01
1.192279e-01,4.717603e-01
2.658578e-02,4.827407e-01
3.601875e-01,5.633335e-01
1.639425e-01,7.176228e-01
4.192465e-02,4.163362e-01
1.405405e-01,3.556053e-01
3.541523e-02,4.710113e-01
1.331944e-03,4.832790e-01
2.016735e-01,6.844225e-01
1.306242e-01,5.072591e-01
7.470748e-06,6.301257e-01
4.492460e-01,6.091126e-01
3.096327e-02,4.477545e-01
7.888990e-02,4.218861e-01
6.875526e-05,5.246797e-01
2.633667e-01,7.504120e-01
2.638003e-01,8.599369e-01
4.689346e-02,5.804440e-01
2.454659e-01,7.964939e-01
2.449331e+00,7.732493e-01
4.263553e-04,5.131740e-01
1.542213e-01,5.596567e-01
1.362899e-01,3.972147e-01
2.045292e-01,5.609864e-01
9.478200e-02,6.039410e-01
3.955535e-02,5.416156e-01
2.274099e-02,6.944443e-01
2.923179e-05,5.807737e-01
6.554326e-02,5.247778e-01
3.779998e-02,5.811777e-01
1.760446e-01,4.498100e-01
3.282680e-04,5.625887e-01
1.043544e-01,4.592968e-01
9.008667e-01,9.023321e-01
2.197681e-01,6.090297e-01
2.484745e-02,4.886519e-01
2.172226e-02,4.486093e-01
5.034292e-05,4.529360e-01
6.354397e-02,5.622976e-01
2.127864e-01,5.340294e-01
1.644578e-01,6.521685e-01
7.913648e-02,5.382918e-01
1.097463e-01,7.710600e-01
3.459747e-01,6.153593e-01
3.323592e-02,5.535280e-01
1.229752e-01,4.507460e-01
1.053620e-01,4.629550e-01
7.617879e-02,6.483567e-01
2.571960e-01,6.186848e-01
5.932794e-02,5.949088e-01
2.063726e-03,6.060140e-01
8.599045e-01,1.331397e-01
1.289549e+00,2.784486e-01
2.775197e-01,7.836489e-01
1.373292e-01,3.716949e-01
1.319635e-01,2.280949e-01
2.380525e-01,1.004398e+00
6.752904e-02,7.003030e-01
3.322785e-02,4.952306e-01
4.369486e-03,4.583621e-01
4.068587e-01,8.188029e-01
3.492162e-01,4.265754e-01
2.004718e-04,4.752375e-01
3.612507e-01,6.409474e-01
3.840031e-02,5.492907e-01
4.100556e-04,4.324587e-01
9.762792e-01,6.789998e-01
1.363903e-01,3.881625e-01
4.384699e-03,5.031988e-01
3.041924e-03,5.356950e-01
3.905384e-02,5.622093e-01
1.299851e-01,4.786314e-01
2.367503e-08,5.651004e-01
1.489337e-02,4.923341e-01
1.462773e-03,4.809292e-01
4.848233e-02,5.612007e-01
3.265187e-01,5.416242e-01
4.089189e-02,6.010655e-01
9.055998e-02,6.589818e-01
1.097388e-01,5.131830e-01
2.775080e-02,4.436629e-01
5.138840e-02,4.197836e-01
1.689049e-01,5.924582e-01
2.057496e-01,4.030128e-01
1.587836e-01,7.577350e-01
1.345192e-01,4.367894e-01
4.606190e-01,6.446305e-01
1.361768e-01,4.466417e-01
2.696528e-01,3.573084e-01
3.374611e-01,6.582240e-01
6.092951e-02,4.680168e-01
1.146284e-01,6.930530e-01
1.072962e+00,7.162810e-01
2.306642e-02,5.439323e-01
5.984875e-02,5.070254e-01
5.259761e-02,5.959460e-01
5.895001e-07,5.897671e-01
5.997850e-09,5.269786e-01
1.274834e-01,5.098361e-01
1.584529e-01,4.373343e-01
4.041381e-01,6.528505e-01
1.802364e-01,3.813393e-01
1.069246e-01,5.244618e-01
8.068972e-04,5.711658e-01
6.221198e-02,7.046656e-01
5.348511e-02,6.647341e-01
2.112216e-02,4.715263e-01
5.296646e-02,6.517049e-01
3.090173e-02,4.612598e-01
3.387302e-01,7.266990e-01
2.237940e+00,5.587471e-01
1.645706e-01,4.906188e-01
8.648286e-02,4.582629e-01
8.475312e-01,8.274533e-02
3.396409e-02,4.587472e-01
2.123493e+00,4.754952e-01
8.551805e-02,4.276601e-01
3.795251e-03,7.907176e-01
1.009063e-01,5.787339e-01
9.376645e-02,4.455594e-01
1.087552e-02,4.911458e-01
3.376460e-01,5.123122e-01
4.379353e-02,4.013481e-01
9.715169e-02,4.584791e-01
2.757950e-02,7.442934e-01
1.116303e-01,8.771524e-01
7.317814e-02,4.826341e-01
5.295564e-02,3.983156e-01
5.694838e-04,6.027551e-01
2.267098e-01,5.001808e-01
3.436739e-01,7.854318e-01
9.245328e-02,5.879120e-01
9.751411e-02,4.492119e-01
1.576852e-01,4.962682e-01
4.964928e-02,4.839995e-01
1.477378e-01,5.156422e-01
2.887604e-02,4.360123e-01
4.016202e-01,7.087354e-01
2.848124e-02,7.345837e-01
3.660825e-01,8.679565e-01
7.779301e-02,4.407258e-01
1.993315e-01,4.464006e-01
1.391575e-01,3.567400e-01
1.560334e-01,3.855004e-01
8.915062e-11,4.731595e-01
3.582595e-01,4.797019e-01
1.186622e-01,5.843476e-01
1.806851e+00,5.581411e-01
2.171352e-02,4.755260e-01
1.864498e-01,5.466684e-01
2.497829e-02,5.378787e-01
6.973147e-02,5.617057e-01
1.441176e-01,3.302457e-01
6.204891e-02,4.132793e-01
4.292734e-02,4.760600e-01
1.184563e-01,6.203959e-01
2.058083e-04,4.685057e-01
7.075183e-02,4.465030e-01
6.083386e-02,5.084596e-01
6.763335e-02,4.670013e-01
1.216996e-01,4.630050e-01
4.798257e-02,4.382753e-01
4.431861e+00,1.281431e+00
1.705079e-01,4.386556e-01
5.476340e-02,5.896841e-01
2.552602e-02,4.880951e-01
1.320820e-01,7.168544e-01
1.121429e-01,3.990873e-01
1.247960e-01,8.035611e-01
6.845234e-02,6.771208e-01
9.395516e-02,4.319498e-01
5.426094e-01,6.603294e-01
2.826939e-01,6.740078e-01
4.388827e-01,1.202898e+00
9.089852e-02,7.865243e-01
1.154983e-01,5.174272e-01
4.871862e-03,5.252238e-01
1.243492e-01,5.639842e-01
5.677432e-02,4.333043e-01
4.302769e-02,5.387666e-01
1.141540e-01,4.019222e-01
3.386216e-03,5.354126e-01
1.353561e-01,5.527108e-01
3.143605e-02,4.765186e-01
1.479208e+00,7.125877e-02
1.442685e-01,5.140038e-01
2.337221e-02,5.190143e-01
4.642880e-01,8.815635e-01
3.922146e-02,4.275240e-01
6.733685e-02,4.493049e-01
8.809875e-02,7.125778e-01
4.980688e-01,5.578418e-01
7.664863e-02,5.896672e-01
1.928729e-01,3.821835e-01
1.885900e-01,4.574564e-01
1.492788e-01,5.838941e-01
1.860288e-07,4.283101e-01
2.073297e-01,5.071121e-01
1.604016e-01,5.478585e-01
3.102406e-01,7.141950e-01
4.159952e-02,5.466658e-01
2.533984e-03,5.361118e-01
2.729532e-04,4.191165e-01
4.000323e-01,7.033110e-01
1.035759e-01,3.926617e-01
5.235595e-02,4.257172e-01
1.271035e-01,4.652985e-01
1.055310e-01,5.457874e-01
5.031712e-01,4.953513e-01
2.594689e-01,5.517885e-01
3.589283e-02,4.795893e-01
1.481930e-01,4.973290e-01
2.143315e-02,4.309068e-01
1.274114e+00,4.772371e-01
3.671670e-06,4.484894e-01
4.317277e-01,5.248179e-01
1.146306e-01,5.226241e-01
2.376810e-01,7.400923e-01
4.974228e+00,8.957448e-03
1.150795e-01,4.258299e-01
1.618096e-01,8.045863e-01
1.765139e-02,4.698891e-01
5.587776e-02,4.004029e-01
4.440817e-02,5.466038e-01
1.221124e-01,5.770318e-01
1.460473e-01,4.318157e-01
1.528573e-01,5.271389e-01
2.595859e-01,5.180556e-01
4.268569e-01,6.207552e-01
2.126961e-01,4.197379e-01
1.051641e-01,4.249955e-01
2.209989e-02,4.438145e-01
2.665794e-02,4.983787e-01
3.417391e+00,5.877502e-03
5.280304e-02,4.163805e-01
1.775064e-01,4.239435e-01
1.459335e-01,5.373047e-01
9.794845e-01,6.404905e-01
9.316875e-02,7.779342e-01
8.304993e-02,6.898107e-01
1.267563e-01,3.400055e-01
1.210662e-01,5.038890e-01
1.936222e-01,4.264180e-01
3.697646e-06,5.269756e-01
2.473275e-01,5.370833e-01
8.106562e-02,3.999188e-01
5.137308e+00,1.128534e-01
8.501580e-02,4.863762e-01
2.678041e+00,3.187424e-01
5.703740e-02,3.949665e-01
8.810467e-02,5.623280e-01
2.141365e-02,5.340760e-01
1.019622e-01,4.590171e-01
1.433526e-01,4.407540e-01
4.774057e-02,6.156284e-01
1.965234e-01,4.644018e-01
3.621629e-10,5.000691e-01
1.620310e-03,5.054670e-01
1.174366e-02,5.375252e-01
1.888544e-01,3.877231e-01
1.483524e-01,9.591454e-01
3.401745e-02,5.820388e-01
3.875552e-04,5.199332e-01
2.740301e-02,6.054056e-01
1.375081e-01,3.737905e-01
2.824273e-03,5.201764e-01
3.465289e-01,7.584221e-01
1.769422e-01,6.979869e-01
2.153715e-01,4.422098e-01
5.945577e-02,4.445589e-01
5.667685e-02,5.724169e-01
3.321230e-01,1.007943e+00
8.656725e-02,5.164977e-01
1.313551e+00,7.700359e-01
7.709326e-02,1.138706e+00
1.703677e-01,6.585319e-01
4.587658e-01,7.179097e-01
1.430507e-01,3.939100e-01
3.065272e-02,4.749189e-01
1.972261e-01,5.871607e-01
2.448959e-01,5.839276e-01
8.614861e-02,4.944166e-01
6.446053e-02,5.391209e-01
1.142307e-01,7.673805e-01
4.860514e+00,3.590218e-03
4.084643e-01,5.125107e-01
5.607982e-02,5.527246e-01
9.945589e-04,4.521613e-01
4.448221e-02,4.568446e-01
1.767091e-02,4.855703e-01
4.638679e+00,5.329726e-02
1.591269e+00,9.570274e-01
5.895811e-02,4.786042e-01
1.622393e-01,4.185303e-01
9.682056e-02,5.641465e-01
6.255517e-02,4.958350e-01
1.146633e-01,5.225972e-01
4.726160e+00,4.655235e-02
2.642166e-01,6.129245e-01
9.321962e-03,4.632685e-01
8.180594e-02,4.553729e-01
6.256580e-02,4.173401e-01
7.935947e-02,5.829581e-01
2.453954e-01,6.328520e-01
4.730545e-02,4.679829e-01
1.301224e-01,4.785188e-01
2.957434e-02,5.542898e-01
1.449872e-01,4.640799e-01
9.737235e-02,4.067215e-01
1.236625e-01,5.914572e-01
7.489031e-01,1.143343e-01
1.390917e-01,8.949849e-01
7.390960e-02,4.842764e-01
1.679968e-01,5.707787e-01
2.390493e-01,6.649684e-01
1.208231e-01,4.323296e-01
2.682434e-01,6.611972e-01
1.050316e-01,4.408014e-01
3.757331e-03,6.494736e-01
1.513702e-02,6.737737e-01
8.355714e-01,5.724451e-01
7.573896e-02,3.661674e-01
5.397198e-02,7.181538e-01
3.711199e-02,4.942862e-01
6.191638e-01,5.818203e-01
1.759579e-02,3.936910e-01
2.837978e-01,4.286737e-01
4.557689e-02,4.828559e-01
1.611853e-01,7.266124e-01
5.531616e-03,5.695317e-01
1.529829e-01,5.382481e-01
2.233516e-01,4.962087e-01
7.719628e-02,5.959453e-01
3.228356e-01,5.581009e-01
6.256074e-02,5.563769e-01
3.353764e-01,5.836907e-01
5.963985e-02,3.591943e-01
1.130308e-01,4.835724e-01
9.586262e-02,4.842039e-01
9.893162e-02,4.301092e-01
2.906381e-01,3.221505e-01
2.195852e-01,5.082689e-01
1.859789e-01,5.963889e-01
3.699444e-01,4.925391e-01
8.409146e-02,4.019210e-01
1.310591e-01,6.078131e-01
1.126524e-01,4.435185e-01
2.783226e-02,4.929303e-01
2.306167e-01,4.700657e-01
2.310253e-01,3.755470e-01
1.191580e-01,6.893366e-01
6.468234e-05,4.798338e-01
3.488840e-02,5.050805e-01
1.550166e-03,5.055245e-01
2.996771e-01,5.389803e-01
2.291659e-02,4.879937e-01
7.634584e-02,5.944006e-01
2.002186e-01,3.828838e-01
4.176822e-01,3.008835e-01
2.935727e-02,6.508938e-01
3.272800e-01,6.643350e-01
2.273371e-01,5.041510e-01
1.325981e-06,5.157652e-01
5.051155e+00,1.901206e-03
1.016412e-01,4.660078e-01
5.233882e-02,6.118556e-01
2.067047e-01,4.089566e-01
9.217978e-02,6.374706e-01
4.291779e-01,7.713383e-01
9.755073e-02,5.254256e-01
4.295876e+00,1.613352e-02
2.697012e-01,7.541844e-01
4.098916e-01,7.221310e-01
7.756384e-02,4.723083e-01
9.655365e-01,5.734485e-01
1.400152e-01,5.825249e-01
7.051904e-01,6.390568e-01
1.177400e-01,3.653429e-01
1.347811e-01,7.123973e-01
6.923809e-02,4.746545e-01
9.039784e-02,4.281412e-01
4.750408e-02,4.364255e-01
6.776023e-01,6.594501e-01
1.835518e-01,5.512886e-01
4.437786e-01,6.741451e-01
3.504602e-02,4.892539e-01
4.467850e-02,5.531094e-01
2.265939e-01,4.756088e-01
1.054483e-02,4.981445e-01
1.300563e-01,6.019084e-01
1.962646e-01,3.323090e-01
9.500436e-01,8.844077e-01
4.110924e-03,4.922112e-01
8.774988e-02,5.805588e-01
4.278838e-01,7.342782e-01
1.942101e-01,4.326629e-01
4.539859e+00,6.037692e-02
4.509606e-02,4.989477e-01
2.582825e+00,6.547493e-01
3.123640e-02,4.923797e-01
1.213413e-01,4.789962e-01
3.084747e-01,6.326728e-01
2.374968e-01,4.868452e-01
1.151435e+00,4.119510e-01
3.864124e-02,5.333958e-01
4.856786e-01,5.231585e-01
2.328751e-01,7.171260e-01
2.613471e+00,7.347357e-02
4.209256e-01,8.341707e-01
6.843990e-02,4.102780e-01
5.263194e-02,5.353714e-01
2.762226e-01,7.084694e-01
1.861456e-01,2.912773e-01
1.936709e-01,4.106807e-01
6.295874e-02,6.143544e-01
1.498817e-01,5.093982e-01
5.822543e-02,6.092681e-01
7.471816e-02,5.979785e-01
9.085360e-02,8.314104e-01
5.749332e-02,6.614455e-01
1.615674e-01,4.235665e-01
6.139086e-05,5.157159e-01
9.154592e-02,4.877457e-01
1.218095e+00,5.680489e-01
6.260637e-01,9.865295e-01
7.796573e-01,9.860857e-01
8.240263e-02,4.773079e-01
2.084494e-03,5.521778e-01
1.794931e-02,5.122514e-01
1.216080e-01,4.585951e-01
1.922374e-01,4.073720e-01
7.330932e-02,5.027086e-01
8.365603e-01,6.276953e-01
1.477815e-01,4.326352e-01
2.527253e-01,3.532575e-01
3.573711e+00,4.023546e-01
1.146374e-01,4.329200e-01
2.634173e-01,3.399999e-01
5.001221e-01,5.516722e-01
2.758418e+00,7.775304e-01
2.716906e-01,4.610321e-01
4.608362e-01,9.045778e-01
5.029332e+00,7.362567e-02
1.511995e+00,8.180069e-01
1.785239e-01,8.222670e-01
1.821328e-01,9.538536e-01
3.262496e-01,6.629379e-01
5.541127e-02,4.299377e-01
8.062338e-02,4.428884e-01
7.266390e-02,4.628738e-01
4.168893e-02,5.219253e-01
3.642133e-01,5.106962e-01
4.400395e-02,5.693601e-01
8.365780e-02,5.211273e-01
2.405086e-01,6.996505e-01
5.321347e-02,5.326518e-01
7.997129e-02,4.277262e-01
1.287196e-01,6.411270e-01
1.560106e-01,6.478871e-01
2.828103e-02,4.387430e-01
3.184715e-02,6.914577e-01
3.314444e-02,5.446332e-01
7.713828e-02,7.933295e-01
9.966012e-02,7.658808e-01
4.496124e-01,4.922040e-01
1.267324e-01,5.620289e-01
1.803514e-01,4.193668e-01
1.966808e-01,4.328783e-01
1.579734e-01,4.399701e-01
4.552118e-11,5.381909e-01
7.106290e-01,1.816171e-01
3.988581e-02,7.633482e-01
1.686520e-03,6.534152e-01
4.225241e-02,4.967959e-01
7.939836e-02,6.995342e-01
1.150986e-01,4.661786e-01
2.004934e-01,6.024197e-01
1.268887e-01,7.951167e-01
2.417490e-01,5.349330e-01
6.154386e-02,6.087879e-01
2.853461e-02,4.878691e-01
1.080922e+00,6.626581e-01
1.596851e-02,3.972686e-01
7.949689e-02,4.146607e-01
3.621750e-01,6.760684e-01
1.242445e-01,4.654018e-01
7.406163e-02,6.254267e-01
4.324411e-02,4.488906e-01
3.853464e-02,5.065737e-01
4.762395e-02,7.816663e-01
1.597381e-01,3.847032e-01
8.146654e-01,7.420857e-01
1.039527e-01,5.179304e-01
1.643589e-01,5.513390e-01
1.944045e-01,5.154746e-01
1.044183e-01,3.493637e-01
3.302674e-01,6.058223e-01
3.037909e+00,4.943923e-01
1.066397e+00,9.683382e-01
6.020546e-02,5.067328e-01
9.043381e-02,5.514471e-01
3.974777e-02,6.580658e-01
1.720557e+00,8.285236e-01
4.849152e-02,4.131907e-01
1.883842e-01,7.132659e-01
